4.971243020306503e-05 -0.0001493253198761467
0.0001032149718996909 -0.0001372496637379306
2.514405413489381e-05 -5.350782572703119e-05
-0.0001123361217978519 5.149198966198848e-05
-0.0001833377259062241 0.0001123299296679063
-0.0001058162140024313 9.816256838463992e-05
9.356641916314147e-05 2.940147519933193e-05
0.0002956106788691048 -4.738927158745128e-05
0.000372853511434165 -9.340713558972019e-05
0.0002778198256243682 -9.020386301229574e-05
6.927654502874033e-05 -3.636094426885269e-05
-0.0001390591679180922 5.065049144026579e-05
-0.000260219893871257 0.0001294571615319371
-0.0002778243574702944 0.0001504046961203462
-0.0002239602635409272 9.527102360925679e-05
-0.0001270318422028998 3.376275595527811e-06
9.795630182427116e-06 -5.524138822178984e-05
0.0001790865859526977 -4.455521122728256e-05
0.0003306821942382672 5.119849930835105e-07
0.0003819441372775616 1.041204819409595e-05
0.0002816692677247764 -4.207606198161109e-05
6.701911833452049e-05 -0.0001062561919689928
-0.0001507508886707872 -0.000101480562662895
-0.0002669178082771794 -1.797893359261728e-06
-0.0002552072542977794 0.000130475757736216
-0.0001628838773700619 0.0001979889911614067
-4.158496588370144e-05 0.0001559931938590022
0.0001056224116430572 5.01737079881734e-05
0.0003015159599223187 -2.73632287495038e-05
0.0005257582115916603 -1.882897263691129e-05
0.0006868332500076685 5.390154817419003e-05
0.0006807529113128702 0.0001124821623317089
0.0004843733097086886 8.791879337465897e-05
0.000185432951229984 -2.477571718834981e-05
-8.716856217460459e-05 -0.0001613039441233005
-0.0002646604450840843 -0.0002328898641556818
-0.000369953062098382 -0.0001890305490474147
-0.0004546035459007387 -5.425642851512345e-05
-0.0005188522024848948 8.905055672564477e-05
-0.0005072698605269205 0.0001617281644672775
-0.0003833821223402508 0.000146900372373608
-0.0001939992775347756 9.884364847454442e-05
-4.314404774025915e-05 9.331274213035582e-05
2.823042327006947e-06 0.0001618787166606569
-2.251980121364831e-05 0.0002676333441510059
-2.44995667149329e-05 0.0003418852443549112
5.379056812186671e-05 0.0003454751543281052
0.0001777299969815745 0.0002973662632420131
0.0002655684845554212 0.0002469176975035377
0.0002762926053589804 0.000221204178663806
0.0002439098166665589 0.0002012315756422139
0.000227924120089951 0.0001494437273082337
0.0002449803064502807 5.707967686687972e-05
0.0002609592989675079 -4.179203843586123e-05
0.000244777796567411 -0.0001081387262328934
0.0002109978468163797 -0.0001480754610771797
0.0001961460063098322 -0.0002151622678168068
0.0001995224274822579 -0.0003506354502570936
0.000167584895205016 -0.0005182606387723215
5.122887251700567e-05 -0.0006096046656017906
-0.0001250001113028099 -0.0005309527234728678
-0.000265374778602302 -0.0002936232321609715
-0.0002849497039877259 -1.32708508961758e-05
-0.0001888533643506271 0.0001891264755066312
-6.531272742410247e-05 0.0002864965799144858
8.327861883096108e-07 0.0003412627845058954
4.64393067896075e-06 0.0004042153588234187
1.207946994242611e-05 0.0004340081146549078
8.145594557059548e-05 0.0003365683363696118
0.0001995847390363274 8.793650516993032e-05
0.0002933962948165305 -0.0001995250887266031
0.0002968842978281058 -0.0003552185307638528
0.0002040136091913127 -0.00030211623619027
6.456886182916333e-05 -0.0001240770093396899
-5.884755397431407e-05 2.316240661185961e-05
-0.0001262832822359545 6.150310357656284e-05
-0.0001258121404608624 4.296109661485696e-05
-6.28266909575973e-05 5.970452407253684e-05
4.516895406150207e-05 0.0001233136535776587
0.0001662565105531314 0.000150629770491635
0.0002572070059588316 6.572207441995919e-05
0.0002781733973893547 -0.0001028379472532277
0.0002108040034340714 -0.000238202624606139
6.899599633983499e-05 -0.0002434734674333695
-0.000100983270609047 -0.0001249100362983474
-0.000231178396446871 2.806382973173974e-05
-0.0002566441642407386 0.0001299262541434726
-0.0001523847257349974 0.0001595381165253405
3.729844598876651e-05 0.0001488017532351605
0.0002079477012569013 0.0001346051621278865
0.0002534467401487622 0.0001298450850267761
0.0001409081660259201 0.0001272558293857817
-5.744294661670543e-05 0.0001125301945421656
-0.0002097879200823042 7.12374140235581e-05
-0.0002197042525160313 -2.35298577055164e-06
-9.754298333598861e-05 -9.040798199468741e-05
4.971243020306503e-05 -0.0001493253198761467
-0.0001357160571397938 -8.244166253695808e-05
0.0001154953545950209 -8.146131496726303e-05
0.0002531823944497131 -1.647582208178104e-05
0.0001962085553651792 9.215393405406178e-05
1.760683151728686e-05 0.0001791411532849984
-0.0001206828567235362 0.0001812885919977934
-0.0001011980453318259 8.089059929447279e-05
5.853071472056361e-05 -8.4196081602117e-05
0.000230078096504753 -0.0002375497182279106
0.0002850789308388918 -0.0002929932537189048
0.000193310381296435 -0.0001946060199716805
2.740131111125076e-05 3.661964443374338e-05
-0.0001160872744115244 0.0002847670200070197
-0.0001950266796727072 0.0003921979265933659
-0.0002271644960415927 0.0002709783496303804
-0.0002325588309023915 -1.480178698888925e-05
-0.0001888974084556025 -0.0002831863505569007
-5.652704364344085e-05 -0.0003721010519179217
0.0001525384810310489 -0.0002610532326706681
0.0003433381087157858 -6.420853718111396e-05
0.0003927275757550533 9.189613369557616e-05
0.0002487583354903592 0.0001775960875960494
-1.795665459138147e-05 0.0002484885212073997
-0.0002608704183663552 0.0003398776510941374
-0.0003594452169263749 0.0003953522431050215
-0.0002865421232312452 0.0003152726774784875
-9.432443642728416e-05 7.441593232553086e-05
0.0001464892533589295 -0.000221600094629293
0.0003858574453622216 -0.0004090087535928882
0.000586391843118744 -0.0004011032897142298
0.0007031645324553096 -0.0002559153237971852
0.0006943387269087673 -0.0001153867643218392
0.0005572357333379845 -7.922578042722724e-05
0.0003437036157580991 -0.0001305245512353778
0.000127567666911444 -0.000170243729902178
-4.683279328733129e-05 -0.0001143704106953989
-0.0001814882953715361 3.836831993709537e-05
-0.0002923422900969565 0.0002178603770333673
-0.0003705316779388337 0.0003466150213983586
-0.0003870517325669813 0.0003937895887615397
-0.0003369701158751676 0.0003814800050712715
-0.0002677534702827002 0.0003537919677094563
-0.0002496198117183703 0.0003432601840967632
-0.0003118433333957451 0.0003572346268104616
-0.0004122140804199475 0.0003829471447990739
-0.0004755210514649244 0.0003996227388723869
-0.0004637450333139351 0.0003905633729224697
-0.0004068526739345407 0.0003526490170508506
-0.0003660665023626242 0.0002984860516845411
-0.0003726833108177653 0.0002467754751519067
-0.0004064956945583589 0.0002069130977017642
-0.0004290557978968067 0.000173718135615249
-0.0004270752775223035 0.0001401095654385709
-0.0004171918617986092 0.0001128766300512548
-0.0004143796277228443 0.0001075381806331721
-0.0004089712619417021 0.0001216848713297555
-0.0003822871557577929 0.0001197061532640155
-0.0003396365164663569 5.980362239330753e-05
-0.0003155635282754472 -5.374856750740061e-05
-0.0003386637054393553 -0.000152797676257907
-0.0003931729437939081 -0.0001585438649474102
-0.0004224554995525632 -6.384431969727775e-05
-0.0003755231595871983 4.483468815671553e-05
-0.0002514869635945817 6.381225163854193e-05
-9.913141048632238e-05 -2.281488298011712e-05
2.523692972298663e-05 -0.0001225044001943863
9.991827693398147e-05 -0.0001277355409715897
0.0001445797187344352 -2.680517770889485e-05
0.0001937323037290091 8.989599695152835e-05
0.0002651640006443412 0.0001353132077823099
0.0003459039831124087 0.0001211658132317338
0.0003981633181170859 0.0001303883824571151
0.0003780427297374385 0.000197309426381001
0.0002614765972736189 0.0002409714247016755
6.885912575920975e-05 0.0001436687742383418
-0.0001300842983505352 -0.0001013028667831219
-0.0002470159502942264 -0.0003401013536259566
-0.0002301235522008562 -0.0003787394685083724
-0.0001025261974238516 -0.0001632197474545313
5.303606659416919e-05 0.000159429189821187
0.0001552506475649847 0.0003596941185807394
0.0001784596090943849 0.0003090784141938518
0.0001522898518952915 6.41563176776819e-05
0.0001132487221271126 -0.0002023007892998375
6.368902890268077e-05 -0.0003368653279739074
-1.644550667927558e-05 -0.0002903820645922212
-0.0001202462311505028 -0.0001130694654906558
-0.0001884979889838985 9.873151803650981e-05
-0.0001495753157353022 0.0002536740713133506
4.454837799252039e-06 0.0002993872157216166
0.0001823230001088436 0.0002408370373320848
0.0002473492577579841 0.0001332956341153027
0.0001268933288976445 4.265628628399631e-05
-0.0001153175749480946 -2.436647802414279e-06
-0.0003138123831156505 -2.251244507053152e-05
-0.0003239432380944489 -4.986826482156385e-05
-0.0001357160571397938 -8.244166253695808e-05
-0.0002842980854397057 -2.231765797670923e-05
-1.098976947765169e-06 9.174913272904576e-08
0.0002847685231049233 3.806126814058297e-05
0.0003773735387401787 9.32609737282818e-05
0.0002426283168158347 0.0001402966138100125
1.586831584938714e-05 0.0001478319119468248
-0.0001257958359113887 0.0001000962174797368
-0.0001074866564778297 2.648104495182905e-06
4.918211317817587e-06 -0.0001159114504633328
8.985384905377982e-05 -0.000199689383942649
8.592812452315719e-05 -0.0001803508815371254
2.932427841872171e-05 -2.874183730207095e-05
-9.697594434763882e-06 0.0001905748907019759
-1.307079645180939e-05 0.0003315731202189012
-3.021678467869315e-05 0.0002688163925168066
-0.0001091825286802756 1.286663695676018e-05
-0.0002218911478876906 -0.0002768187812462033
-0.0002697365634141022 -0.0004118629140332447
-0.0001724815792471665 -0.0003240576052881223
4.517297746318218e-05 -0.0001033428043426827
0.0002577840559407347 0.000105046406537106
0.0003361548335093099 0.0002309199522903089
0.0002500693750675931 0.000303924505549565
8.544067262995462e-05 0.0003641368334619889
-3.389404327628656e-05 0.0003776328031413281
-4.436609298422014e-05 0.0002640897421035285
2.345847630518478e-05 7.718161552907121e-06
9.235232407063574e-05 -0.0002804193588377126
0.0001121164223490302 -0.0004332442653175334
9.317146052675685e-05 -0.0003703906236023065
8.213311139706529e-05 -0.0001690152036578868
0.0001139018475092664 1.006033581053049e-05
0.0001845144156883256 6.663763719306554e-05
0.0002595588152043336 3.488928928062771e-05
0.0003016092906249166 2.417580106084963e-05
0.0002930570195042757 9.916770864620755e-05
0.0002426654081964527 0.0002219358507204645
0.0001765473500060221 0.0003024780124862086
0.0001197309226766516 0.0002915788550995918
7.796752790485074e-05 0.0002183847688241026
3.220236556293139e-05 0.0001459236746406097
-4.712826861470079e-05 0.0001048603377858363
-0.0001743252428059454 7.698721782679139e-05
-0.0003323649743056556 3.443819893694167e-05
-0.0004818476753881337 -2.073490830807296e-05
-0.0005879056539143423 -6.26718738878996e-05
-0.0006413128107504439 -7.893576598926322e-05
-0.0006569612574524601 -8.785026077157761e-05
-0.0006557724929179541 -0.0001134663010390366
-0.0006498997215928443 -0.0001503474161796069
-0.0006423557380792075 -0.0001630543001150883
-0.000634029630813201 -0.0001217542755121875
-0.0006256308878629305 -3.116794580989353e-05
-0.0006134644512909508 7.982154492597002e-05
-0.0005887602915262468 0.0001902566057628375
-0.0005456084155193978 0.0002979089305148752
-0.0004892742273121468 0.0003980812242931895
-0.0004336782110223291 0.0004662653698703544
-0.0003893144091512066 0.0004770799729500128
-0.0003549240044101427 0.0004391497525505639
-0.0003217194466878718 0.0003938618679390237
-0.000283408358318951 0.0003654590130170801
-0.0002392056764504048 0.0003183596581705113
-0.0001885657400613157 0.0001846205435755943
-0.0001293362124862444 -5.266846605935211e-05
-6.592997793829463e-05 -0.0003097872795509635
-1.58831134907503e-05 -0.000452824430531039
2.045431212558043e-06 -0.000406953693119747
-6.036750112592268e-06 -0.0002135121351665103
1.420371121248838e-06 2.173389659390167e-05
7.245555479714161e-05 0.0002251182773382618
0.0002097342287228805 0.0003865121989763774
0.000346967481019288 0.0005007495865935846
0.0003888749898657404 0.0005090738809761698
0.0002895684464663589 0.0003347698066356028
9.852620808678536e-05 -1.01009425253334e-05
-7.473146492167927e-05 -0.0003712416990036042
-0.0001503286906044065 -0.0005367897198292606
-0.0001390868194791681 -0.0004009453018453634
-0.0001159180238328668 -5.683522602315367e-05
-0.0001320306555146628 0.0002689321759676904
-0.0001556615250041375 0.0003807263498609103
-0.0001057896627651358 0.0002383670622152291
5.001141423023513e-05 -4.294547818423009e-05
0.0002328708701784072 -0.000288426785003387
0.000298883428566553 -0.0003687145848474768
0.0001653116602057579 -0.0002549494878159827
-9.644262550878424e-05 -1.723590240526095e-05
-0.0002961751066305886 0.0002178720102898671
-0.0002729506957452576 0.0003344712584742752
-3.465005164208607e-05 0.0002915486988145553
0.0002351321104736336 0.0001431229126812103
0.0003185934340830412 -6.96975317941021e-06
0.000141219760419597 -8.296703983542791e-05
-0.0001629302789122358 -8.166093107897301e-05
-0.0003556305316267733 -4.903352687990204e-05
-0.0002842980854397057 -2.231765797670923e-05
-0.0002763289148451054 -2.647522833465575e-06
-0.0001397295689658233 5.871527559869239e-05
0.0001234463120960623 8.626705311769832e-05
0.0003157459054278564 7.03959906832366e-05
0.0003206980154452319 2.995272892394956e-05
0.0001718748964824923 1.102731363867161e-05
-7.246711266200465e-06 5.17885765625455e-05
-0.0001194364063804367 0.0001359197245435852
-0.000156193641762634 0.0001903562492880042
-0.000163272989052589 0.0001488951494660906
-0.0001636744551604119 2.595903445171528e-05
-0.000126786739017448 -8.335165613734058e-05
-1.546206225617192e-05 -9.101023593105064e-05
0.000143665918672546 -6.03932381530094e-06
0.0002496404150087424 7.179842013361909e-05
0.0002013610602059007 5.360252277366721e-05
-5.818042328770529e-06 -4.8154275890704e-05
-0.00025351467451171 -0.000136678866542066
-0.0003775348749012911 -0.0001341844409012266
-0.0002887556132158839 -5.701787204518063e-05
-3.639149219321436e-05 1.517426366448393e-05
0.0002373365373652033 3.202012060945327e-05
0.0004071627422615412 1.720601649642836e-05
0.0004431736893888794 2.006248891156124e-05
0.0003974864921105444 4.212464214384423e-05
0.0003260530951014082 3.410110439180728e-05
0.0002280922793564156 -3.101864457111162e-05
6.09189819543847e-05 -0.0001006245308430481
-0.0001893883391948217 -8.008037166709718e-05
-0.0004561703863118097 6.63144436825709e-05
-0.0006163733507510448 0.0002625110103942494
-0.0005763416245067123 0.000381475418886783
-0.0003464168559397883 0.0003616467234607793
-3.909745035739846e-05 0.0002583018848631438
0.0002089697204037108 0.0001773903808759207
0.0003265866466836673 0.0001641789229736798
0.0003378472313689396 0.000164265698160097
0.0003156244823743123 9.327954217720405e-05
0.0003077710006388781 -6.506441012113033e-05
0.0003029173363009152 -0.0002387238830176701
0.0002592645104570203 -0.0003423638916251759
0.0001587777506869936 -0.0003623638099285387
2.960091601524575e-05 -0.0003609302531079755
-8.215766008269897e-05 -0.0004011460712306085
-0.0001559281908738941 -0.0004799443856026179
-0.0002071705148494579 -0.000540890362342376
-0.0002567196845922969 -0.0005451637588696286
-0.0002980631516479942 -0.0005153159379443239
-0.0003025290278791687 -0.0005027126858177664
-0.0002564245078113199 -0.0005205641132611108
-0.0001850425378520254 -0.000523463145136159
-0.0001326329914330671 -0.0004575942645339371
-0.0001192548658178425 -0.0003219101221041483
-0.0001238350602267112 -0.0001688404152983727
-0.0001129082297815284 -4.601974090255667e-05
-8.06467286899601e-05 5.017129954836943e-05
-5.235226683398243e-05 0.0001556138882668231
-4.805605916586323e-05 0.0002816749179660117
-5.260121896721131e-05 0.0003936237762419455
-3.230880247469337e-05 0.0004510119888515601
1.890207537235607e-05 0.0004569308170322138
6.085375053754305e-05 0.0004502286516822751
4.428422492919061e-05 0.0004472217778884079
-3.437914580384924e-05 0.0004077889412642817
-0.0001244740848962657 0.000276926194543264
-0.0001728068751385481 6.102939859137626e-05
-0.0001790543316365987 -0.0001507626974780469
-0.0001900023547682879 -0.0002527436121241664
-0.000235648221086429 -0.0002099380124218559
-0.0002792130118592642 -7.583380134477167e-05
-0.0002429715255163811 7.093043490354352e-05
-8.971913701875952e-05 0.0001935434029932386
0.000124927020915391 0.0002953211532301649
0.0002885200093741561 0.0003656997172361982
0.0003244057619323454 0.0003538380604845076
0.0002498665911881098 0.0002131484523161284
0.0001438970678062831 -3.006254113488622e-05
6.155156511868163e-05 -0.0002660917886176468
-1.450881870147675e-05 -0.0003721826195414917
-0.0001348595699689191 -0.0003019839592503028
-0.0002984300367565128 -0.0001154294944789707
-0.0004147881147273076 6.926094973336206e-05
-0.0003648180166342731 0.0001536952243571267
-0.0001152763380359906 0.0001102026296270766
0.0002173694233501437 -1.503460135045427e-05
0.0004250869057243443 -0.0001342878691728215
0.0003578667276320628 -0.0001669462842779409
4.95422924134715e-05 -8.606833023200175e-05
-0.0002884179681106513 6.188070770869876e-05
-0.0004138899615505785 0.0001845151429835214
-0.0002352097381246338 0.0002069776558788024
0.000115952413526792 0.0001241492271047456
0.0003826815430107225 -1.95917375830086e-06
0.0003786636321521365 -9.452751049161302e-05
0.0001274627626725655 -0.0001145256750734406
-0.0001646592849839506 -7.213514131353795e-05
-0.0002763289148451054 -2.647522833465575e-06
-9.259020147788213e-05 -3.799040925687139e-06
-0.0001696960367702037 7.299136620441111e-05
-8.704577107713903e-05 0.0001153014241309152
7.173726281087053e-05 7.120451814794673e-05
0.0001931364594053808 -4.027123978561908e-05
0.0002104637405208994 -0.0001180248183009544
0.0001262899311223627 -5.248946490111684e-05
-1.599860439401063e-05 0.0001635435491086068
-0.0001686488710669514 0.0003942859088559829
-0.0002908671552207098 0.0004526245672553976
-0.0003406275921871045 0.0002599255119191616
-0.0002767111738209662 -7.192913270583549e-05
-8.696714345035706e-05 -0.0003222134349478615
0.0001770641800274348 -0.0003389853975415755
0.0003996004880669657 -0.000151872620326192
0.000455411333557946 7.56898636829001e-05
0.0002936096784280295 0.0001948795649915269
-1.157215181198773e-05 0.0001752510255626538
-0.0002920021606647829 8.321842155388676e-05
-0.0003880053237229212 -1.218381538578409e-05
-0.0002505998259015437 -9.633593628274074e-05
3.379139885238236e-05 -0.0001843718156244573
0.0003133783451489701 -0.0002684076048462083
0.0004753544148175568 -0.0003088594103558283
0.0004989447894097195 -0.0002743839924230061
0.0004236173682413933 -0.0001736215088225695
0.0002797226527046513 -3.949646105741332e-05
5.999973856629613e-05 0.0001076554261905808
-0.0002391095070343942 0.0002657862096238721
-0.0005574943872418666 0.0004187225143430752
-0.000771112219004205 0.0005148875620143099
-0.0007720293906908253 0.0004984368104341126
-0.0005622473492982582 0.0003676653329953163
-0.0002685714134970207 0.0001919851294692362
-5.329118202583302e-05 5.659025638588249e-05
5.599793480288412e-06 -1.45327922674963e-05
-4.105834086705808e-05 -7.514653356221644e-05
-8.00562867924013e-05 -0.0001909490430779395
-4.44854735205821e-05 -0.0003591297581255913
3.943211759199652e-05 -0.0005006163147110552
0.0001030069642704271 -0.0005365694987282636
0.0001188701502096196 -0.0004695885030511271
0.0001259059678583818 -0.0003831689559341959
0.000174313282465125 -0.0003594855388994931
0.000259577187838952 -0.0004024841898045832
0.0003238101068823345 -0.0004460129498748245
0.0003233391340303382 -0.0004334580991567494
0.0002837145217238284 -0.0003789030269988084
0.0002765616382964337 -0.000344212648048508
0.000342213804809039 -0.0003629879435412373
0.0004450178502672236 -0.0004013751173787923
0.0005114408167896252 -0.0004005367705078465
0.0005066614975349969 -0.0003490433650919476
0.0004628113984668022 -0.0002980491602687608
0.0004307595456843914 -0.0002998347834167982
0.0004175783591090338 -0.0003421361736612875
0.0003863282637883324 -0.000357590904724214
0.0003163369654947854 -0.0002993549453965907
0.0002454042868245775 -0.0001938669072291267
0.0002346023629999301 -0.0001064674973187598
0.0002912180740464416 -5.889308496322939e-05
0.0003425021164793428 1.961712188410437e-06
0.0003002806645303097 0.000141378775051304
0.0001517044423881522 0.0003482088605949653
-2.348099473478655e-05 0.0005234267660983626
-0.0001304037931437213 0.0005650362465903292
-0.0001486018368860561 0.0004604846234305987
-0.0001391761164203231 0.0002894202102517335
-0.0001675039481817981 0.0001397870514332916
-0.0002302516370164337 3.351120113842141e-05
-0.0002643413518015857 -6.032622461052347e-05
-0.0002206412428696734 -0.0001515012320169737
-0.0001165892253270503 -0.0001893211883857141
-1.309645157829014e-05 -0.0001102667297939216
5.073295562634944e-05 7.724710393226842e-05
8.845443465456302e-05 0.0002663333183477989
0.0001315668275626743 0.0003205043645157781
0.0001743313562635396 0.000179825100054983
0.0001644565504199319 -8.800797823200426e-05
5.402320750445616e-05 -0.0003315401969469778
-0.0001394963753804505 -0.0004151895249202707
-0.0003233763202623094 -0.0003008041888565992
-0.000385287661682806 -6.229450290945994e-05
-0.0002732270984189741 0.0001660667179055005
-4.041230088242164e-05 0.0002704804506368319
0.0001787314343338282 0.000219593315755698
0.0002502624925516643 7.288135245953478e-05
0.0001308759818345207 -6.694590337743859e-05
-9.426686231501355e-05 -0.0001233155730049218
-0.0002604174136806471 -8.821769270853173e-05
-0.0002353772675336914 -1.201768390050756e-05
-1.809233496691746e-05 4.270337717871794e-05
0.0002541982671526613 4.360885475669521e-05
0.0004030977282503443 1.386866605257003e-06
0.0003388603533637999 -4.451452054430549e-05
0.000121477916826395 -5.197049838048885e-05
-9.259020147788213e-05 -3.799040925687139e-06
0.000159858962431614 7.796996550225978e-06
-5.182937420898304e-05 4.616851868300962e-05
-0.0001901050374805467 0.0001120015478638402
-0.0001801555948510637 0.0001132477836127829
-4.922289908311372e-05 1.097328396589492e-05
0.0001001444171111758 -0.0001199778530128453
0.0001625363286693679 -0.000139677340512624
9.608374170202497e-05 2.460811275253383e-05
-5.905919801451695e-05 0.0002833225198229286
-0.0002151638556928847 0.0004330804994139226
-0.0002923615686784248 0.000325512312573261
-0.0002547850433857054 8.176294253538044e-06
-0.0001126146402007246 -0.0002995760796971208
9.278526694460924e-05 -0.0003835848735817698
0.0002987457427549077 -0.0002076116921292101
0.0004285230809200091 7.096149246652672e-05
0.0004162376387439728 0.0002458826014509844
0.0002516244902436766 0.0002259608778644481
8.95680225820061e-06 7.592063262711407e-05
-0.0001824288176534213 -7.741576026994046e-05
-0.0002215999877518211 -0.0001629154040516719
-0.0001095845657951724 -0.0001976399131081768
5.509782068091039e-05 -0.0002281883994094134
0.0001596168487301325 -0.0002620396667062082
0.0001634881404337188 -0.0002596940358643742
0.0001095674363455769 -0.0001818373896591165
5.711361861646554e-05 -3.346722406455885e-05
1.367705318576391e-05 0.0001355908043659196
-6.067616997830721e-05 0.0002632596320228069
-0.0001862508945893408 0.000306285047315807
-0.0003157030785573823 0.0002526642466672862
-0.000368038404390606 0.0001222922991005714
-0.0003150146296707862 -3.737809880387302e-05
-0.0002253554150516407 -0.0001672959652754641
-0.0002097780299504442 -0.0002279714617658314
-0.0003144468067533986 -0.000226823490302266
-0.0004703031898871071 -0.000211804515234113
-0.0005528316273375902 -0.0002266568619518935
-0.0004937415580299884 -0.0002649557734812412
-0.0003327311186466192 -0.0002707172037471994
-0.0001620306210513223 -0.0001921516562379146
-2.97452131037918e-05 -3.914503462812051e-05
9.270233982837557e-05 0.0001152562648179312
0.0002502533991486779 0.0001961940777982642
0.0004279754951008788 0.0001928036329151613
0.000551724531614909 0.0001622453874209542
0.0005672719511762401 0.0001678281378879212
0.0005062279091018226 0.000215713855936466
0.0004599093003211734 0.0002554552216377139
0.0004872400117098434 0.0002397099197482862
0.0005586593306471005 0.0001740399334103049
0.0005965770593687217 0.0001014088064244917
0.0005624285593566576 4.332356789573697e-05
0.0004899757514576539 -2.856890368826593e-05
0.0004322456526534563 -0.0001527999500835667
0.000393363190035581 -0.0003169230084772264
0.0003318024355250815 -0.0004531591359542468
0.0002303192147482907 -0.0005049999966467749
0.0001413423795825729 -0.0004902920233194834
0.0001419820604454963 -0.0004808514123699817
0.0002426641863779285 -0.0005117310922919744
0.0003563844241095435 -0.0005213795200925232
0.0003730879835222885 -0.0004001961740466512
0.0002652522031903841 -0.0001072510445853958
0.0001131725141276283 0.000266627481411658
2.500490250040508e-05 0.0005605525025654863
3.779565229033847e-05 0.0006700261587635392
9.780200859672378e-05 0.0006111624476565441
0.0001258341920504419 0.0004671828407418232
8.745279496751268e-05 0.0002901224013925094
8.434365236090185e-07 7.198589883160815e-05
-0.0001029298618397721 -0.0001893469928294834
-0.0002057800375596435 -0.0004189283506395372
-0.0002891124965582094 -0.0004875377773354111
-0.0003162735756505547 -0.0003225207823756863
-0.0002505709451928923 2.010548100859127e-06
-9.580032617782951e-05 0.0002931904409244141
9.007775654862717e-05 0.0003719553466268847
0.0002291010145871675 0.0002003560421318844
0.0002711493327319166 -9.715354988476413e-05
0.0002102834249714947 -0.0003255933238660438
6.811462270255989e-05 -0.0003468568609423167
-0.0001197249094337619 -0.0001550701747719323
-0.0002962329481333573 0.0001351654747995838
-0.0003828646023677717 0.0003639129935086644
-0.0003192356603905303 0.0004140351941803392
-0.0001228795198654622 0.0002676306845703585
9.639994993654e-05 7.757344457773713e-06
0.000205075774515979 -0.0002311243881675606
0.0001512491033957145 -0.0003364043003010222
1.140757445166012e-05 -0.0002749112041869777
-7.136383108050483e-05 -0.0001042077954048353
-7.792923824958239e-06 6.742374762956369e-05
0.0001634157767168166 0.0001488684346810746
0.0003096310477925576 0.0001215392196713413
0.0003127469332221819 4.5539462520584e-05
0.000159858962431614 7.796996550225978e-06
0.0003186611744844368 4.433899474972488e-05
0.0001261673360543896 1.48051147278269e-07
-0.0001349495438319406 6.433992618235688e-05
-0.0002839730052514341 0.0001492265557552783
-0.0002404909813251548 0.0001430966424200383
-6.916932915934713e-05 1.98000675667622e-05
8.882827655431139e-05 -0.0001284444695643119
0.0001330545727967666 -0.0001718492328075004
7.053542538167528e-05 -6.66240841305415e-05
-1.642383112650426e-05 9.741202412551363e-05
-5.813087691793325e-05 0.0001765466566082427
-5.121663293564639e-05 0.000107281342627498
-3.248494901042453e-05 -3.56610552740141e-05
-1.542921041912149e-05 -0.0001154065556870382
3.079950389483995e-05 -6.770480006861532e-05
0.0001343379501661426 3.960625786565164e-05
0.0002635786968874461 7.953629392199153e-05
0.0003345907761911663 -4.957722039942513e-06
0.0002850090642388854 -0.0001451988079051448
0.0001369538056465485 -0.0002158454334857389
-2.202519815539634e-05 -0.0001552311667734499
-0.0001223406939358346 -1.849382146464351e-05
-0.0001705496767998619 8.128395762371592e-05
-0.0002201688522940386 7.837899008691828e-05
-0.0002907199382185158 3.945419190637909e-06
-0.0003293218934296633 -5.859907948722528e-05
-0.0002620666753100836 -5.905108985452609e-05
-8.120050723361525e-05 -2.358105721976224e-05
0.000128409986079835 -2.265946062890163e-05
0.0002559528725191124 -0.0001026127311221048
0.000256556435914702 -0.0002448333568312731
0.0001742714647962233 -0.0003818848424542142
7.815721699595724e-05 -0.0004476222115519014
-1.289276690897665e-05 -0.0004172168842285291
-0.0001330651136929402 -0.0003122087468143136
-0.000301890767536138 -0.0001777236475763101
-0.0004692697153977995 -5.400699287870031e-05
-0.0005428628376355116 4.187918854325955e-05
-0.0004732978211860556 0.0001198658411785044
-0.0003044439894353748 0.0002065639535316612
-0.0001319203102721332 0.0003234732055208053
-1.391186774890469e-05 0.0004644290968433139
6.936312619927031e-05 0.0005910962152440394
0.000167245312345415 0.000657469815714087
0.0002819373418871479 0.0006484481729621935
0.0003546432154756351 0.0005975056708035825
0.0003308321381968416 0.0005616910582925934
0.0002276944265714803 0.0005731170439399483
0.0001238243107637253 0.0006132721528164828
8.164291889846504e-05 0.0006358705232770011
9.060562373817847e-05 0.0006131085551315898
9.290224543674712e-05 0.0005553268910644778
5.572201301765905e-05 0.0004861467409835223
2.390175014094836e-06 0.0004085085626658004
-3.023521829156024e-05 0.0003069095034718401
-4.77106787975916e-05 0.0001825913684340297
-9.101627967363165e-05 7.058607506482844e-05
-0.0001718186378017351 4.90429568162194e-06
-0.000233345676205291 -3.320671152694853e-05
-0.0001960154177528252 -0.0001136793663640051
-4.555393092640779e-05 -0.0002846764178366783
0.0001358811216948018 -0.0004987373041293294
0.0002368413915698169 -0.0006269165267337002
0.0002152975289945821 -0.0005635693066559466
0.0001287599421202329 -0.0003226584192993975
7.204528465496737e-05 -2.678285292528137e-05
9.368302162735882e-05 0.0001998413401946702
0.0001702290398204703 0.000322645752701357
0.0002433997871818735 0.0003823762200188802
0.0002643790171113621 0.0004055352235012213
0.0002069237434370075 0.0003523117841442181
6.528692264548723e-05 0.0001666989552353471
-0.0001352336191167118 -0.0001282767043570167
-0.0003273822082825319 -0.0004037465366138937
-0.0004264344594637359 -0.0005088048435798378
-0.0003874821972073941 -0.0003893200429447595
-0.0002399242679821145 -0.0001300443334244729
-5.567066150085464e-05 0.0001138506976370037
0.0001163311006063589 0.0002275570442476368
0.0002702195926298465 0.0001977857680317685
0.0003918437200354661 9.409842202482545e-05
0.000407644207184434 8.96643642067862e-06
0.0002240125294215724 6.540519782227723e-06
-0.0001544596249619812 9.737488502044172e-05
-0.0005533730491280041 0.0002333181710391596
-0.0007135190813549797 0.000323614023286228
-0.0004915738010933071 0.0002802121609588786
-1.419530133008629e-06 7.959265051238832e-05
0.000447157332591644 -0.0002018398245865909
0.0005768422235300529 -0.0004186992078912415
0.0003490641557825537 -0.0004460597592622971
-2.198436253876109e-05 -0.0002666604606841374
-0.0002493053410430054 1.189103367794887e-05
-0.0001907667618467514 0.0002280557077392393
6.546811878875236e-05 0.0002763514227298457
0.0002951420714058309 0.0001756800333209192
0.0003186611744844368 4.433899474972488e-05
0.0002796416261364682 9.854796169343827e-05
0.0002230746142945211 -2.292030882937556e-05
7.389205040160571e-06 -1.298790307410466e-05
-0.0001975498013463551 0.0001068345612573902
-0.0002585055884799776 0.000211391793915728
-0.000166769425361479 0.0001754739726266754
-1.750434659842843e-05 -1.63421141212094e-05
8.945845012736916e-05 -0.0002471717184902958
0.0001306111728838951 -0.0003569337491937877
0.0001485989740926196 -0.0002695039493836187
0.0001741741039295974 -4.861624276722133e-05
0.0001751382334603483 0.0001618200196974525
9.514514559010648e-05 0.0002519992460230506
-5.95799268535701e-05 0.0002112909911681142
-0.0001897349017028005 9.925756407270284e-05
-0.0001781179449901216 -2.714468142771629e-05
-3.402313901923804e-06 -0.0001480950758169875
0.0002246699410875984 -0.0002530176049095265
0.0003503925141536299 -0.0003027603701133641
0.0002969768520147866 -0.0002430626335185431
0.0001127441730186684 -6.468092266278188e-05
-9.473245132415581e-05 0.0001575480926215315
-0.0002563764491825704 0.0003015423997041169
-0.0003704237529834254 0.0002881037062868286
-0.0004488417875042171 0.000142288853068019
-0.0004608826387031684 -3.317097032323766e-05
-0.0003495585332693672 -0.0001480565120622821
-0.0001059268133412807 -0.0001939015663631306
0.0001863090313088898 -0.0002304736141839114
0.0003957406067877891 -0.0003091658431244332
0.0004413626001890904 -0.0004117819038832096
0.0003490138386406928 -0.0004632086733882978
0.0002137807316944751 -0.0004013145848803363
0.000111958870139163 -0.000233662253884252
5.215232684390066e-05 -2.925387035075843e-05
4.962512251769671e-06 0.0001397121431552931
-3.640822181143364e-05 0.0002466553973573804
-3.99607564250451e-05 0.000309948676608136
2.0314101492671e-05 0.0003576729597304224
0.0001168586281832099 0.0004013078235482951
0.0001806722610482979 0.0004388058989775373
0.0001652478886620798 0.0004683402354433143
9.170925435615375e-05 0.0004878719719135718
2.324232262095859e-05 0.0004848699828218316
-3.565565365509722e-06 0.0004409534179958568
-1.427713058019223e-05 0.0003570021562855185
-6.141844386411693e-05 0.0002699572694482757
-0.00016142526681716 0.0002323920917121283
-0.0002754780626964674 0.00026759740144452
-0.0003517141285027579 0.0003470150329378957
-0.0003756243401728014 0.0004172124515452246
-0.0003719432258796646 0.0004489323532579971
-0.0003648553538148858 0.0004561420636876633
-0.0003525855558242369 0.000469405534081707
-0.0003271616066873083 0.0005008403349353058
-0.0003058325410027596 0.0005416556657779823
-0.0003224564595667519 0.0005848920417257649
-0.0003807391037880191 0.0006308890220294549
-0.0004282962857848531 0.0006603531801229418
-0.0003947092509687877 0.0006150719620618036
-0.0002618973387747602 0.0004316235599797844
-9.138353248802067e-05 0.0001107076710469019
2.417583860547787e-05 -0.0002522209901020992
3.705192250802305e-05 -0.0005221141835223358
-2.557068106872938e-05 -0.0006211332150533634
-9.683757467421329e-05 -0.0005719865241509771
-0.0001245116345041789 -0.0004473238281560202
-9.487641681707416e-05 -0.0002872448657710423
-2.476583654593073e-05 -7.96011135077144e-05
5.040966484647196e-05 0.0001785182365449114
8.495734197819285e-05 0.000417012927322564
4.494195556017748e-05 0.0005115582263855515
-5.736023167238643e-05 0.0003784952688216316
-0.0001561615666736216 5.521561877988304e-05
-0.0001815758329498735 -0.000310530106016945
-0.0001283148216794839 -0.0005498940054891917
-6.366499425009846e-05 -0.0005642604269379203
-4.924817297369781e-05 -0.0003603653295467714
-5.730339168506519e-05 -3.079476709262302e-05
9.480019279849521e-06 0.0002894523788456311
0.0001922484638839599 0.0004746207626818768
0.0003776977679843204 0.0004645599920785505
0.0003612338563676937 0.0003028560445741096
4.438113587634278e-05 0.0001166313000701902
-0.0004215239999515876 2.987928560862067e-05
-0.0007103495382187568 6.795661606183171e-05
-0.000576982172273193 0.0001374715401171167
-7.279588562103241e-05 0.0001090286405566119
0.0004761379976549963 -6.382947629260899e-05
0.0007143041853527142 -0.0002940438703227962
0.0005182377727311766 -0.0004246125010120048
6.619504655319778e-05 -0.0003524167446057263
-0.0003184063789614092 -0.0001099242522392778
-0.000405893222002608 0.000157611328372698
-0.0001994631881594134 0.0002968789874778276
0.0001048025932240734 0.0002524347393535008
0.0002796416261364682 9.854796169343827e-05
6.255627114096697e-05 0.0001581266050936694
0.0001579036612276201 2.382623683499386e-05
0.0001245756479283835 -6.537625438240417e-05
7.715010786139902e-06 -3.084532428372649e-05
-9.890967709928788e-05 9.281477236560234e-05
-0.0001252916019226934 0.0001737854806596701
-6.960106295313141e-05 9.483807484749135e-05
2.202128804469269e-05 -0.0001293804899257215
0.0001097711705411284 -0.0003427348088327561
0.0001844362763143455 -0.0003693761609970901
0.0002398438385048106 -0.0001654646220528485
0.0002410161249197648 0.0001364579121815916
0.0001449464634517093 0.0003321716841853036
-3.676807333092884e-05 0.0003051767020298326
-0.0002091242763243052 0.0001023620166109804
-0.0002521301328787971 -0.0001264411370793154
-0.0001256663652572812 -0.0002530123757918483
8.176044477914109e-05 -0.0002458642743068559
0.0002171759679796161 -0.0001509035794272489
0.0001863913476712953 -2.731339885154868e-05
2.321992451368245e-05 8.750843734258465e-05
-0.0001541049009136638 0.0001660537833229317
-0.0002483190039529065 0.0001745082884100997
-0.0002476353650514753 9.115955683554363e-05
-0.0002001248553439886 -5.743282814066301e-05
-0.0001435215153329213 -0.0001944308206608107
-7.195393742503458e-05 -0.0002450800492649469
3.191546637614553e-05 -0.0001991541961383581
0.0001478483998997995 -0.0001177745406533866
0.0002171054138903872 -7.129660350766644e-05
0.0001968103048793746 -6.846791568561717e-05
0.0001113071561149308 -5.051407771969782e-05
4.148411882917826e-05 4.207517225162941e-05
5.762304195784288e-05 0.0001994075008665872
0.0001611751713589076 0.0003426045033390168
0.000291531471611875 0.0003941456629176257
0.0003858774823949138 0.0003444156812851337
0.0004273318391352423 0.000248451923111403
0.0004352255218249033 0.0001645801301515382
0.0004187950094242105 0.0001057240096254217
0.0003551685162008637 5.027727322733606e-05
0.0002201133711899904 -1.408761948337024e-05
3.416406276019371e-05 -7.404564488866153e-05
-0.0001351402006350793 -0.0001186081511167667
-0.0002255144423301514 -0.0001663706741692258
-0.000233874607288456 -0.0002468298116781061
-0.000214599736737525 -0.0003533178793126915
-0.0002244780380280863 -0.0004295888405681474
-0.0002722546666172755 -0.000417338306519684
-0.0003206348291277351 -0.0003167349391327759
-0.0003291821450643024 -0.0001899234319243625
-0.0002882989627424257 -9.998011012682009e-05
-0.0002161697196124844 -5.19754497754886e-05
-0.0001370750216244121 9.019501854326793e-07
-7.195791374826647e-05 9.993066621337846e-05
-4.263137891280009e-05 0.0002418547754909709
-6.683354298128681e-05 0.0003969032938809516
-0.0001376205308574968 0.00054759958502837
-0.0002128693667439863 0.0006901879847111869
-0.0002396054724597367 0.0007980218656751621
-0.0001983297639151732 0.0008059204544387222
-0.0001234422642992308 0.0006547493900548324
-7.675854686044329e-05 0.0003570781741121124
-9.932817403386796e-05 7.395027642277146e-06
-0.0001857315550636063 -0.0002833136063901248
-0.0002961214989897994 -0.0004627288527546299
-0.0003842642016527556 -0.0005446398532969418
-0.0004171908842018461 -0.0005501499607168688
-0.0003847561818242832 -0.0004604502060689249
-0.0003053606721144937 -0.0002426268382173221
-0.0002190457386703652 7.863004407397934e-05
-0.000156838173345816 0.0003878722251345826
-0.0001062084095310967 0.0005316329535839894
-1.813544906455887e-05 0.0004184888082439455
0.0001307754180708458 8.574220822030048e-05
0.0002795061397845099 -0.0003133591647766402
0.0003085215999001524 -0.0005859670258213022
0.0001531962249858888 -0.0005931964160826072
-0.0001022999250941142 -0.0003200648893554635
-0.0002668090935607236 0.000107729082340715
-0.0002073774216523926 0.0004793211326079642
1.548685304138927e-05 0.0006141011286238638
0.0001879014088090375 0.0004735871266726669
0.0001359097996081522 0.0001855274377799418
-0.0001089356996706092 -5.033176201456307e-05
-0.0003326002676393682 -0.000108051414712489
-0.0003286959692924042 -1.660550181031408e-05
-7.661728149196028e-05 8.593109423172522e-05
0.0002488659482120161 7.730673944237637e-05
0.0004272066709648509 -5.391281674065066e-05
0.00035658033005726 -0.0002129299350654272
0.0001041251463370288 -0.0002818803662090067
-0.0001674545306253911 -0.0002065480036979824
-0.0003136195014208196 -2.818130885818301e-05
-0.0002815627840936644 0.0001479949509335746
-0.0001195377397761066 0.0002206211794864078
6.255627114096697e-05 0.0001581266050936694
-0.0002144654334187708 0.000201264334140134
-3.140942689518606e-05 0.0001457780323843152
0.0001560854152311043 -3.534544882548842e-05
0.0002174620075991842 -0.0001893465732306691
0.000138343747853869 -0.0001873139380154805
1.490030405171931e-05 -4.66448328075085e-05
-4.586575971594842e-05 8.570745356252765e-05
-1.357887478359598e-05 7.946266191518516e-05
6.431028977250077e-05 -4.844856307982e-05
0.000124168615208186 -0.0001533497699340541
0.0001362619293212602 -0.0001139799525472655
0.000105506576962847 3.974260335204409e-05
4.820416150467685e-05 0.0001541897269574651
-1.667730537777634e-05 0.0001070906889063659
-6.145559295932024e-05 -6.696986512031165e-05
-5.741499663552331e-05 -0.0002054383706848307
-4.169121076744043e-06 -0.000169786094543962
5.142004639191546e-05 2.858174565072173e-05
4.157478576162212e-05 0.0002432098653263559
-6.169110340218782e-05 0.0003216588649310745
-0.0002067194803176328 0.0002211197430852605
-0.0002886367177911219 1.488301272892141e-05
-0.0002279737432292521 -0.0001898536625917632
-3.619259100378388e-05 -0.0003275987241942467
0.0001887354969342637 -0.0003815806114441729
0.0003325696300749619 -0.000347757221138699
0.0003406340690830191 -0.0002204175238636514
0.0002392737632541759 -1.853544548241414e-05
9.630046319003366e-05 0.0001930409046963312
-3.294143127666501e-05 0.0003344175344846318
-0.0001245064684832383 0.0003744788511541089
-0.0001661144251682353 0.0003575455386951649
-0.0001377616694136548 0.0003543913968337486
-2.500462039983386e-05 0.000383637811015433
0.0001491638643886104 0.0003889310369183576
0.0003181468975339796 0.0003001778752446367
0.0004109672457381153 0.0001138163519131467
0.0004030312874226335 -9.569961535993025e-05
0.000325838921655898 -0.0002448479530911603
0.0002255615399110763 -0.0003133278971828393
0.0001178057628215582 -0.00034337115405726
-9.978360841092048e-06 -0.0003771180036808597
-0.0001541210338084705 -0.0004121126540512157
-0.0002665489854894669 -0.000424593070787958
-0.0002848765830625461 -0.0004212434938741445
-0.0001940482823497273 -0.0004444764517549858
-5.121944560722737e-05 -0.0005186210618959253
5.841905448472861e-05 -0.0006055065340847816
9.308937067007e-05 -0.000633171114411712
8.274876458676449e-05 -0.0005726763477978221
9.093682432548833e-05 -0.000474338871934416
0.0001540206214824772 -0.0004177373359132711
0.0002561027800548464 -0.0004303551723477353
0.0003521747060382212 -0.0004660055633183922
0.0004048572889390081 -0.0004621125263308938
0.0004003994817814211 -0.0004029659752631522
0.0003437028517744008 -0.0003159153241857737
0.0002518129272283026 -0.0002159306757286455
0.0001524205055121196 -7.842151186173385e-05
7.632160380632052e-05 0.0001197179537856701
3.908098499576571e-05 0.0003431182754620647
2.711939601066965e-05 0.0005037420950735618
5.996478777709114e-06 0.0005335254440357922
-5.289715318553845e-05 0.0004439824056033666
-0.0001502965394877874 0.0003045343016459465
-0.0002590586464921314 0.0001660317133923046
-0.0003426274869068038 1.961521704473247e-05
-0.0003767724692870493 -0.0001624167873828524
-0.0003630076650457769 -0.0003551009310389574
-0.0003273403683872679 -0.0004673389161765453
-0.000300063600692383 -0.0004108627621670714
-0.0002833639432841972 -0.0001860550822058477
-0.0002345238892003596 9.862327398576956e-05
-9.540539092881709e-05 0.0002916666250880306
0.0001400337061777897 0.0002933863552112113
0.0003812324126301588 0.0001126851297452324
0.0004816229527201579 -0.0001424112853065432
0.0003517294071960991 -0.0003256286175852742
4.838853431719843e-05 -0.0003311384628634645
-0.0002519817442994542 -0.000152834154203728
-0.0003834422193093028 0.0001097820522894493
-0.0003091989813827392 0.0003108657821379263
-0.0001255590492504627 0.0003505775291089849
3.711065830794764e-05 0.0002360566728750132
0.00011070631736484 6.536564872501568e-05
0.0001020420366534334 -4.918333367432133e-05
4.385186436092112e-05 -5.462960647126684e-05
-3.803437821408853e-05 2.306014895677779e-05
-0.0001118837917756097 0.0001114991544639995
-0.0001288845213454837 0.0001399337745942089
-5.952566828238679e-05 7.551366346845687e-05
5.433052125729784e-05 -5.75301004310123e-05
0.0001095492706596465 -0.000181245441177994
3.224223655145211e-05 -0.0002040174257846655
-0.0001357510349697494 -9.049151150002633e-05
-0.000255819170312024 9.059823665832301e-05
-0.0002144654334187708 0.000201264334140134
-0.0004155486008379337 0.0001882753715133762
-0.0002222297685929953 0.00027042942638253
0.0001224173602805738 7.194008612006467e-05
0.0003473505668940273 -0.0002571638284640006
0.000325716929050181 -0.0004487523178006319
0.000149647427603817 -0.0003515185624199834
4.219227148688277e-06 -5.444004483785501e-05
-1.232983850788397e-05 0.0002092260530372564
4.807939870486523e-05 0.0002725583318797731
7.019908772685666e-05 0.0001557941589369479
3.187618571543395e-06 7.206015823592114e-08
-9.637614468773736e-05 -9.074907637321387e-05
-0.0001304641090121448 -0.0001281925772273608
-5.543339723241358e-05 -0.0001720953051699883
8.261302524577375e-05 -0.0002168880221977906
0.0001917410057611948 -0.000173140492164974
0.0002042827877191629 2.879933414171984e-05
0.0001122414315136489 0.0003278528803114277
-4.519747200665071e-05 0.0005432902127422815
-0.0002106090752866206 0.0005119708066433023
-0.0003235542548232939 0.0002253686581434604
-0.0003262886542072194 -0.0001609768532903477
-0.0001837843050728979 -0.0004484200854575595
8.007024627824827e-05 -0.0005305104534487554
0.0003655719603266417 -0.0004297045905394851
0.0005367644042649381 -0.000231597976046793
0.0005057024427015862 -6.099456975573259e-06
0.0002967360609587413 0.0002091863703339511
3.11855534013111e-05 0.0003773814435896468
-0.0001590284002934114 0.0004507197377608591
-0.0002150489253070665 0.0004073180440658622
-0.0001649388523301784 0.0002882964955368521
-7.221331928932669e-05 0.0001744109037342109
1.774849125490298e-05 0.0001126299376058459
8.525686551259078e-05 7.190310726025414e-05
0.0001129886210751201 -1.58989131928212e-05
7.954927592560682e-05 -0.0001697156773948977
-1.618911351020929e-05 -0.0003243513449242836
-0.0001369142093660916 -0.0003895347283467342
-0.000229857585200489 -0.0003392496346718803
-0.0002718203188741981 -0.0002326911985177314
-0.0002823133327512092 -0.0001471101959790673
-0.0002855112470195043 -0.0001030159035309001
-0.000266627596838959 -6.549387923350525e-05
-0.0001807543669780859 -1.013758579258379e-05
-1.083427540000176e-05 3.469222880468887e-05
0.0001920982110074742 2.307193411591471e-05
0.0003396949791549772 -4.282384684240353e-05
0.0003823444332894037 -0.0001040864463239569
0.0003516128599874267 -0.0001101657754647777
0.0003251977574326988 -8.064483910290119e-05
0.000353022152925271 -8.749751076521222e-05
0.0004195917726905711 -0.0001770832169349078
0.0004720669341246988 -0.0003233187422161515
0.0004739281311525694 -0.0004635672170561765
0.0004282629626316171 -0.0005674819406270579
0.0003596930764632741 -0.0006524425112094247
0.0002884452762661811 -0.0007310632786345078
0.0002252688191865943 -0.0007643540688492532
0.0001799150108009193 -0.0006872356972077073
0.0001601860674770345 -0.000480504144116503
0.000159323430791806 -0.0002020655504133471
0.0001528128048621283 6.222394305580594e-05
0.0001175987678114146 0.0002702340141164424
5.747697580043528e-05 0.0004332540460396212
6.063349508870446e-06 0.0005564522501651125
-5.105481239707283e-07 0.0005893104049097431
4.161263307503346e-05 0.0004559259704683307
9.297265855317155e-05 0.0001412994094179677
9.510554953834554e-05 -0.0002580642700449481
1.414003338610872e-05 -0.0005767598294488251
-0.0001270831106308221 -0.00068093871508934
-0.0002535277427767531 -0.0005424737835809558
-0.0002817541386582629 -0.000239673352705366
-0.0001769641174232873 9.476926936803921e-05
1.789252734947866e-05 0.0003321817364014165
0.0002057164176683051 0.0003899976477141994
0.0002950609778672519 0.0002593310920101464
0.0002500566639623632 1.419493349292838e-05
9.799930095068226e-05 -0.000214772182658722
-9.53021586151675e-05 -0.0003051878650757106
-0.0002505562301892887 -0.00021390468863261
-0.0002917754240738845 -4.631383982035716e-06
-0.000176617066212839 0.0001918956085371478
5.440452464080728e-05 0.0002618939677611581
0.0002582513232090101 0.0001825759857616489
0.0002603036133152045 3.716499479484126e-05
-1.4045419606834e-06 -4.378431019147288e-05
-0.0003803866091375283 1.774561986842822e-05
-0.0005963457434292554 0.0001759464955921315
-0.0004572742063704985 0.0002840195520683772
-4.313019918289637e-05 0.0002126198237794467
0.0003343540764452258 -2.414066760195739e-05
0.0003859969384181396 -0.000254646145701714
9.333230880959499e-05 -0.0002850508106791989
-0.0002783563970161322 -7.892424623555027e-05
-0.0004155486008379337 0.0001882753715133762
-0.0004542165652379002 8.655415036204001e-05
-0.0002953758407267653 0.0002797700664740678
8.201276457536647e-05 0.0001665185808463936
0.0003698550632004764 -0.0001845764619763674
0.0003860224399269852 -0.0004899737891347761
0.0002000344487977567 -0.0004968670045079278
2.195815568228123e-05 -0.0001964734898035277
-1.134181306236045e-05 0.0001814231087280613
5.546012481481168e-05 0.0003716425922653439
7.676369783918593e-05 0.0002804378468884157
-2.626786835314376e-05 2.228989926919857e-05
-0.0001820208360947897 -0.0002122002956467571
-0.0002422509026853894 -0.0003092987779299714
-0.0001304170284418534 -0.0002728063870692607
8.260138893236215e-05 -0.0001553814820292586
0.0002425459147966103 1.253794502657338e-05
0.0002459729407099914 0.0002165689870509112
0.0001159251897733023 0.0004045558870997382
-4.064157364724751e-05 0.0004759004648416527
-0.0001345327170866683 0.0003523486143993432
-0.0001496910572676504 6.612456223322495e-05
-0.0001131801416760445 -0.0002333766956506199
-3.844361832450708e-05 -0.0003782023129428322
8.051840577991664e-05 -0.0003031525672361749
0.0002222499248214958 -8.206794082101471e-05
0.0003119637421801593 0.0001459347007316087
0.0002711483715069148 0.0002822215602070034
0.0001023060507556824 0.0003109439788310353
-8.804341467239605e-05 0.0002613488655652773
-0.0001689740998056011 0.0001560419786113419
-9.714862728408412e-05 7.614338397266939e-06
4.9044436457348e-05 -0.0001492756655313906
0.0001443956749671237 -0.0002530439074766658
0.0001215724122668546 -0.0002622769950246287
5.913596574102776e-06 -0.0002028570234672594
-0.0001348264504051998 -0.0001487037304358338
-0.0002544402033234939 -0.0001440034550896345
-0.0003406283386272005 -0.0001511875198980954
-0.0003865102037082447 -8.941094023778771e-05
-0.0003770689549306496 7.316787520162795e-05
-0.0003106104444721277 0.0002761012636140308
-0.0002167687307527662 0.0004234873377645604
-0.0001339022780157078 0.0004784341163269126
-6.753962681705517e-05 0.0004897106248116151
1.425572820760442e-05 0.0005244502901014753
0.0001343308429658407 0.0005889438376141645
0.0002620186889517616 0.0006289299256583711
0.0003293135112206233 0.0006027384414933359
0.0002965987472449211 0.0005349050996787521
0.0001956802664483513 0.0004862674659692766
0.0001007786475924596 0.0004803773240026045
5.909039806328386e-05 0.0004768397681167912
5.567214361920166e-05 0.000420760086700781
4.434033729798982e-05 0.0003039424863378564
2.128530529892945e-06 0.0001638915164373075
-5.320710802358244e-05 2.863208494007074e-05
-9.144355424544003e-05 -0.000117288080651842
-0.000100597171508842 -0.0003011514443961362
-8.522919137316446e-05 -0.0005068063803991469
-4.644101738403182e-05 -0.0006686560076107645
2.056077252960615e-05 -0.000725282395409128
0.0001064019766760756 -0.0006685691327819879
0.0001779474434855936 -0.0005321042240368669
0.0002034059817681531 -0.0003409883847064993
0.0001901160942860965 -9.312708153385933e-05
0.0001888024492773966 0.0002008680852049135
0.0002498704487714289 0.0004709292790590139
0.000370615080164017 0.000601375297787786
0.0004859108409168505 0.0005059024222999953
0.0005131755092036607 0.00019587678622042
0.0004108099955606547 -0.0002176061650665273
0.0002011860868023724 -0.0005800422543048731
-5.188840548734004e-05 -0.0007566929045249626
-0.0002800079278916712 -0.0006720063734002951
-0.0004276696226450929 -0.0003350805904082027
-0.0004497936038041705 0.0001408593024848965
-0.000316890798212258 0.0005534725904500743
-4.537573848044486e-05 0.0006946144873626843
0.0002703641840724136 0.0004778487530404153
0.0004744654315594362 1.913915551297134e-05
0.0004374515448364393 -0.0004127035429996673
0.0001659995526442967 -0.0005636630096813087
-0.0001656257239308379 -0.0003651408960174612
-0.0003237530950120764 2.18871562897097e-05
-0.0002034987599154645 0.0003265756799141494
6.196286167301496e-05 0.0003648307580969564
0.0001933534854175457 0.0001670099952407494
8.894175112864606e-06 -5.885808432724901e-05
-0.0003893798986079867 -0.0001010122833165415
-0.000674012347406791 7.965419960342678e-05
-0.0005701545959395611 0.0003148193123520906
-0.0001125332806453496 0.0003724377259524167
0.0003615049985075105 0.0001652335183018487
0.0004922020495353729 -0.0001581754119193676
0.0002045055728300996 -0.0003325756116202002
-0.0002343640611536254 -0.0002124416781504747
-0.0004542165652379002 8.655415036204001e-05
-0.0003149097568284266 -7.979848048139379e-05
-0.0002092957257565864 0.0001082287186086411
6.692421434108627e-05 0.000136924247212641
0.0002956581308791844 -3.216122198049258e-05
0.0003208543012669045 -0.000253320304851658
0.0001704114832135537 -0.0003283685122909128
6.572382833052712e-06 -0.000185181676838359
-3.537221623206226e-05 5.866893675992476e-05
3.564331917342467e-05 0.0002007426220264634
9.67699766988771e-05 0.000127982068170017
4.769621139288063e-05 -9.397510288900272e-05
-8.669979427153448e-05 -0.0002854236350529255
-0.0001870014367478348 -0.0003022092636627299
-0.0001657060702049033 -0.0001382298522538772
-5.583720850817094e-05 9.312023381810995e-05
2.970906313656267e-05 0.0002604363910856652
2.215603836681829e-05 0.0003010547320343798
-3.035758533962418e-05 0.0002318867446629311
-2.009083664752298e-05 0.0001046278925990465
9.57485800122263e-05 -3.281681794671332e-05
0.0002400976144575672 -0.0001375503172156782
0.000291289458110387 -0.0001610488197943823
0.00020569013613183 -6.618816064254627e-05
5.454239018436072e-05 0.0001313097967236705
-5.948517867885433e-05 0.0003451827663299244
-0.0001059621937325944 0.0004608060633176946
-0.0001338680049910402 0.0004117278785504814
-0.000183561321967197 0.0002230011977280084
-0.0002175385230915592 -1.711159976032209e-05
-0.0001590766581942634 -0.0002244121561580693
3.873922370078417e-06 -0.0003588130811718041
0.0001742356765195222 -0.0004114814110085112
0.0002210567049098557 -0.0003767823719580288
9.960099086867832e-05 -0.0002553451522016416
-0.0001083084869412205 -8.069155468974561e-05
-0.0002697300105245538 8.117734189924839e-05
-0.0003075171482127598 0.0001803880572823217
-0.000236165311883269 0.0002321535897356141
-0.0001145670487595923 0.0003014187917472193
1.231479019779734e-05 0.0004271799750281312
0.0001239231488755254 0.0005678636609707011
0.0002023491263165832 0.0006361198500014674
0.0002282744458801743 0.0005922064753680211
0.0002037277138757171 0.0004928816090263743
0.0001616724777131649 0.0004372914954254129
0.0001361424605304082 0.0004668171574362529
0.0001234272073470144 0.0005289403842192782
8.455347493081549e-05 0.0005427266408819362
-8.768660950840471e-06 0.0004894313693872285
-0.0001378613426744518 0.0004280715863216727
-0.0002538079368929301 0.0004261701807089172
-0.0003266629191075899 0.0004904495400695584
-0.0003688334242423249 0.0005723236119958928
-0.0004088084786231042 0.0006290449855275649
-0.0004523641124155685 0.0006606502756532615
-0.0004789097505961261 0.000683400743728496
-0.0004713201179458489 0.0006833461948431165
-0.0004353641740980872 0.0006143692108312643
-0.0003837840088865493 0.0004441270037962532
-0.0003118315523271665 0.0001911308990252332
-0.0002043286167790359 -8.891293960139082e-05
-6.986651848452829e-05 -0.0003447712136673061
4.541664442118127e-05 -0.0005474601508898638
9.350006664368206e-05 -0.0006716004294730605
7.668313359382842e-05 -0.0006790191989666961
5.521394801848489e-05 -0.0005389085149273892
9.426491427937446e-05 -0.000267941269294645
0.0002026841205487673 5.545361006898215e-05
0.0003270406519286566 0.0003206976181015935
0.0004035897859634722 0.0004321681887452545
0.0004080838942919314 0.0003424277603207015
0.0003513257333114586 7.021546791086834e-05
0.0002368752549000131 -0.0002864431626839913
4.533824740731123e-05 -0.0005588862926120318
-0.0002214496583528781 -0.0005733291453318098
-0.00048161254632049 -0.0002662421915729676
-0.0005819076385425609 0.0002316524759363838
-0.00040092638637356 0.0006387578127122928
2.695464250206496e-05 0.0006984114291109401
0.0004860326762139865 0.0003664922265517283
0.0007041337792397656 -0.0001437132594737405
0.0005483466272788393 -0.0005080146195211288
0.0001336174732068453 -0.0005203981831506007
-0.0002577167440052562 -0.000227757018022148
-0.0003920098267779828 0.0001274595930221491
-0.000260105029658826 0.0003009894865966711
-6.295357517759853e-05 0.0002221413592749781
-1.970311254232488e-05 2.254557299926444e-05
-0.0001693253158877634 -9.065619466861323e-05
-0.0003442446369453387 -9.45484965474873e-06
-0.0003377168703754016 0.0001908723723027921
-0.000107580259001526 0.0003223093921876173
0.0001747944268160382 0.0002496181318243882
0.0002766732141182922 1.157975626990057e-05
0.0001159368655067064 -0.0002082527239283323
-0.0001626669830025938 -0.0002403613807621467
-0.0003149097568284266 -7.979848048139379e-05
-4.620695619309461e-05 -0.0002179884077006707
-1.793846043220346e-05 -0.0001794932882717707
5.520423719275236e-05 -4.725512737173388e-05
0.0001447428334719869 7.955698250001446e-05
0.0001830765018228107 0.0001217757123971519
0.0001294240848188559 7.817306045243238e-05
2.01142565241822e-05 6.183294947917734e-06
-5.589609935638286e-05 -4.742404991175221e-05
-3.881588620031209e-05 -9.011127124964096e-05
4.472116877333367e-05 -0.0001558233585483157
0.0001086282039438484 -0.0002391648168701307
8.926928841270643e-05 -0.0002703412148287147
-4.365871903910362e-06 -0.0001713085597828629
-0.0001184131211328005 5.39460421966837e-05
-0.0002146650894692604 0.0002888333515496347
-0.0002857467384568896 0.000378753968859796
-0.0003130207065805085 0.0002544194835562092
-0.0002386268905781905 -6.397190920215046e-06
-1.402679866094409e-05 -0.0002364113953268816
0.0003129684227922502 -0.0003035095741865803
0.0005814697135188895 -0.0001927185995755621
0.0006220993122059524 1.416453614866256e-05
0.0003990321156287508 0.0002199480554427064
4.771946212652351e-05 0.0003679211548011993
-0.0002366862736759177 0.0004352582770947789
-0.0003524453369554485 0.0004040078541572161
-0.0003386104710681008 0.0002639203964693561
-0.00028775263200893 4.490083477619455e-05
-0.0002371615886350989 -0.0001724022814397413
-0.0001588168843497619 -0.0002976954530695621
-4.063416166915792e-05 -0.0002897880974672066
5.684665281783224e-05 -0.0001748254114135342
4.824980284183205e-05 -1.154044971730774e-05
-7.574501641741115e-05 0.0001520324601365547
-0.0002140516519828572 0.0002879462770219628
-0.0002339807097401317 0.000373656824362451
-8.453445662867979e-05 0.000392292829153949
0.00016796646403282 0.0003545269846210454
0.0004057113329697781 0.0003035926668205118
0.0005487293327973091 0.000277094980501232
0.0005849726313254672 0.0002605397445229233
0.0005382559520664322 0.0001949656669687905
0.0004321737300465676 4.556696414094036e-05
0.0002880814027013136 -0.0001412104236272742
0.0001379623027965133 -0.0002656554193697648
1.73331279283175e-05 -0.0002695144790606963
-5.934478724195174e-05 -0.0001971179891305704
-0.0001075207200770148 -0.0001518181641905501
-0.0001514186516142194 -0.0001904821155931862
-0.0001983713296647293 -0.000267817580671322
-0.0002386616558186829 -0.0002864600973387381
-0.0002654574576533729 -0.0001929798717832267
-0.0002841631706645047 -1.676272267911957e-05
-0.0002995010780133971 0.0001782566312528459
-0.0003031621429224732 0.0003613681252337827
-0.0002846474087798745 0.0005445515709739195
-0.0002522030812538852 0.0007343802883253436
-0.0002307953247588654 0.0008935977922164608
-0.0002322300780741758 0.0009591280173179183
-0.000234218495692395 0.0008915743210420816
-0.0002017141554245991 0.0006991963456829114
-0.0001323751350242076 0.0004182985632183262
-7.170949373393422e-05 8.457695052552736e-05
-7.304464533784124e-05 -0.0002683990309544809
-0.0001425603622817899 -0.0005897547396849308
-0.0002311749853256348 -0.0008048565540800752
-0.0002828838798724613 -0.0008388194353940502
-0.0002832654979196552 -0.0006547451887719322
-0.0002525339806437545 -0.0002830539950939253
-0.0001966154243710862 0.0001696388322176701
-8.481100868773297e-05 0.0005394571170544919
0.0001060613549921647 0.0006636329270622187
0.0003252047394793685 0.0004720095065963228
0.0004449534155211774 5.962393837940557e-05
0.0003512999224849627 -0.0003345502111817409
5.683792763064029e-05 -0.0004645154445846597
-0.0002737012592758977 -0.0002480083743435341
-0.0004256321777921212 0.0001645172978159502
-0.0002901842672399264 0.0004912059675115458
5.116463572776453e-05 0.0005186060611159201
0.0003812724510821001 0.0002440793148751478
0.0004965457254413176 -0.0001432298610872811
0.0003379926473431833 -0.0004110037801501758
1.550723493299381e-05 -0.0004363477773166023
-0.0002781173896663481 -0.000257613612668249
-0.000393105191119412 -1.542740257286227e-05
-0.0003041648066948575 0.0001516524993645337
-0.0001049608954954978 0.0001842238980315593
6.74960159912518e-05 0.0001176428492057978
0.0001224772490707067 4.137753180047579e-05
6.194797433495055e-05 3.073933641598808e-05
-4.053594376823108e-05 9.183666104322888e-05
-0.0001059698339999159 0.0001579239142301848
-0.0001076896097078387 0.0001452456934417772
-7.643359311665992e-05 2.856964715665211e-05
-5.437076990151851e-05 -0.0001280763167583033
-4.620695619309461e-05 -0.0002179884077006707
0.0002523185274918563 -0.0002304005374425436
0.0001684820107739699 -0.0004161315710223838
4.579099918245857e-08 -0.0002906437362281716
-6.010108186963692e-05 7.266903337615628e-05
2.859151883629753e-05 0.0004041337874383614
0.0001359238598055823 0.0004658665764721715
0.0001208346300875894 0.0002387814495380619
-1.274533482646784e-05 -9.068285807318612e-05
-0.0001256497492088989 -0.0003089822864041363
-9.530357652150639e-05 -0.0003390334010915343
5.690355037254379e-05 -0.0002489278877056046
0.0001871918156996723 -0.000135111268650133
0.0001627661718626329 -2.632969796559983e-05
-3.020169897395405e-05 9.560121719461733e-05
-0.0002896685167046172 0.0002102865144218302
-0.000477993503218793 0.0002350376506886994
-0.0004951130545407892 0.0001082575995793764
-0.0003088731426523651 -0.0001137469291824551
3.532400657227644e-05 -0.0002715791596737206
0.000412510189832105 -0.0002356581029219262
0.0006529074497690321 -2.728283214423945e-05
0.0006323558224498947 0.0001989992625531021
0.0003662554111561442 0.0002949700711811589
1.468560371954475e-05 0.0002380600648686483
-0.0002293174939213126 0.0001185292718965681
-0.0002800624294797532 2.906502038199911e-05
-0.0002019643408410957 -1.353182153504633e-05
-0.0001222775968693638 -4.114344907015216e-05
-0.0001099053133717825 -5.799780807623159e-05
-0.0001397371600223439 -1.98052469075828e-05
-0.0001582754832009933 0.0001077699660610138
-0.0001569375426971726 0.0002892798824179595
-0.0001661961577360689 0.0004354064222100069
-0.0001891670747426246 0.0004774058526297302
-0.0001677642931135695 0.0004160464176253623
-3.261977610447463e-05 0.0002990181436161256
0.0002150933810716962 0.0001669015992536007
0.0004825197440882998 3.269138676985618e-05
0.0006511948992382803 -9.766140079392359e-05
0.0006642052108066231 -0.0002107985810412686
0.0005527092465579554 -0.000304004126318769
0.0003900019348632338 -0.0004023496355830752
0.0002313661499514879 -0.0005334324494326481
9.564836789080891e-05 -0.000679419825972954
-1.257688109599329e-05 -0.0007726282416444084
-8.095364222716742e-05 -0.0007591837590407881
-9.3333517644734e-05 -0.0006675480130796489
-4.785316914774924e-05 -0.000597257324739461
3.586087732463892e-05 -0.0006267361367198964
0.0001271110893925107 -0.0007345287382790407
0.0002001297732468839 -0.000819838974870157
0.0002444609635427455 -0.0008005252019538885
0.0002678029281192724 -0.0006832484563820284
0.0002907073396156426 -0.0005365382744249267
0.000330875049220038 -0.0004074806811138151
0.0003835891147803363 -0.0002782880515613166
0.0004172513287010982 -0.0001029316677588881
0.0003962802247341118 0.0001288668525863646
0.0003150632061007069 0.0003740562107345391
0.0002077341892592995 0.000574661825500759
0.0001186704641260009 0.0006982659198581253
6.160806972746242e-05 0.000736467975501783
1.106271941917664e-05 0.0006767369513926323
-6.503255252982838e-05 0.0004943364187730465
-0.0001699938120580899 0.0001817126797459751
-0.0002812829313804908 -0.0002138598362658982
-0.000384221287698267 -0.0005832439167018085
-0.000488157947844867 -0.0007897729967488779
-0.0005965923069884261 -0.0007281126127427548
-0.0006640034131967127 -0.0003834327182767053
-0.000600831319796634 0.000134805946042238
-0.0003432349023182599 0.0006143345121238194
6.942523818051755e-05 0.0008320812386294791
0.0004866462569827527 0.0006824768280110505
0.0007266191736988617 0.0002576007974644099
0.0006842321241705832 -0.0001943778459742588
0.0003886443632607628 -0.000420553616832949
-1.842754083839753e-05 -0.0003213669118083781
-0.0003543110971230065 -2.822624999459094e-06
-0.0004740956283328813 0.0003062721541588957
-0.000333797298633351 0.0004026615849947043
-2.264506359934064e-05 0.0002227590059252218
0.0002644231039344918 -0.0001332567253655816
0.0003327660519383565 -0.0004628058204581583
0.0001284924859869153 -0.0005714538291700134
-0.0001957819060249142 -0.0003853798386726308
-0.0003755659662386064 -7.933645147816851e-06
-0.0002452837819863714 0.0003305538558628205
0.0001065523644961641 0.0004229090075870202
0.0003922371038289338 0.0002398494666119987
0.0003656193217248787 -4.057838519554438e-05
4.150434976060393e-05 -0.000175060246052751
-0.0003123639062402276 -6.306000553303785e-05
-0.0004118535046129843 0.0001624446719752141
-0.0002042005913711115 0.0002545623534394261
0.0001033852083350628 8.381528788917017e-05
0.0002523185274918563 -0.0002304005374425436
0.0004571298012705375 -0.000103577580045967
0.0002526057738049923 -0.0004527859394243997
-0.0001120688376009396 -0.000434813301041438
-0.0002754680724212476 -2.855757205413569e-05
-0.0001097061617339115 0.000441519984574899
0.0001796109407806533 0.0005958611422145322
0.000287150380225001 0.0003324567225015551
0.0001168863780413086 -0.0001041848819556144
-0.0001436976280555868 -0.000364680417042351
-0.0002343102484042113 -0.0003024740263273247
-8.345298974102e-05 -6.16953297684608e-05
0.0001372689343685536 0.000106129583956642
0.0001946486790959484 8.584372497818073e-05
1.306178517997083e-05 -3.614572411824531e-05
-0.0002720831767617384 -0.0001125368511062478
-0.0004458449915387016 -9.76665964514715e-05
-0.0003849910639293369 -5.735708518355043e-05
-0.0001262957905374261 -4.771882168578805e-05
0.0001875373407308113 -3.216643568347852e-05
0.0004070476669177462 5.859098885924207e-05
0.0004474932421120154 0.0002057677958496955
0.0003150808712244394 0.000283690142605332
9.753796273355086e-05 0.0001838321932969145
-7.954949181959858e-05 -5.425436355985237e-05
-0.0001246376594115363 -0.0002597279122241602
-4.152569335342081e-05 -0.0002852813877291037
7.355127049612152e-05 -0.0001351050504485896
0.0001085232437715359 6.508526655266819e-05
2.512527651899157e-05 0.000207795423625551
-0.0001173247447426441 0.0002912013002667364
-0.0002210581677305166 0.0003694345256634641
-0.000229531291056145 0.0004467746728640621
-0.0001532216037854994 0.0004526534006150323
-3.197481674499893e-05 0.0003241368884105973
0.000109662807960814 8.988614029699173e-05
0.0002626171714467896 -0.0001463454941799732
0.000400276996997984 -0.0002998846376740014
0.0004664505853767186 -0.0003673709029586396
0.0004119550071026065 -0.000397559885235539
0.0002458161719765475 -0.0004233555154806708
4.369706775935347e-05 -0.0004401325518551138
-0.0001018992276185008 -0.0004398703417787512
-0.0001452186444101839 -0.0004367395905038205
-0.0001071667086373305 -0.0004434699877960911
-3.895942557365209e-05 -0.0004380764551312872
2.983576553625314e-05 -0.0003815265688927484
0.0001095472029279465 -0.0002765391115129758
0.0002242846450437244 -0.0001910999582039894
0.0003738813607719747 -0.000202839645114379
0.0005232329062756122 -0.0003183786963374422
0.0006281745691958384 -0.000461315841297266
0.0006720513885469022 -0.0005481742093710711
0.000678784399800819 -0.0005697953535345936
0.0006908287420729606 -0.0005890232458022539
0.0007319129522318925 -0.0006615279378879924
0.0007872804785071634 -0.0007703470564250615
0.0008177442118427114 -0.0008410310102557495
0.0007931422415156247 -0.0008095935809923715
0.0007140433794181617 -0.0006648909340058231
0.0006039728657054193 -0.000431706246753447
0.0004848284988023675 -0.000134687275645142
0.0003638190454302896 0.0002045690163809062
0.0002438269544019026 0.0005390391363565049
0.0001388632183591391 0.0007829376980436108
6.838823237246876e-05 0.0008424782956115781
3.091308409470014e-05 0.0006695553729578631
-1.135361753449101e-05 0.0002970855927303357
-0.0001090682676423917 -0.0001620187744009459
-0.0002765423130504556 -0.0005447532226262438
-0.0004629958963727308 -0.0006899346343614913
-0.0005755564679010931 -0.0005097882060296465
-0.0005355964761214409 -5.700487563339333e-05
-0.0003211389674647953 0.0004663316949536402
2.819870829261974e-05 0.0007963369974979556
0.0004241224768814502 0.0007584478224934087
0.0007368876897333688 0.0003823132367023183
0.0008142375504123114 -0.0001089145666244761
0.0005513022355072121 -0.0004355934942855838
-1.326500677916321e-06 -0.0004339664544468049
-0.0005888534015921718 -0.0001522483774077749
-0.0008644064843668251 0.0001857458622205513
-0.0006338553097441354 0.0003245961316214056
-4.431442392125308e-05 0.000145425251486247
0.000482883471822572 -0.0002430328119961283
0.0005712258125275129 -0.0005608190099606931
0.0002055278550357598 -0.0005471440572160051
-0.0002497350046140474 -0.0001657604347000743
-0.0003746463891089915 0.0003384687302512122
-7.697746868738218e-05 0.0006074945596284164
0.0003274274304596581 0.0004537872386503825
0.0004227704870317879 2.517445605315133e-05
9.851121158917825e-05 -0.0003103953033743123
-0.0003425502270788719 -0.0002810255613774089
-0.0004802241159223296 4.743564906686884e-05
-0.0001849928332975517 0.000331951980552002
0.0002634626812551614 0.0002718903055766295
0.0004571298012705375 -0.000103577580045967
0.0004755033003580351 7.30544972925661e-05
0.000208975552671599 -0.0002673150578709482
-0.0002271528900124783 -0.0003777651401258725
-0.0004250408870681252 -0.0001317526944719566
-0.0002131521537545208 0.0002523137060686942
0.0001911659972790162 0.000421163208115333
0.0004108616955239802 0.000229805893862392
0.0002731226705286181 -0.0001206861255456223
-5.29526510301399e-05 -0.0002853892523568291
-0.0002558818271113591 -0.0001139890793094051
-0.0001920683564369226 0.0002101033192409386
3.496395708412476e-06 0.0003595122817743874
8.906987017380924e-05 0.0001813648459574878
-2.929916411613024e-05 -0.0001718261995270807
-0.0002164197568023472 -0.0004087633854027481
-0.0002582470827832755 -0.0003720392929099442
-7.456954982512344e-05 -0.0001436440582154993
0.0002113910459272346 8.676402733563068e-05
0.0003914390174206402 0.0002125424252177877
0.0003485915306059167 0.0002555740257875644
0.0001339053160196384 0.0002602400738331828
-9.758935394978192e-05 0.0002035489207544768
-0.0002102363867368058 4.164847908689606e-05
-0.0001663776381535476 -0.0001792046334135728
-2.305629621779598e-05 -0.0003107789466056061
0.000121057300224797 -0.0002322931141723227
0.0001818560430769887 1.855466539636335e-05
0.0001267607253026443 0.0002685147233288069
-1.148115980941739e-05 0.0003680389155336933
-0.0001487564936640641 0.0003139625692952511
-0.0001932177981991075 0.0002097412818043339
-0.0001001051843749005 0.0001268211396546668
9.892332277394913e-05 3.564267715557129e-05
0.0003159036853330518 -0.0001229226802523209
0.0004605292682973988 -0.0003279832055074499
0.0004848366021571534 -0.000472026929794138
0.0003897819560165557 -0.0004656758783881899
0.0002050763844251841 -0.0003275070561827171
-2.549903995360952e-05 -0.0001569356260468418
-0.0002414820613833433 -3.070792282297098e-05
-0.0003675916398835753 5.462667983670277e-05
-0.0003435117655453988 0.0001418180791675274
-0.0001683251171499498 0.000242958414401611
8.515310589572692e-05 0.0003308847417614324
0.0003132228747308735 0.0003892264448637793
0.000452577664268273 0.0004411398477848349
0.0005168060644108141 0.0005134240000593069
0.0005643138123316599 0.0005866835507298732
0.0006309885397190744 0.0006048869296901276
0.0006954039714236964 0.0005392235837024512
0.0007084615823497956 0.0004262264160859726
0.0006513860934662986 0.0003281484449942428
0.0005591097045323482 0.0002599000052064963
0.0004874362194765007 0.0001694831046401033
0.0004636649525567159 -4.725450294508098e-06
0.0004734612118337865 -0.0002657170450714282
0.0004907018143262356 -0.0005514367201339461
0.0005081884132123204 -0.000786415509588528
0.0005321149365030379 -0.0009263045112674894
0.0005530425285607336 -0.0009537654550316533
0.0005384169945281312 -0.0008516319493982929
0.0004655302128479694 -0.00060198646187486
0.0003596936594282576 -0.0002169716358615651
0.0002870151746824881 0.0002373425520599716
0.0002980307832789284 0.0006527847548560813
0.0003766816497848321 0.0009138190861818102
0.0004497601397682853 0.0009295483957806604
0.0004490411017354442 0.0006626007805518399
0.0003607934183300295 0.0001667251109655423
0.0002131701047486391 -0.0003872589648524682
2.712243732142372e-05 -0.0007503838677612012
-0.0001963241707386618 -0.0007205931489329957
-0.0004240231447997841 -0.0002871775258382477
-0.0005401834365191293 0.000324494062299603
-0.0003947062051460881 0.0007703268757761903
4.57490548331485e-05 0.0008006101036978646
0.0005787825918875829 0.0004186134118857351
0.0008398702636170761 -0.0001279794924909562
0.000572951872180256 -0.0005125274265618365
-0.0001118276844015855 -0.0005363340231921712
-0.000752592691717152 -0.0002444160033155556
-0.0008712906797262938 0.0001178321801767878
-0.0003731283261781988 0.000278137615873041
0.0003506443211471928 0.0001314854691714379
0.0007396094477104831 -0.0001790060374457258
0.0005381906999012897 -0.0003670064354020399
-8.849592808817194e-07 -0.0002334432757490584
-0.0003729309494383271 0.000154260015559004
-0.0002940587318714031 0.0004974298875663871
6.042182586532996e-05 0.0005108661905975883
0.0002712087678690952 0.000176845314796332
0.0001148278478623559 -0.0002256517546860373
-0.0002181799110668532 -0.0003619297093396408
-0.0003393462659648079 -0.0001438529488531451
-7.964959640039672e-05 0.0001897022868714477
0.0003260754861001079 0.0002998030564759881
0.0004755033003580351 7.30544972925661e-05
0.0003050975881328385 0.0001863959613546444
9.492747499627053e-05 3.170077459344814e-05
-0.0002513590973680531 -0.0001480441256561078
-0.0004252280129920332 -0.0001642064245749182
-0.0002592562593868263 -2.36417631724884e-05
0.0001108064711533267 9.140060828260965e-05
0.0003775588694292113 3.862633416143189e-05
0.0003478781025504702 -0.0001117072787287699
9.969821928995447e-05 -0.0001436798580447439
-0.0001281590583239004 6.044129715767551e-05
-0.000179146968124669 0.0003625679695782012
-0.0001039437664600161 0.0004800270793591454
-5.889255555995401e-05 0.0002642612880321314
-0.000108982878110081 -0.0001389956490012953
-0.000153155558127722 -0.0004168213564197744
-4.657895741863745e-05 -0.0003755062955502872
0.0002176667028719971 -9.915036349982084e-05
0.0004653851396087474 0.0001626050804723767
0.0004884177771471567 0.0002383842624690215
0.0002387930893969058 0.000156912489437446
-0.000119379190118885 5.421566950544888e-05
-0.0003473576668592841 9.460794214239465e-06
-0.0003255348687426439 -1.148845896086756e-06
-0.0001295217888185842 -1.410138491267561e-05
6.067764543374519e-05 9.597966414943639e-07
0.0001142002941181919 9.813446120474703e-05
2.775923282412534e-05 0.0002519978563592868
-0.0001114688453836097 0.0003424753966982398
-0.0002093677980260879 0.0002664013613968442
-0.0002121347805689153 5.040232825062346e-05
-0.0001045163244105376 -0.0001704946505090163
9.850219999889745e-05 -0.000286365038059093
0.0003427407229964152 -0.0003043405737912931
0.0005350700208461108 -0.0003000403309271765
0.0005838407159257242 -0.0002999671178528743
0.0004598917124306916 -0.0002433007577035697
0.0002211890871035421 -6.605927357929345e-05
-2.576310963492143e-05 0.0002016613611191379
-0.0001897773874845186 0.0004473226119384142
-0.0002256803986090438 0.000582943075696407
-0.0001210719171754142 0.0006213645830427264
0.0001188104881272697 0.0006395596390027819
0.0004564655795474357 0.0006837852504159019
0.0008036293097296 0.0007310596396528392
0.001048130008177741 0.0007401656376064286
0.001124792724324946 0.0007149759945722917
0.001064062136960132 0.0006995643028935106
0.0009600392523022277 0.0007202598088508928
0.0008826552587418677 0.0007553542610004574
0.0008223027438310284 0.0007695362123079187
0.0007210662351740651 0.000762747002752787
0.0005492720450073342 0.0007672873281694284
0.0003404076134461428 0.0007978386043475207
0.0001532224661048677 0.000820104657236981
1.65646198750629e-05 0.0007778920328528903
-7.526292954758539e-05 0.0006444346883038047
-0.0001216054405083751 0.0004381497275853318
-9.575586084278442e-05 0.0001930028170292117
1.679000477611727e-05 -7.108240836062726e-05
0.0001693949975727369 -0.0003411620550102991
0.000269547106044612 -0.000584175414609963
0.0002608994385366598 -0.0007405954789500725
0.000185986124619739 -0.0007488664041462802
0.000151274278318916 -0.0005746867851431596
0.0002221952916761814 -0.0002263260974248157
0.0003601322119404385 0.0002339575432943363
0.0004722547714565948 0.0006762881135536984
0.0005173366300750071 0.0009183060907552835
0.0005411480181423281 0.0008061563249678442
0.00059126162086605 0.0003354633803950417
0.0006070989002083186 -0.0002876528840635305
0.0004320270545848401 -0.0007321049166598756
-2.321009880805194e-05 -0.0007442396937416704
-0.0006137224957479203 -0.0003228923078475183
-0.0009854812035664413 0.0002715345623477057
-0.0008291720891076121 0.0006845529872485435
-0.0001688438120479205 0.0006887823564682039
0.0005862786228484358 0.0003098263451217519
0.0009200818467848442 -0.0002087956988505951
0.0006153447562320683 -0.0005607777497156985
-5.83975112078904e-05 -0.0005554958664900351
-0.0005564002974674956 -0.0002250141951999038
-0.0005051239388587906 0.0001993860451884489
-8.416978470099241e-07 0.0004380632200134359
0.0004996610393878273 0.0003566201171646473
0.0005912803555391288 6.509641355696313e-05
0.0002583681733644531 -0.0001692372279428274
-0.0001595649484517846 -0.0001439797604701045
-0.000314826750096608 0.0001031055557223873
-0.0001629454462120189 0.0003277031324451857
5.149232183934294e-05 0.00030315027905754
8.666053485803103e-05 3.321334327182985e-05
-4.636114757371188e-05 -0.0002497802412894847
-0.0001285466581386914 -0.0003046127791387959
-4.110142313436188e-06 -0.0001082538046785339
0.0002268212925136415 0.0001312453982636691
0.0003050975881328385 0.0001863959613546444
4.471866777794719e-05 0.0001952704432117589
1.895519479614611e-06 0.0002934493047420285
-0.0001278844205442277 0.0001233293517398344
-0.0002453535741570382 -0.0001276768973127719
-0.0002265941909015854 -0.0002466156464684313
-5.090942232665287e-05 -0.0001917798085213528
0.000167176133910075 -8.15907126187335e-05
0.0002764265928015397 -2.248897677288388e-05
0.0002185401332143817 1.007185185665935e-05
6.269272857724674e-05 0.0001065924568280461
-7.719464786005324e-05 0.0002698863787101541
-0.0001446369937036745 0.0003730030935366463
-0.0001565185027913561 0.0002924748327272329
-0.0001346080244160866 6.49057043018027e-05
-5.32381802375948e-05 -0.0001246188471649177
0.0001204525818956281 -0.0001255636974739402
0.0003386016750773992 2.100851699155609e-05
0.0004579725861989946 0.0001276962854209491
0.000350869155207951 6.176152040987208e-05
4.546994757074554e-05 -0.0001163598251233328
-0.0002601670367656766 -0.0002221787379079497
-0.000352993443853663 -0.0001390809317990386
-0.0001933213371075288 7.610454399277275e-05
4.827115191844495e-05 0.0002706306290713253
0.0001467572620190114 0.0003476946580347123
2.110217942621463e-05 0.0003230382378403542
-0.0002119785372210756 0.0002522441108055484
-0.0003631385043024555 0.0001472396544548386
-0.0003338486901816155 -1.058329402660189e-05
-0.0001640483529230183 -0.0001949702354164392
4.701212662282124e-05 -0.000314681757547
0.0002313471283489954 -0.0002892617352922625
0.0003627473756870792 -0.0001310105603118352
0.0004159751671412871 6.985360438288407e-05
0.0003612804644445981 0.0002402966512444586
0.0002135331994602126 0.0003846489816139997
6.399328172280417e-05 0.0005414317317983864
3.312189792218249e-05 0.0006992527016544253
0.0001818005951105317 0.0007836443665631399
0.0004752317798223228 0.0007349569962477137
0.0008329365339788509 0.0005819958330564198
0.001197308102214831 0.0004203939141482481
0.001541224358292538 0.0003199279999406446
0.001824548768882499 0.0002672621850658125
0.001980048456471622 0.00020326410926232
0.00196670628134006 0.0001020121756768958
0.001828341954345418 -1.187514455877705e-06
0.001672645997382968 -5.440939566377512e-05
0.001577281883641821 -4.26858780882132e-05
0.001522789409446977 1.100234204198074e-05
0.001426480885849887 8.543756736276155e-05
0.001235326278746513 0.0001842528156865154
0.0009720086576463635 0.0003178964102653912
0.000693783350824057 0.0004769703619078632
0.0004318628360840715 0.0006343739238294001
0.0001917551709954387 0.0007682473271665986
8.077108651798961e-07 0.0008694288996226165
-8.268711663599774e-05 0.0009228342127854622
-3.357760868432745e-05 0.0008919965948420926
7.868150328032689e-05 0.0007341814237198465
0.0001271355814059634 0.0004350607969811824
4.689060201381623e-05 3.056314121690682e-05
-9.203226954846611e-05 -0.0003964824698492931
-0.0001534875028463501 -0.0007318757177078879
-8.270775946587046e-05 -0.0008523856403328142
3.131167799601989e-05 -0.0006708561438883046
5.859724619900672e-05 -0.0002053404764035627
-9.694612418961552e-06 0.0003766403768132349
-2.602687518910997e-05 0.0008063593015721843
0.000160435355028579 0.0008597445779127038
0.0005062857251661267 0.0005080197089656572
0.0007443639884939316 -4.829213950660626e-05
0.0005864280764886001 -0.0004991185410409012
-3.681676249205724e-06 -0.0006132571599838752
-0.0007143799802613986 -0.0003646485703838689
-0.001077942987112878 7.256864577050348e-05
-0.0008160725268618633 0.0004340512965199389
-6.722690500002981e-05 0.0005083943375472911
0.0006936160304092316 0.000250583119266508
0.0009926391458655998 -0.0001804579274396404
0.0006964947343966025 -0.0004956470965612202
9.128990661635722e-05 -0.0004529286181855899
-0.0003566861767599294 -4.285042063224448e-05
-0.0003623383914859267 0.0004675103708079686
-1.43407979323916e-05 0.0007094055410896463
0.0003439660417292801 0.0005002775846777531
0.0004224022471876953 6.795547108115763e-06
0.0002070826623413839 -0.0003801505258051827
-7.842507105031755e-05 -0.000372728341764973
-0.0002048786404525584 -3.132861172400601e-05
-0.0001305083559923064 0.0002991337357836249
9.840522996962831e-06 0.0003081162489613741
7.226353545113372e-05 -1.359720680911324e-06
3.985489060658546e-05 -0.0003316786677608442
-8.612990802569473e-08 -0.0003810335857028607
1.503825992874755e-05 -0.0001216211450119352
4.471866777794719e-05 0.0001952704432117589
-0.0001679248521614866 0.0001415694696391089
-1.75429966832687e-05 0.0004154883520096163
0.0001002648072968837 0.0002994060763317557
4.668257825205445e-05 -7.328205719684361e-05
-0.0001221552266234919 -0.0003532895917889828
-0.0002171702400004924 -0.0003209074550587136
-0.000118370550750972 -6.785252470121832e-05
9.919815842741411e-05 0.0001411577879113054
0.0002419284675165163 0.0001504483629102847
0.0001880234229582212 4.02120207168302e-05
-4.910522176063616e-06 -5.004093147082303e-06
-0.0001695471790716334 9.003390721958565e-05
-0.0001843373600142927 0.0002315880789918698
-5.657378468656219e-05 0.0002878336618621925
0.0001205837526659766 0.0002339237958705142
0.0002553504666741695 0.0001465472326219805
0.0002944648542068343 8.204476116912171e-05
0.0002129660338976019 8.345301691362787e-06
2.115142362214269e-05 -0.0001227397003392771
-0.0002009335627640921 -0.0002647122504077869
-0.0003132776646173848 -0.0002846408387757364
-0.0002166135607048345 -0.000102331815335599
3.279344419538144e-05 0.0001956887234750033
0.0002331609913535922 0.0004078265182267209
0.0002027364679957943 0.0003917734260194396
-4.5674620924168e-05 0.000182530724352418
-0.0003039720961202581 -5.889012688702775e-05
-0.000355507634245372 -0.0001950996591399627
-0.0001660421466500451 -0.000200444478021257
0.0001071400245485296 -0.000121359291056523
0.0002784174517008914 9.332503644839168e-06
0.0002878871928568515 0.0001942200761465547
0.0002036464558247749 0.0004230256283482452
0.0001148246918687682 0.0006390147417439331
6.305882529283682e-05 0.0007734416862805494
7.527450179830266e-05 0.0008030663043058541
0.0002146221973392862 0.000754919936942325
0.000550292717781884 0.0006551632628548621
0.001070990784392675 0.000493794722797603
0.001658229231596155 0.0002543142601859587
0.002169763810041438 -3.160759996379355e-05
0.002545580557872289 -0.0002822370807632825
0.00281925679932351 -0.0004308654809692458
0.003035273089654339 -0.000487177760968235
0.003185772936605956 -0.0005241802537063487
0.003244197105724036 -0.0006041325952274199
0.003238869583931938 -0.0007229609804496716
0.00325438324914063 -0.0008257848852291493
0.003344494251452152 -0.0008658164872319203
0.00346094412332478 -0.0008407774513110973
0.003489729798023299 -0.0007791544608890288
0.003355706153821667 -0.0007055459079506682
0.003076167854152181 -0.0006237481464389873
0.002714715413326095 -0.0005220933226140069
0.00231182598221886 -0.0003816916528780433
0.001884098463308461 -0.0001803238170118291
0.001475199140665639 9.649375912816026e-05
0.001160832227507879 0.0004334575101517788
0.0009732048235404994 0.0007710195003562223
0.000837121331737174 0.001018306322042602
0.0006236100716692343 0.001088114597798489
0.0002896298186087712 0.0009304907733889402
-5.216696200760546e-05 0.0005522551203291035
-0.0002339724818386351 2.825661446169937e-05
-0.0002137156246090727 -0.0004959527151154386
-0.0001394189541443176 -0.0008321893329969137
-0.0002107309412846781 -0.0008258196731998515
-0.0004667979623989772 -0.0004517014250746551
-0.0007161232490761222 0.0001398868890642009
-0.0006891835957290344 0.0006787111693226194
-0.0002813336928760738 0.0009100606893913841
0.0003269993902342646 0.0007282522997483742
0.0007738262745789334 0.0002309351241113908
0.0007624477800202025 -0.0003285535775985345
0.0002742965915097062 -0.0006633476328025223
-0.0003952971098439781 -0.0005998765323660649
-0.0008082736797616605 -0.0001862573001005595
-0.0006678647150306338 0.0003100015528013174
-3.786055412037068e-05 0.000553345255881879
0.0006701542123280906 0.0003766245402203154
0.0009708605826590069 -6.741072702936516e-05
0.0006649437902567437 -0.0003947373094308459
2.359973084304446e-06 -0.0002940664024494913
-0.0005074915915469094 0.0001903613151889629
-0.0005030996665026102 0.0006620345604625337
-5.507132318008162e-05 0.0006969640451477042
0.0004201671823810969 0.0002229637141458735
0.0005357149575563987 -0.0003951706205624334
0.0002560333705494753 -0.0006640669600853334
-0.0001177451289619262 -0.0003967272335611273
-0.0002586988515552129 0.0001256244771586618
-0.0001095202999685197 0.0004190018145537114
0.0001093315339035513 0.0002424474403815864
0.0001538300114941617 -0.0001942997143804988
-1.418253144043602e-06 -0.0004505966002417764
-0.0001686573479167491 -0.0002814271402169347
-0.0001679248521614866 0.0001415694696391089
-0.0002460574054058734 7.513004386195309e-05
1.595072689641252e-05 0.0003702777920751322
0.0003060909389913177 0.0003204973774685439
0.0003078745696488036 -3.199589681254694e-05
4.335110177576244e-06 -0.0003406594918019139
-0.0003071280974874946 -0.0003107719946556899
-0.0003300389795987278 6.815987337327435e-06
-7.116645924555471e-05 0.0002812914442091276
0.0001845751249217088 0.0002468751580880024
0.0001827127664000447 -3.505244837031194e-05
-4.491399943432647e-05 -0.0002570361605384665
-0.0002347803420916994 -0.0001858805356526042
-0.0001740277479148043 0.0001166352288432603
9.558199909177682e-05 0.0003814241111590012
0.0003422547767114809 0.0004051253714764037
0.0003732355586520216 0.0002159458109677234
0.0001832337953116706 -7.749275136903449e-06
-8.973959931822178e-05 -0.0001318282062024011
-0.0002995867477598973 -0.0001526312683795283
-0.0003685773888138386 -0.000120994548550912
-0.0002809685799797888 -4.535830987172669e-05
-7.194837880022366e-05 9.139105477952081e-05
0.0001570702930632154 0.0002417796837144127
0.0002621224912168872 0.0002794850604002226
0.0001627037640429683 0.0001148660048433813
-5.598972856997768e-05 -0.0001816207886830043
-0.0001821866096344689 -0.0004026650836695103
-6.258419183703767e-05 -0.0003714171579111563
0.000241276110988175 -8.788342188333206e-05
0.0004980468978661128 0.0002887657811964618
0.0005192931977784094 0.0005888741353698682
0.0003250947542019282 0.0007524430716321736
0.0001040486480096201 0.0008172932262095816
3.596428056125441e-05 0.000826155039585602
0.0001766384880366648 0.0007733982495313385
0.000498329210202696 0.0006359270655974483
0.0009852597060087535 0.000424606989762655
0.001642337845317469 0.0001840705701596294
0.002419760981323039 -4.913584780933695e-05
0.003182869561495659 -0.000265761049705064
0.003798168313906089 -0.0004562765476614159
0.004245548067975402 -0.0005836889482404594
0.004620118743787491 -0.0006066088666411872
0.005018805743100452 -0.0005329909830487201
0.00544668638815523 -0.0004362103740740748
0.005846200369854761 -0.0004028716143800325
0.006193236904805356 -0.000461133960704324
0.006524796017825249 -0.0005631163393675292
0.006862066554709507 -0.0006370566466276699
0.007135687161857891 -0.0006537287782167854
0.007219317589787468 -0.0006450464168730091
0.007037955529145525 -0.0006679504174294808
0.006623734950532925 -0.0007556235420295813
0.006063478742125897 -0.00089471812619889
0.005418779983141841 -0.001032407198988079
0.004719600756378554 -0.001096968207527528
0.004016360740696847 -0.001021959846329253
0.003387928183870605 -0.0007722654455335364
0.002868435619340744 -0.0003644504540271457
0.002387358917284704 0.0001317659429439736
0.001828732622972562 0.000613229631112961
0.00117257827595604 0.0009701450603029509
0.0005593863691929566 0.001107280473042863
0.0001820109416907337 0.0009649858292288293
9.87836595209375e-05 0.0005515412909939926
0.0001580338953212854 -2.385400595985967e-05
0.0001148899240475372 -0.0005549834323423346
-0.0001683579999537917 -0.0008093207621866611
-0.0006126533293173667 -0.0006474101824531167
-0.0009747778986019091 -0.0001231344247167092
-0.001000519694096863 0.0005090418209529271
-0.0005800496674249409 0.0009067431969517936
0.0001578571973253785 0.0008271816630362386
0.0008593782723380877 0.0002876882618679457
0.001109548637405057 -0.0004100823453768892
0.0007103201138361888 -0.0008399215141295356
-0.0001098283686247825 -0.0007240789795731779
-0.0007811320163743783 -0.0001417634043731243
-0.0007982600649948547 0.0005007929116021841
-0.0001508326891898307 0.0007560887187413523
0.0006240152353804649 0.0004794475655739416
0.000876316079099616 -5.12166776970004e-05
0.0004102831467972871 -0.0003646333819385734
-0.0003400576128202767 -0.0002004089479369503
-0.0007088617672639658 0.0002613523910946839
-0.0004053791510616597 0.0005613216323291894
0.0002430453062856256 0.0003807054970490522
0.0006318289453066345 -0.0001607689930113249
0.0004559746999114625 -0.0006093270107662773
-3.965722922673726e-05 -0.0005929971916459475
-0.0003533582042945419 -0.0001605094048451997
-0.0002359088060459961 0.000276635287340599
0.0001008618013717493 0.0003404834807590873
0.0002562857603449343 3.732179738953924e-05
7.699062475520137e-05 -0.0002739386394400157
-0.0002036107271260785 -0.0002547670287719142
-0.0002460574054058734 7.513004386195309e-05
-0.0001946590992974749 -9.010200727418367e-06
4.468124328095091e-05 0.0001828436505119002
0.0003725462906967903 0.0002196682668158261
0.000412181456498132 2.151580334972262e-05
8.777637140723993e-05 -0.0002144685572257109
-0.00029529404634015 -0.0002245507864881569
-0.0003838748785829627 2.370211059101239e-05
-0.0001502242129235591 0.0002775037415079224
0.0001003143853931528 0.0002599243504352122
8.107017539652063e-05 -2.97286516047399e-05
-0.000161477641465097 -0.0003033041627498319
-0.0003106670211152509 -0.0002792781875342057
-0.000136132136465908 2.597539549669531e-05
0.000252293348063648 0.0003180852616776843
0.0005166346902296538 0.0003275796030169082
0.0004278552918688152 7.181877052171228e-05
6.764089888750484e-05 -0.0001872643586495412
-0.0002842442762615393 -0.0002187103737686528
-0.0004155001706168523 -2.892206286577795e-05
-0.0003213697833401641 0.0001935056642377841
-0.0001314827549125821 0.0002887435612805305
3.313696779903465e-05 0.0002458667576771373
0.0001174745003394322 0.0001358315254589637
0.0001095686710220256 -7.850000392667181e-06
3.344647541436799e-05 -0.0001932745746881046
-2.628215673161496e-05 -0.0003725640784104976
4.816777263895227e-05 -0.0004046068776667342
0.000296699459799205 -0.0001667272491379699
0.0005975110406508518 0.0002951212852883016
0.0007414843256242818 0.0007591665403749425
0.0006283029918610521 0.0009947545403086095
0.0003869180839773758 0.0009401134391521646
0.0002824394283474219 0.0007172673774210982
0.0005003856258621351 0.0004898644138251002
0.001029537391451663 0.0003265743403010782
0.001742042224809621 0.0001972042927821168
0.002546579864347751 6.506483225562627e-05
0.003434779321742389 -5.239677813340279e-05
0.00440225428278759 -0.0001127760581209726
0.005384904229879719 -0.0001051572991125794
0.006309638156608364 -5.250436677378024e-05
0.007187258107767361 3.287285615561214e-05
0.008108932595536095 0.0001672483238381815
0.009133332246120958 0.000355184761052099
0.01019912868249929 0.0005465931694582125
0.01117028992224271 0.0006590749262727882
0.01195504338582282 0.0006525857609749804
0.01255100808151862 0.0005728630196756212
0.01297084812936586 0.0005097011095887135
0.01315808579184996 0.0005104610749628416
0.0130100664012424 0.0005362314692950879
0.01248147160277884 0.0004981626579473637
0.01163906756870739 0.0003296822256791981
0.01060628742130672 2.78892364431171e-05
0.009476487216344849 -0.0003554305847851038
0.00829945615014078 -0.0007434604054205418
0.007132105005717483 -0.00105522957767752
0.006054217196409775 -0.001218083899080196
0.005108195704232913 -0.001183022591552202
0.004244743488541586 -0.000938744451917586
0.003369044249150554 -0.0005126962913370034
0.002457590744988944 3.550943333511525e-05
0.001615677804492379 0.0006100455812612235
0.00100390258240889 0.00106729855755419
0.0007069150880384175 0.001234392981810805
0.0006690587604356993 0.0009889073119710874
0.0007304802518319335 0.0003685030734869789
0.0007005184424638015 -0.0003812921824667128
0.0004240595562330956 -0.0008968425602131795
-0.0001349727802774534 -0.0009001201794780271
-0.0007977587094989475 -0.0003888445643132879
-0.001179325580332878 0.0003301068013554223
-0.000918261127520732 0.0008113743709450761
-2.681312135115706e-05 0.0007513325916976521
0.0009689859549457382 0.0001957420483839401
0.001346038209934312 -0.0004754742197712473
0.0007811768869732899 -0.0007960725550444623
-0.0003058708088284643 -0.0005381820453135668
-0.001051755874521632 0.0001167876821064386
-0.0008860076814730446 0.0007022157462978787
-3.506001221085892e-05 0.000812061038941958
0.0006990850714539469 0.0004097604473788495
0.0006882670370507547 -0.0001511771780227195
3.833842413668823e-05 -0.0004231140576583386
-0.000569075127103938 -0.0002359186752134592
-0.000568634826865344 0.0001735202746509888
-3.774802602577603e-05 0.0003882476437721233
0.0004433151235363563 0.0001916928841604334
0.0004101870819639199 -0.0002435393834601875
-3.851841341116593e-05 -0.0005284601888491976
-0.0003979936495121839 -0.0004240191161324267
-0.0003091967781684295 -5.190796540990752e-05
8.892014279898436e-05 0.0002446569750956226
0.0003530551608363038 0.0002413797768783406
0.0002311834337119072 3.233879928446489e-05
-8.337395708896491e-05 -0.0001024425480859294
-0.0001946590992974749 -9.010200727418367e-06
-7.453621077109127e-05 -0.0001426662169542748
4.230416567079714e-05 -8.799908109261022e-05
0.0002854721205043494 7.830693903710363e-05
0.000339822850882762 0.0001322629428959755
9.898088899823118e-05 1.764248943041939e-05
-0.0002160058627999348 -0.000104450719176869
-0.0003118566110303435 -6.666934153784961e-05
-0.0001528802662401417 9.37555412153371e-05
1.390086332567191e-05 0.0001775784785559362
-3.763517520303134e-05 6.753267364135582e-05
-0.0002367179246028699 -0.0001206843297818452
-0.0002912782912453111 -0.0001674654531326524
-3.241396232686974e-05 -1.204234730983521e-05
0.0003664625274888255 0.0001632183544777156
0.0005494191246600533 0.0001365454350483381
0.0003434197212436653 -9.007966182923381e-05
-6.826034181497785e-05 -0.0002740759755277793
-0.0003395078837480632 -0.0001895688380742895
-0.0002964939374433415 0.000125417133199795
-6.338404765555903e-05 0.0004030624633647179
0.0001126437432812218 0.0004152651419872884
0.0001093683245044214 0.0001809959862015226
-3.253333439940591e-06 -9.300983086084883e-05
-8.649969239417337e-05 -0.0002343413016032511
-6.353988910761832e-05 -0.0002284950871144919
6.626578152137586e-05 -0.00013926764049335
0.0002744824001967118 2.444765191178133e-05
0.0005104035960614848 0.0003059573772306318
0.0006815388221011017 0.0006751234777201853
0.0006999766412846059 0.0009669691335436464
0.0005961017329404725 0.0009970814654640305
0.0005676849065326385 0.0007414115204561896
0.0008634854477014828 0.000376022068676518
0.001588338945910688 0.0001262057467082189
0.002629244797025125 8.567074641252009e-05
0.003782643640306674 0.0001861674078987551
0.004944172613750727 0.0003173820848421028
0.00616550191747941 0.0004409937125182006
0.007549861343439157 0.0005843473091143426
0.009135942774485734 0.0007605409285855699
0.01089696288119491 0.0009352157073064911
0.01281042915830387 0.001073172095522469
0.01486819772230637 0.001184241291946152
0.01699980138024062 0.001297778484111367
0.01902202301523016 0.001403014539169333
0.02070859243111148 0.001445383479175315
0.02191930755150257 0.001395082291797172
0.02264487226159066 0.001303271102893194
0.02292444530610376 0.001268019895341761
0.02274720218788387 0.001339749508760781
0.0220594216599184 0.001469115285807232
0.0208580575392439 0.001550444730617615
0.0192460642218796 0.001506955157038648
0.01738347260445116 0.001329283712805056
0.01540199057090117 0.001046543033153807
0.01338263908070658 0.0006848138384372484
0.01139769655225791 0.0002630926857739159
0.009534843644288405 -0.0001844361464839554
0.007862475738594549 -0.0005996317541953069
0.006389618145041296 -0.0009127140937178327
0.005082398522797142 -0.001051005046726117
0.003915743194690318 -0.0009403499909691538
0.002893602785128911 -0.0005337555887945923
0.002031183524031063 0.0001166755042881764
0.001357374140908941 0.0008021958508509619
0.0009468196392304557 0.001207226821563937
0.0008918893213348579 0.001084910926619624
0.001156242498442891 0.000446977553907442
0.001437850140998571 -0.000392918563087214
0.001274493362446588 -0.000985182793346734
0.0004287481436374964 -0.001017422429813362
-0.0007698151576069859 -0.000506970292514131
-0.001544463187614316 0.0002146009359356727
-0.001284945892981097 0.0007085682536659537
-0.0001437701495295604 0.0006958702788786662
0.0009945369372293727 0.0002258398551977364
0.001234049639228929 -0.0003542206770602725
0.0004487349971482392 -0.0006224360526047613
-0.0006178107270605138 -0.000372730664712966
-0.001043546079911767 0.000223358487208041
-0.0005542943811428431 0.0007237337849065473
0.0002928648225922003 0.0007451694789262418
0.000702741124765986 0.0002727969811404636
0.0003936799743972267 -0.000314918515390216
-0.0002174338651295174 -0.0005537777357093532
-0.0005125732532344494 -0.0002871895363100137
-0.0002939910263206704 0.0002018903016385453
9.235136605390141e-05 0.0004497424317458641
0.0001928958610836843 0.0002329821460011746
-6.473797084060114e-05 -0.0002363813200278926
-0.0003381598064488964 -0.0005229860620705045
-0.000280703739832763 -0.0003804542913231637
7.765102972004312e-05 3.338708292556272e-05
0.0003831835454552076 0.0003358030380423311
0.0003582892316747999 0.0002976328075708834
9.439893105102436e-05 3.789331642981631e-05
-7.453621077109127e-05 -0.0001426662169542748
6.131792934253036e-05 -0.0003046035312848306
3.964671727398536e-05 -0.000350984414051468
0.000136900958095795 -3.279391982673769e-05
0.0001821656115351367 0.00029434339918391
6.847506183666716e-05 0.0003028092834847817
-0.0001193191578365807 2.703551431886285e-05
-0.0002130275925421031 -0.0002133343574527227
-0.000166203014927665 -0.0001800673701517859
-9.857684264629038e-05 4.795647350319646e-05
-0.0001238289379929987 0.0002070102136915872
-0.0001813629809201194 0.000158102447865158
-9.930631779565553e-05 9.091798184334437e-06
0.0001695619787967296 -5.993767521915804e-05
0.000430472723220539 -2.19228256811664e-05
0.0004215385534029313 -8.756721903455963e-07
0.000107175604742218 -7.052720515239214e-05
-0.0002471758104453736 -0.0001321991504534012
-0.0003260303996776699 -3.950123073363325e-05
-7.972079990139794e-05 0.0001864859245337361
0.0002343309377632774 0.0003346246489118939
0.0003221096931709798 0.0002258725004745082
0.000138423957885117 -7.202576914643842e-05
-0.000102003762724988 -0.0002924453470433893
-0.0001617341612843126 -0.0002321350317936767
7.582049154750164e-06 6.423850615459697e-05
0.0002739072225293416 0.0003871828204814901
0.0004843566682411421 0.0005902598930407539
0.0005802260221728557 0.0006945239511159753
0.0005912465792308945 0.0007799222366079126
0.00059438210455811 0.0008372556421916137
0.0007161768470339357 0.0007796027864290093
0.001133782610820406 0.0005892560454356967
0.001996604376011219 0.0003983960616053234
0.003308759686593177 0.0003870832659099413
0.004911011620943525 0.0006110835055132155
0.006619262443852912 0.0009556935498278887
0.008397013510111146 0.00125710917176675
0.01038753461373131 0.001442602464652506
0.01278089153741869 0.001543106607696964
0.01566198661881566 0.001600981631454847
0.01897656909344801 0.001608400151155828
0.02259351313766674 0.00154150079050015
0.02634475715153052 0.001417993313674279
0.03000013929500882 0.00128657029291451
0.03325865765436196 0.001165910736678911
0.03583087970826576 0.001027834235979037
0.03755843393377632 0.0008570259587290118
0.03844549726485056 0.0007075367212685277
0.03856757675269846 0.0006709728576665735
0.03796264597461254 0.0007841805456154053
0.0366216250805128 0.0009866995735507255
0.03456926689849286 0.001180638654126909
0.03192531492727732 0.0013212081947886
0.02887686334075056 0.001432959493604775
0.0256053543425882 0.001542231165751704
0.02224855049781377 0.001614850309161487
0.0189133604133208 0.001569778864125364
0.01569720619210072 0.001341079165914457
0.01269505781515375 0.0009154123919965138
0.0100068074402932 0.0003280368186280581
0.007738383839486235 -0.0003369304100031555
0.005953933610436828 -0.0009231410640025721
0.004586390533494317 -0.001213295913062037
0.003420525169356298 -0.001034500194473084
0.00225411845125554 -0.0004106832119690982
0.001143965629538072 0.0003790774612815731
0.0004549512629216614 0.0009287841196200345
0.0005413747237176303 0.0009500606818207786
0.001284132645612539 0.0004518758285921338
0.001975061547397863 -0.0002721730059121662
0.00179987094554969 -0.0008226470052616197
0.0005690097380995164 -0.0009109547193949129
-0.001003586855888989 -0.0005011120006244262
-0.001828742152056947 0.0001706951035513385
-0.001362983030609394 0.0007070984861908682
-8.276142355823554e-05 0.0007697777529330141
0.0009403566333532784 0.0003143199873873355
0.0009710897297630809 -0.0003311360801820758
0.0001882477304555214 -0.0006659541976956032
-0.0005859853411560023 -0.0004037396263318313
-0.0006853690051848733 0.0002600398736966961
-0.0001520842331443865 0.00077168827934835
0.0004219706694842087 0.0006820733069111434
0.0005188722882535168 5.63025413784823e-05
0.0001432914069580525 -0.0005631415504061171
-0.0002863756716400732 -0.0006395373066512167
-0.0004061182221698345 -0.0001357981049305711
-0.000228577858454508 0.0004538060199982614
-3.759559849856989e-05 0.0005758894523018493
-3.648052531017214e-05 0.000142790536100288
-0.0001479361449745457 -0.0004007004211507074
-0.000149974055794204 -0.0005290977048481012
4.346057717665867e-05 -0.0001510218701757408
0.0002814046412747148 0.0003255169430737093
0.0003524463431791228 0.0004269562369650679
0.0002223984673215886 8.999781565567206e-05
6.131792934253036e-05 -0.0003046035312848306
0.0001922197210619333 -0.0003976413820345666
7.901262057446742e-05 -0.0004998484063337136
3.312556662589381e-05 -8.776194764441687e-05
5.485470772234473e-05 0.0004237547286884463
5.434702649438318e-05 0.0005217240801875026
-2.934513582275107e-05 0.0001320332075152456
-0.0001600348492165842 -0.0003234549984685834
-0.0002536536204008452 -0.0003887018564417525
-0.0002600978507788587 -3.941763883800252e-05
-0.0001760080900036514 0.0003343937211496346
-8.013457685963445e-06 0.000368371623654581
0.0002217708913728196 8.42585060724291e-05
0.0004221946489155044 -0.0001933866309169742
0.0004410256789469259 -0.000213360785923458
0.0001969630413707199 -2.614161059424909e-05
-0.0001830631812903042 0.0001464220965069937
-0.0004124982264493256 0.0001824273251250734
-0.0002924337800523301 0.0001399402089913464
7.836059774449263e-05 0.0001026025245746759
0.000373509274055118 4.325828426220945e-05
0.0003473638223842422 -0.0001033622634520397
7.165497780425071e-05 -0.0002748415747762953
-0.0001454137708520822 -0.000276621800657852
-6.736150816628835e-05 1.541011472272445e-05
0.0002579887265214015 0.0004815980256041058
0.0005815908050818691 0.0008395184735342488
0.0007120832498797033 0.0009074784819843199
0.0006776363099191382 0.0007623572973146711
0.0006702153047830215 0.0006299691591164398
0.0008915783676222037 0.0006533059764174296
0.00147114608857068 0.0008004939655910443
0.002480885429193625 0.0009795666630576724
0.003954583288600687 0.001180558706271804
0.005867423795636448 0.001464281250935771
0.008139324420322962 0.001834110506898565
0.01071662617232499 0.002173286847966919
0.01366863994071613 0.002333306099182862
0.01718046479093111 0.002263947329849484
0.02142296679318448 0.002033844626561287
0.026415874799117 0.001736982430135969
0.03200051045996942 0.00141212674517775
0.03790967569265124 0.001058775478081219
0.04383177986807191 0.0006952880730340874
0.04941933456466858 0.0003635630523764361
0.05429809625110164 8.069802319070983e-05
0.0581396570817931 -0.0001775617736728201
0.0607607578601104 -0.0004251675658013803
0.06214935967047176 -0.0006172739647322558
0.06238380547517734 -0.0006841529595674752
0.06152661412506789 -0.0006154803753648674
0.05959527747319802 -0.0004838376300813942
0.0566202172085742 -0.0003646363694786911
0.05271319456673537 -0.0002434844814999296
0.04808011040247963 -2.631405847012067e-05
0.04297974440054819 0.0003535197642401446
0.03766393311652244 0.0008509753964955153
0.03232445885235533 0.001332951926454813
0.02707196960064998 0.001663639908439776
0.02198358566332692 0.001749895882128034
0.01721146044253345 0.001527784592375015
0.0130434790057587 0.0009672034450337234
0.009783558592325549 0.0001406087220811153
0.007482909555454429 -0.0007176630256840518
0.005781131305449943 -0.001274927814881958
0.004115059241253339 -0.001286565732393103
0.002216141044919366 -0.0007636266439788369
0.0004439076519036348 2.061553571711627e-05
-0.0004573498115501231 0.0006851994647149192
-6.808766923256441e-05 0.0009341376387746238
0.00116437939076515 0.0006780614823338293
0.002127343195566098 6.493061945222908e-05
0.00189818883061952 -0.0005667474617703182
0.0005148142931075461 -0.0008296661341143169
-0.001048852923669927 -0.0005195302776338404
-0.001699165718354155 0.0001900227479792585
-0.001109739172928185 0.0007942641942624558
8.357549851146115e-05 0.0008096118951392955
0.0008933915314293455 0.0001936046971506124
0.0008062606626277102 -0.0005583975027150462
0.0001096164430930359 -0.0008011449545872274
-0.0004842010069458217 -0.0003142685564785579
-0.0005001191343381339 0.0004696654052685768
-5.071496263691571e-05 0.0008383646901742115
0.0003695241445101279 0.000456657320781605
0.0003801984449077454 -0.0003146989473686537
2.731661826683235e-05 -0.0007596895613214082
-0.0003308895433830511 -0.0004893185858146209
-0.00039588128054617 0.0001980524283430991
-0.0001830597613868286 0.0006305859695615535
5.620881770235331e-05 0.000432076408873778
0.000118612455792657 -0.0001273725268396403
3.278806077440456e-05 -0.0004431932889648099
-2.252831424252467e-05 -0.0002137594670309384
5.925686855837666e-05 0.0002628960319789651
0.000204355497149125 0.0004326929974374261
0.0002646089432787552 9.132713790560716e-05
0.0001922197210619333 -0.0003976413820345666
0.0003059121873567475 -0.0003270848828240455
0.0001514044382058998 -0.0004666213717012482
-6.588157759392438e-07 -0.0001045019172133487
1.964767161372123e-06 0.0004110636650429825
8.481378429074121e-05 0.0005464512077088835
5.655856800490131e-05 0.0001614992613998366
-0.0001506821052416196 -0.0003331360084216295
-0.000388755496312021 -0.0004178437738128085
-0.000434921717914951 -2.074993058820954e-05
-0.0002004263755877472 0.0004176763316975278
0.0001961473127736195 0.0004298072858871183
0.0005247949052149598 1.450013857149617e-05
0.0005969659935384626 -0.0003872151934153015
0.0003689848962857002 -0.0003743874380321231
-3.409351926619644e-05 1.616345785814274e-05
-0.0003751627082522843 0.0003977298843455989
-0.0004414313029271616 0.0004520236495772282
-0.0002031478705778872 0.0002018217200153184
0.0001379638059966668 -0.0001027288523639642
0.0002994693753573893 -0.0002712686612872629
0.000170246756803486 -0.0002887025073379556
-7.490506917760081e-05 -0.0001977899600797855
-0.0001343045837993353 1.808813694321252e-05
0.0001291363298704598 0.000374964360018108
0.0005583272768537361 0.0007608177847683788
0.0008695796597662744 0.0009652956453262906
0.0009443727945754396 0.0008839186252026571
0.0009532135916443748 0.0006645871440506719
0.001211806024487762 0.0006045165268807769
0.001945008112455759 0.0008914172817225029
0.00319207250460132 0.001459861783484906
0.004899241348434787 0.002092190528463989
0.00705561366699223 0.002618881049071828
0.009736184870836679 0.002996292079552809
0.01306063762535235 0.003223887317422881
0.01715595563857143 0.003255005850814131
0.02215154545664197 0.003026168754288199
0.02815608502364403 0.002551233528263766
0.03518702426383411 0.001943980582870553
0.0431059684470614 0.001337129045109649
0.05162813442817404 0.0007987825580217657
0.06039423397441278 0.000334547199487126
0.06902714159216293 -5.767943555832897e-05
0.07713277725701502 -0.0003683545860473824
0.08429169465923687 -0.0006060063189608345
0.09010554825012351 -0.0008081573003274656
0.09428779702485843 -0.0009987144819459952
0.09672025396879209 -0.001151147607295244
0.09742262692193283 -0.001224651089729298
0.09646652165627841 -0.001238352490416855
0.09391026125594694 -0.001278373679049855
0.08980052929590537 -0.001405337913504501
0.0842308706910086 -0.001562367696452933
0.07741420629696782 -0.001599430275296267
0.06971424523727518 -0.001397237212745207
0.06158452193213296 -0.0009570419463738395
0.05341585688051563 -0.000370533880933093
0.04539541228174297 0.0002666539159280092
0.03753261019838026 0.0008776933443379744
0.02989003421446985 0.001349790669174044
0.02282281888765945 0.001511831877858287
0.01692911306081913 0.001226555277225935
0.01263942677627746 0.0005304570031237597
0.009772034270974382 -0.000325612984942112
0.007533005555671685 -0.0009916836831590601
0.005094353671732583 -0.001197647689987501
0.002308342758019213 -0.0008700734105168185
-0.0001103161266214193 -0.0001520055342158951
-0.001183561401698088 0.0006382160664667846
-0.000580735421779915 0.001105052915778998
0.0009616370160038948 0.0009625937628726049
0.002114810717025688 0.00025669802048744
0.001949526936267676 -0.0005687657421425747
0.0006135643391571863 -0.0009233495860400462
-0.0008596072854853109 -0.0005283588952049174
-0.001423944678687896 0.0003014282684843735
-0.0008356827505896515 0.0008694494388385553
0.0002402511884621391 0.0006868435214488017
0.0008623826546190233 -7.699873411438202e-05
0.0006057841721051466 -0.0007290855516905897
-0.0001550650563721524 -0.0006841791342472097
-0.0006691642179152988 -9.972002459194326e-06
-0.0005128792728527542 0.0006408438319837446
7.086218017775065e-05 0.0006553865167055486
0.0004754298611286513 4.035998593578522e-05
0.000342501636982935 -0.0006044128230100483
-0.0001223565679477665 -0.0006823765147372562
-0.0004125100511679183 -0.0001690759928634918
-0.0002551579570632116 0.000404619512012222
0.0001408576237955562 0.0005134865446994496
0.0003517925923029447 0.000154253880574401
0.0001992215149507867 -0.0002060357411940368
-9.408812391320421e-05 -0.0001667694045483493
-0.0001867029365536778 0.0001751546618939524
6.014395471279908e-06 0.0003620390763995537
0.0002554027922584316 0.0001157451490488915
0.0003059121873567475 -0.0003270848828240455
0.0003762083472460174 -0.0001010620450225458
0.000195222541530637 -0.0002733648112277205
-2.214614266649075e-05 -0.0001195124965435933
-1.709662737307448e-05 0.0002106436716242808
0.0001349411643917644 0.0003403358075942954
0.0001385566847398402 0.0001060432403809335
-0.0001401901518502352 -0.0002290039725265969
-0.0004832627277305274 -0.0002604031247511887
-0.0005353164048952689 8.294447097559667e-05
-0.0001750358690217888 0.0004275624404702249
0.0003549732380487399 0.0003586403708589281
0.0006709803863132807 -0.0001051044204055687
0.0005749921815782922 -0.0005052986987777666
0.0001824889473169525 -0.0004251408748883419
-0.0002132133358242368 6.90749790591305e-05
-0.0003731556664576458 0.0005023269314177875
-0.0002552332488810895 0.000481576788582015
-4.925571885130013e-06 6.601177632475534e-05
0.0001646304036127977 -0.0003453794797019951
0.0001276536766705681 -0.000427879493764495
-5.400796398518271e-05 -0.0001854584602137689
-0.0001685491553572185 0.0001630300862341723
-2.88163772056827e-05 0.0004479024627198272
0.0003529377487308828 0.0006474089513481706
0.0007675441594610929 0.0007844667548378326
0.001017306181558583 0.0008392145315200643
0.00114398078656556 0.0008180443118867525
0.001447686950991471 0.0008601317601674941
0.002270396450300322 0.001186682313327997
0.003758385543109573 0.001901948403483653
0.005835455711166605 0.002861454403024871
0.008397109637866013 0.003761371069532339
0.01152056666049534 0.004354609460250196
0.01549679268121429 0.004573393261931713
0.02068479872543284 0.004472163943331921
0.02733877228460592 0.004110534816921623
0.03552990737025926 0.003523899796115241
0.04515990070583841 0.002779572395007242
0.05600022995675276 0.002004538852538534
0.06772733715735293 0.001329248237313033
0.07996692860572448 0.0008153729926730347
0.0923426034508413 0.0004516778737248357
0.104488145546867 0.0002055661478592934
0.1160035005539376 5.445787277673267e-05
0.1264016537280088 -2.859050848956041e-05
0.1351235922771392 -8.528013384911464e-05
0.1416457811027139 -0.0001436961092009493
0.1456192039988938 -0.000193095728599429
0.1469441198231728 -0.000216378410018579
0.145727891116403 -0.0002515098607978984
0.1421559688911708 -0.0003923186723697586
0.1363721648822471 -0.0007022664598716259
0.1284710800062415 -0.001131728460229601
0.1186306348085991 -0.001540968533088958
0.1072823150360732 -0.001808051873096074
0.09513399959621421 -0.001896793717012975
0.08294329626780034 -0.00181342466594299
0.0711743293283445 -0.0015275021492242
0.05985005200225976 -0.0009820417663650774
0.04880385510246907 -0.0002016135695454778
0.03816232399202559 0.0006284892381151742
0.02859513495116507 0.001221606618925864
0.02099724544655026 0.001349752291180155
0.01578372996177643 0.0009705851572304042
0.01241369771677413 0.0002441108246379335
0.009653900869899234 -0.0005288596398819127
0.006470329341906503 -0.0009981703207003901
0.002839246432764992 -0.0008972274993330729
-0.0002356258513603005 -0.0002194955524407824
-0.00157556231673019 0.0006770551998567017
-0.0008785598772399812 0.001211601431353365
0.0009045685090272353 0.0009753047465975761
0.002210327207507378 9.816310522358862e-05
0.002017757194701172 -0.0007771575646143749
0.0005736147413365769 -0.0009808024880741805
-0.0009121250879808382 -0.0003807952808657751
-0.001332759680057804 0.0004886541306434131
-0.0005918207425388303 0.0008866242150493589
0.0004232886645226897 0.0005147347051205975
0.0007301573864804679 -0.000237249728279504
0.0001493588890260713 -0.0006738313100763081
-0.0006217385305004028 -0.0004395417800200819
-0.0007758065249854676 0.0001781344272117897
-0.000201930854743016 0.0005575374554900231
0.0004698797734400117 0.0003464946180280333
0.0005771319406599469 -0.0002236145600154419
0.0001062277780907432 -0.0005970194396345952
-0.0003590543097536442 -0.0004449717292837438
-0.0003125191142923349 4.234418422657672e-05
0.0001420598426733642 0.0003919027719612965
0.0004619807112860252 0.0003392779502896716
0.000298610264447839 5.907328841778034e-05
-0.0001362093365849257 -8.25217001024886e-05
-0.0003505061363041559 4.765176665378988e-05
-0.0001347349311883088 0.0002254650156949804
0.0002406614866453461 0.0001691314667921565
0.0003762083472460174 -0.0001010620450225458
0.0003807087620313607 0.0001610681138484329
0.0001648077906638171 -2.410909422850883e-05
-8.376090471629539e-05 -0.0001576022340930103
-5.418613750894263e-05 -0.0001148506709014326
0.000159768290730309 5.943410580446288e-07
0.0001953309950180823 2.480393309815283e-05
-0.0001073818352735558 -3.206324608039245e-05
-0.0004761059572863493 -4.735854301875775e-06
-0.0004937063609018336 0.0001727195804397238
-6.673407951397391e-05 0.0003207026059425929
0.000455224229142212 0.0002030550627689946
0.0006292778472144402 -0.0001539985966300446
0.0003468103414119394 -0.0004212105412700648
-9.802229888924554e-05 -0.000303934508732333
-0.00032252955674158 0.000108596634748835
-0.0001991637529601813 0.0004004446125727877
8.864944109294889e-05 0.0002591800156021888
0.000265467810905841 -0.0001871714572230562
0.0002070507620080186 -0.0004964623257912888
7.657731798174089e-06 -0.0003580638127300423
-0.0001292193696387622 0.0001233769844864833
-5.290832999209116e-05 0.0005790090700099745
0.0002340635683401681 0.0007530185044460849
0.0005906294536785649 0.0006985404941348606
0.0008624271450298482 0.0006481945902286767
0.001046406430286343 0.0007796078057292575
0.001367910851235101 0.001140940177422598
0.002180066840325135 0.001740331036456272
0.003745408829145278 0.002604242900189489
0.006094608901519742 0.0037027776562036
0.009114218002604958 0.004857951668962802
0.01280364476880409 0.00579131148468514
0.01746757647496219 0.006290289042765786
0.02365890778911211 0.006322750835961784
0.03191193801693017 0.00599518385894413
0.04247825579516954 0.005431582899259765
0.05524194838288697 0.004714670013883926
0.06981656171350277 0.003919939300923958
0.08570261017791671 0.003152224602280481
0.1024025120265671 0.002515000772726251
0.1194742721918074 0.002051538430152019
0.136542477686091 0.001736224807105134
0.1532626462024778 0.001522299983209313
0.1692276273129966 0.001382102072679768
0.1838555493018136 0.001301681315927115
0.1963567353062175 0.00126191916104903
0.2058595828717319 0.001246006740512608
0.2116678816186188 0.001255545871349094
0.2135020863364901 0.001292688422694813
0.2115505348193462 0.001318947343881646
0.2062698395465164 0.001252483197517626
0.1980653630365716 0.001027064440255931
0.1871066974565684 0.0006496710031725654
0.1734579185514872 0.0001832191276043912
0.1574405937824113 -0.0003252447396095714
0.139899383665835 -0.0008725032113646186
0.1220563076962204 -0.001435356137430444
0.1049745019988405 -0.001891473107334554
0.08904571779189324 -0.002039218227930318
0.07398343901091223 -0.001725910148276501
0.05940853138013875 -0.0009723252928234796
0.04555979222954616 1.187626521962896e-05
0.03346271003992319 0.0009139879815921296
0.02429490433082555 0.001428056928163094
0.01840028187588258 0.001353500036910004
0.01480154899393415 0.0006995073031688647
0.01173603952862479 -0.000237203305024281
0.007899122348270273 -0.0009407393256162706
0.00341705000393855 -0.0009598481380569186
-0.0003013789259169073 -0.0002595831854913364
-0.001793137246650848 0.0006705298099261599
-0.0008656467089360862 0.001131908837551233
0.001117820522897984 0.00076197018850459
0.002275834705201738 -0.000147934598666803
0.001690385793953657 -0.0008703477510491083
3.270120001276784e-05 -0.0008395971961318586
-0.001202902739202595 -0.0001203244102499258
-0.001112899399751842 0.0006625687099929051
-0.0001184878988706118 0.0008686260685179413
0.0006119457103262866 0.0003807583011561962
0.0003877616314068875 -0.000327878126986846
-0.0003892341433088862 -0.0006398480705196856
-0.0007798186387822251 -0.0003406325849897138
-0.000356881741374705 0.0002222755243716
0.0003891959457040701 0.0004951241747805938
0.0006627782805198302 0.0002421537047339186
0.0002495238865721538 -0.000255809913416203
-0.0003075671352520414 -0.0005027434807475037
-0.0003769213686724138 -0.0002774417353062457
5.588371840641107e-05 0.0001750363342362727
0.000433596682066196 0.0004237368007949033
0.0003111453558672338 0.000292491529258929
-0.0001458916014460697 -8.162000030821438e-08
-0.0003987099729284712 -0.0001209467901446291
-0.0001783250830148914 1.198638885951625e-05
0.0002342039498228889 0.0001817706445993614
0.0003807087620313607 0.0001610681138484329
0.0003346155173820886 0.0003282022783904362
9.05600758028725e-05 0.0001693673075543569
-0.0001576681992140906 -0.0002129821381132351
-0.0001008259802837962 -0.0004339331445418451
0.0001436846704774873 -0.0003085332345747393
0.0001974491463344957 -8.083549672857755e-07
-8.073168080888748e-05 0.0002113811032654232
-0.0003885923892759397 0.0002275592907810749
-0.0003259501931325016 0.0001467501899819781
0.0001190343313867589 7.303089362648897e-05
0.0005217865189220241 9.146265590642934e-07
0.0004736713161788263 -9.393283455457365e-05
2.269233908657988e-05 -0.0001431757142615781
-0.0003812406057146161 -5.592999074657103e-05
-0.0003563072387154886 0.0001123160580496451
4.316005120532184e-05 0.0001552801085964797
0.0004247966687591115 -5.467576910490237e-05
0.0004709247897289739 -0.0003630662535241818
0.0002218434421538122 -0.0004368897174545115
-1.747854347316868e-05 -0.0001059365986069226
7.958310135898263e-06 0.0004317060760687354
0.0002945371158619133 0.0007875082848915119
0.0006366392823575623 0.0007686416503250234
0.0008458317109585811 0.0005699398904468985
0.0009323910958818351 0.0005918225716527135
0.001134280563415529 0.001102398948597456
0.001804724090055673 0.002082900624865735
0.003241759273333836 0.003344743805936006
0.005568159671189201 0.004716290356171111
0.008757383853553038 0.006091373789906075
0.01282063725297644 0.007354666519621619
0.01803585528828722 0.00834349453255151
0.02502338642131246 0.008917810919455892
0.03456166229958826 0.009046606895304135
0.04724134214187548 0.00880158994488435
0.06319206658287439 0.008276760963938258
0.08204993376924143 0.007538735832985077
0.1031359404385607 0.006651681240815809
0.125680671759784 0.005713440504187386
0.1489655227317898 0.004833690141852312
0.1723743529820524 0.004075301500002046
0.1954084627434852 0.003433850300956779
0.2176690322130976 0.002878840646962977
0.238756559337948 0.002402779443370862
0.2580847163172099 0.002024657465815409
0.2747306768349188 0.001760146411682769
0.2875023001750453 0.001605498957298873
0.2952871255016581 0.001547353541709302
0.297515249121851 0.001569889952512149
0.2944122791273547 0.001644887229218091
0.2868090687011592 0.001728141292098585
0.2755917821538867 0.00177973475530604
0.2611883608483006 0.001781377583720439
0.2435178384089446 0.001715522689015737
0.2224929749632855 0.001525462184518698
0.198692022411731 0.001120701413952097
0.1736004983312654 0.0004526649147471642
0.1491084596337363 -0.0004011931842496069
0.1265638422172429 -0.001231366589913553
0.1061291652457869 -0.001781084203161395
0.08703610231343636 -0.001853775567370313
0.06862076366282925 -0.001382919618035866
0.05130608358950915 -0.0004690614799795126
0.03662526991307789 0.0005997517213823733
0.02612015587705216 0.001391844673164602
0.01995286065162322 0.001510417782673262
0.0164567761961737 0.0008623826727777652
0.01317090645128094 -0.0001872795177523143
0.008626406948480932 -0.0009774276117851693
0.003394737937184463 -0.0009908439932507071
-0.0005598431561037149 -0.0002538376003014142
-0.001714754071333168 0.0006536541658902955
-0.0004048527927587032 0.001030644775745167
0.00144113374807258 0.000604084324679236
0.001965327376824178 -0.0002537281311066979
0.0008746041961373073 -0.0008296018441310581
-0.0005939822741023467 -0.0006569029896013424
-0.001076893054783379 9.692899774119028e-05
-0.0003963773201600392 0.0007741069554024815
0.0004689974707263726 0.0007930292607967985
0.0005588117845484976 0.0001564827583584429
-8.347611473848426e-05 -0.0005533681808706767
-0.0006125187037109383 -0.0007062217220585479
-0.0004151548906916529 -0.0002037949955362648
0.0002340573360594984 0.0004403989394328568
0.0005741764186933356 0.0006090845768250145
0.0002632892686677277 0.0001844246250891845
-0.0002768743460409748 -0.0003566101723818873
-0.0004155071767657428 -0.0004492640108676663
-5.339685283652562e-05 -2.120054980012776e-05
0.0003170694069424712 0.0004592211257881667
0.0002435171504119981 0.0005014804041421064
-0.0001561737313152954 0.0001070666425973391
-0.0003782909973539307 -0.0002696670148070886
-0.0001600981417115253 -0.0002419495795316705
0.000225727589473596 0.0001001124032495871
0.0003346155173820886 0.0003282022783904362
0.0002875206733964917 0.0003630190498182251
5.474698764833216e-05 0.000264567386479704
-0.0001619322935508284 -0.0002506764715022903
-0.0001001152885352665 -0.0006303198607169352
0.0001101344010992964 -0.0004738041141701618
0.0001361762071434715 4.971435419432144e-05
-0.0001002634170851222 0.0004234836399456866
-0.0002907445861434472 0.0003429827748812567
-0.0001172175112327442 -1.711469294581907e-05
0.0003193174454451488 -0.0002614368788477072
0.0005594105299287641 -0.0001985980533373017
0.0002946866698700271 3.324570779382324e-05
-0.0002577935658798888 0.0001906994147432456
-0.000557631134969462 0.0001723379615673561
-0.0003044316429375149 3.571560401360359e-05
0.0002564426812554117 -0.0001325983512890793
0.0006061957225465976 -0.0002745747430722665
0.0004882344705494992 -0.0003124457139906986
0.0001364195968512727 -0.0001503221668071269
-6.870689228074854e-06 0.0002060992471803431
0.0002553111831482691 0.0005686074119009025
0.0007181809876742083 0.0006982880759167875
0.001030671763511773 0.0005701014087293695
0.001067344088267601 0.0004846371457727287
0.001067484105969865 0.0008693033198093863
0.001468946226728863 0.001944306445097014
0.0026372985818403 0.003576988549385408
0.0047231277509661 0.005440786234855354
0.007727154553824273 0.007280886158444487
0.01170195829742085 0.009019941145734298
0.01696230031140064 0.01065434310735563
0.02418293597848924 0.01211305693249467
0.03430266660690812 0.01323919223144019
0.04824219270296181 0.01387762127075882
0.06656432896878191 0.01394760764150578
0.089262874569022 0.01344378601557763
0.115782148181947 0.01241446313341961
0.1452015226014413 0.01096810887169634
0.1764287840666164 0.009282118044819668
0.2083177479434835 0.007561762539538818
0.2397611054743279 0.005961985082163709
0.2698350479944853 0.004544491595037448
0.297946677203227 0.003309925570251226
0.3238140389329304 0.002261233998834193
0.3471762113572672 0.001427121718032257
0.3673796455232143 0.0008317599462912141
0.3831895141251546 0.0004596001932307395
0.3930944957105288 0.0002588976515720605
0.396010061626876 0.0001757477836018573
0.391913713973381 0.000182593150919149
0.3818982880736484 0.0002829308186283067
0.3675072363433107 0.0004977165317050535
0.3497718777229994 0.0008395504009351478
0.3286726090415762 0.001277559105911746
0.3035057103669592 0.001711152276898064
0.2739647907620724 0.001983220657578898
0.2411237814531212 0.001940262874844515
0.2074625817452728 0.001504747366862847
0.1757474295451705 0.0007160982111841414
0.1475221033077107 -0.0002674644735216697
0.1224136223295933 -0.001187301394651835
0.09892225288478169 -0.001728528853503027
0.07615334253082916 -0.001627862883750681
0.05504196697289163 -0.0008432188723646965
0.03790528730708101 0.0003213141070889893
0.02655258390338915 0.001288488960330142
0.02053895656888793 0.00151811883033889
0.01717792936234679 0.0008797218313990064
0.01344871571790841 -0.0002025177801757617
0.00820679012562996 -0.0009967521209210592
0.002762944976806363 -0.0009693755579417068
-0.0006491328737439709 -0.0001851558021619231
-0.001065437600549722 0.0007238336812812291
0.0003647583767492573 0.001035645900547631
0.001535761369764976 0.0005151467024568055
0.001274874772615171 -0.0003799240252483829
0.0001160597962280504 -0.0008722493716483794
-0.0006259774291412384 -0.0005400919049183469
-0.0003390379025689669 0.0002919311332302852
0.0003949531527247776 0.0008345433845711357
0.000634872579218064 0.0005709716071336572
0.0001576587607710622 -0.0002381466117691467
-0.0004128713709215909 -0.0007983324344846178
-0.0004321967985734745 -0.0005657960271571998
2.926918855103885e-05 0.0002076842615289731
0.0003588400019795258 0.0007404045700681821
0.0001770829416429189 0.0005340978512647878
-0.0002471177345388358 -0.000119359542394136
-0.0003875872898850438 -0.0004775401232839324
-0.0001161021656954331 -0.0001600935654245152
0.0001823153345808022 0.0004548446258004608
0.0001252973770891405 0.0006748450869621171
-0.0001941353960537266 0.0002667745164704972
-0.0003507389100271438 -0.0003067659253298776
-0.0001313916101284155 -0.0004327221085064415
0.0002106402135990981 -3.638425315439171e-05
0.0002875206733964917 0.0003630190498182251
0.0002749518307678995 0.0003273631229939822
0.0001030899593248181 0.0002978116959329381
-5.895841896421394e-05 -0.0002269476668164184
-2.489602691340334e-05 -0.0006577832940921422
8.450593813178886e-05 -0.0004922840606471169
3.537718692415015e-05 0.0001086303939823188
-0.0001616185850707825 0.0005087847868881935
-0.0002193362296632964 0.000307615678313819
5.644680700521762e-05 -0.0002415755771300667
0.0004548831037968771 -0.0005441663201771136
0.000533585447919897 -0.0003110513451915685
0.0001224863474532369 0.0001798197041885266
-0.0004280959728523006 0.0004331843170626422
-0.0005788247665382147 0.000249912434349055
-0.0001701862124298087 -0.0001404373033517429
0.0004021610543033081 -0.0003792698527917776
0.0006058820543034147 -0.0003154426675002596
0.0003274629021881833 -5.256519732808259e-05
-3.202564165710109e-05 0.0002299416002693362
-1.178299348844342e-06 0.0004203953647186291
0.0004747204287388285 0.0004814403107554391
0.001013726725960609 0.0004357815784340019
0.001232918445733289 0.0004205550344018003
0.001169105367927112 0.0007169602079031063
0.001281920256995178 0.001627189231295071
0.002093508730621006 0.003259972513428448
0.003853886485006168 0.00544341319858955
0.0065339057793467 0.007876746639698317
0.01010893339040107 0.01037087588514128
0.01487163315767478 0.01292650687088669
0.021557444483364 0.01558036687507244
0.03124486456181309 0.01819822465493823
0.04511235420198738 0.02043018273810116
0.06415217587254714 0.02185681640684701
0.08892621977411616 0.02217794669750597
0.1194304354113496 0.02130621137353998
0.1550831913691153 0.0193585498165623
0.1947797098033625 0.01661169978937973
0.2369449476004802 0.01344829195808276
0.2796148216351678 0.01027106688263186
0.3206762623357616 0.007391813541521176
0.358332741460718 0.004960705148908054
0.3916182840736427 0.002990179617060841
0.4205806475144378 0.001442450450750772
0.4458590489826182 0.0002923731142271335
0.4678075148669704 -0.0004825998261865413
0.4857432909574051 -0.0009468039176746038
0.4979334203795647 -0.001214345516547901
0.5024602563449798 -0.001399923526643253
0.4984393978300107 -0.001556513051139247
0.4867129254535283 -0.001653624034112829
0.4694234064028783 -0.00160817775265925
0.44865271465869 -0.00134023276633805
0.4250558671265779 -0.0008202155915287897
0.3975570871827184 -9.144044336594261e-05
0.3644959126469712 0.0007316729936642264
0.3255056707286802 0.001481499703239322
0.2826914231166663 0.001964368047984771
0.240024443535833 0.002000771183809966
0.2011982962101988 0.001491220728833298
0.1675260823868436 0.0005035624090913031
0.1376143997011004 -0.0006684719689848808
0.1091909867869156 -0.001557244190852148
0.08160538818393914 -0.001723242779889805
0.05681458965613231 -0.001029471900820201
0.0378979858809418 0.0001950603599153503
0.02634901034205774 0.001269277467915349
0.02056388009917398 0.001549299730583161
0.01691927373007971 0.0008695566739193014
0.01248380432038526 -0.0002896473642665137
0.006942288276035349 -0.001094684352900521
0.00212398425673466 -0.0009637717085548196
-0.0001971014135454629 -4.061327525376757e-05
-5.182372287270733e-05 0.000885884162315662
0.0009375660839799679 0.001023399399471415
0.001212445585637309 0.0002711525442390818
0.0005607876385028115 -0.0006698946795456963
-0.0001363976823831314 -0.0009316264736485244
-0.0001464242327598517 -0.0003022191988999821
0.0003355321935161715 0.0005638969451949944
0.0005840962101934988 0.0007946716308439595
0.0002613213168227998 0.0001815810735919311
-0.0002558179779257224 -0.0006126044685465127
-0.000414718115875597 -0.0007531725819215497
-0.000147808513746131 -0.0001112249420805917
0.0001253382012231763 0.0006189852215396821
6.537221009594009e-05 0.0006882987327628752
-0.0001967042910047582 0.0001012786707668121
-0.0002915721494131458 -0.0004238060815891324
-0.0001096546965300473 -0.0002821338920965394
7.988301344082154e-05 0.0003456497326260625
6.713054011068361e-06 0.0007280528787175704
-0.0002398483744569792 0.0004324756805494131
-0.0003273978695792187 -0.0001955073143841563
-0.000107846557551466 -0.0004595506649889151
0.0001966888042959283 -0.0001260332644697461
0.0002749518307678995 0.0003273631229939822
0.0002787733301367869 0.0002916108115195987
0.000191572369944407 0.0003225011414660072
8.890895029004194e-05 -0.000117932010396482
7.341177330494206e-05 -0.0005328529795031112
5.814193847484367e-05 -0.0004274378046712137
-6.527889470387378e-05 8.632695887621465e-05
-0.0002061920490321597 0.0004081542602317526
-0.0001382151303833277 0.0001502526879240725
0.0001891979383463683 -0.0004073035870081656
0.0004922766241725095 -0.0006341427460024897
0.0004110614773216088 -0.0002618279000371489
-6.507853553898249e-05 0.0003254931577241978
-0.0005124973924982648 0.0005271796229223349
-0.0004845061485294444 0.0001700132065931225
6.714402694306309e-06 -0.0003466475255100753
0.0004830234157931109 -0.0005078010956325968
0.000501388848439592 -0.0001961969330914435
0.0001241122009544271 0.0002651968355503835
-0.0001559425483753207 0.0004982291273584412
5.093727236329925e-05 0.0004186545721843302
0.0006254020695137721 0.0002359027285043672
0.001096536903503425 0.0002253140837781542
0.001181646129132292 0.0005756000992837027
0.001132716138779726 0.001410931420477262
0.001549699290152846 0.002843418402428584
0.002892557485251862 0.004935775793950872
0.005209943868385118 0.007644943233543293
0.008343050045079958 0.01086913744091753
0.01238742952433306 0.01456009253877588
0.01799797576113124 0.01872893937741268
0.02633344204404574 0.02327492315362866
0.03876501512946302 0.02779105336710484
0.0565901513107963 0.03156904635362687
0.08086605167821607 0.03384690068093178
0.1123123060359169 0.03412018999493125
0.1511884143285766 0.03230881595475701
0.1971068366642425 0.02872858163650843
0.248809699799844 0.02395975441827769
0.3040045284562096 0.01870204532270537
0.3594378905433658 0.01362930480630289
0.4114073883131986 0.009242494143740888
0.4567327813247132 0.005773239487859469
0.4938337969017765 0.003203944240826415
0.5232668206773585 0.001390594183704302
0.547201051121125 0.0001855284747505763
0.5679276299531696 -0.0005298127387728298
0.5862137696448758 -0.0008881775366668955
0.6005734203167209 -0.001065872173215588
0.6080391324209413 -0.001240755957523457
0.6060426768971523 -0.001513187811522893
0.5941938840540369 -0.001866770261618909
0.5746903088771286 -0.002200778346697731
0.5509318492204122 -0.002396494269435254
0.5251810749767031 -0.002362128238674526
0.4969420289779461 -0.002041408769360394
0.4634151465660515 -0.001414013415777487
0.4219445012012368 -0.0005169956707155647
0.372752671319991 0.0005178168398584292
0.3197823842277229 0.001447808476247185
0.2687538734707256 0.001966001276968338
0.2237728432264064 0.001822579099311789
0.1851527553979008 0.0009839529656353295
0.1502444052901147 -0.0002597529499509043
0.1165547768572157 -0.001344459955481675
0.08443701434503302 -0.001685263238491893
0.05700521085212299 -0.001040302398293554
0.03742260219679497 0.0002478480268140103
0.02606501832500059 0.001371803932352861
0.02008856494436764 0.001564587972288602
0.01564648668807948 0.0006824610760646684
0.01061945085308607 -0.0006125303403166527
0.005477612015747266 -0.001316139860559941
0.001852727931298218 -0.0008960186910690249
0.0005105971577266033 0.0002310299745149238
0.0006590518284671573 0.001042515307467743
0.0009143496436563714 0.0008309664767278681
0.0006117808849937544 -0.0001387194693450208
9.698596667360878e-05 -0.0008932845188792501
-4.709551467158739e-05 -0.0007127296576086858
0.0002183209627494583 0.0001612642264176172
0.0004311932184674082 0.0007994950518096529
0.0002590140684447392 0.0005635893446870724
-0.0001271759220955537 -0.0002409160469994078
-0.0003284013786327288 -0.000727184470317131
-0.000214299682285386 -0.0003987322790101555
-2.146976577296424e-05 0.0003371823764630051
-2.778212481677966e-06 0.0006627242670050624
-0.0001228171273570794 0.0002710954813531782
-0.0001658817201264624 -0.0003252341249102046
-6.041788946242801e-05 -0.0004203493337797237
2.801418518118658e-05 7.396096354245684e-05
-5.918900090051236e-05 0.0005649098498746476
-0.0002377793912147028 0.0005008419382557112
-0.0002723851714351025 5.41997317722511e-06
-7.414572154986611e-05 -0.0003119867259479993
0.0001842043695232527 -0.0001089697884338733
0.0002787733301367869 0.0002916108115195987
0.0002476676097115716 0.0002515083380457382
0.0002330481507695556 0.0003419657948785078
0.0001756450772267444 5.921649466872959e-05
0.0001074417334610554 -0.0002978557525493824
-2.249263393660688e-06 -0.0003263107379370241
-0.0001382283414786202 -3.626993028150597e-05
-0.000171168193142907 0.0001538047648277621
1.58552841785575e-05 -5.243587663854887e-05
0.0003268084559594626 -0.000433509726971791
0.0004620353857148822 -0.000494346274352516
0.0002102381243125601 -7.083964929253573e-05
-0.0002731039021001477 0.0004357775623933088
-0.0005550006653395218 0.0004916322197275156
-0.0003499885312709824 3.467254090137832e-05
0.0001617643448483766 -0.00044697292609855
0.0004977586984340751 -0.0004466838152956863
0.0003745843757363902 2.648098499504761e-05
1.007625629604854e-05 0.0004920743490775032
-0.0001137560310221782 0.0005322463198998509
0.0002250002229525147 0.0002132009088752179
0.0007551415533005966 -1.4771828535227e-05
0.001035243733510039 0.000254796125676935
0.0009869640630474576 0.001121241938387813
0.001063656825309255 0.002494514038181376
0.001879442889520184 0.004367129037882356
0.00370670660300765 0.006918286295823263
0.006384364343602099 0.01039957173774639
0.00974388878625874 0.01498774306696503
0.01414317950215818 0.02072661349978367
0.02063247264752003 0.02748438483303921
0.03067499585716206 0.03483348927781064
0.04574800081163496 0.04193907619136143
0.06716143474775234 0.04765095346687473
0.09611329125767686 0.0508520503320657
0.133725094887675 0.05087212644462631
0.1808159578268021 0.04770754376798728
0.23739721991141 0.04195857177622769
0.3020783142530833 0.03459826679999914
0.3716697851149467 0.02672243055565619
0.441288302696597 0.01933260784212465
0.5052001918415426 0.01314633968804413
0.5583743123787804 0.00847404146951041
0.5982424143280255 0.005239704379538446
0.62576110658894 0.003149929661511398
0.6449543109578109 0.00189440831428815
0.6608478273846289 0.001239849291513522
0.676725916062526 0.0009951936181664131
0.6922481689943585 0.0009503269260619173
0.7036455474167052 0.0008882999243080396
0.7060388077898373 0.0006612007599344292
0.6965581243047452 0.0002403353372138864
0.6762731609542477 -0.0003127278140998652
0.6495307771421768 -0.0009148633153576711
0.6209556990990036 -0.001494997209024157
0.592102265162738 -0.001971133430393859
0.5602577528227066 -0.002218943813685629
0.5205442912772623 -0.002089489129437459
0.4699939850575142 -0.00148550840214786
0.4105483651744449 -0.0004565039808689922
0.3485368380260169 0.0007440881059233821
0.2908982051864269 0.001691631963266011
0.241084834347092 0.001945486613458572
0.1978833172255451 0.001300645036683072
0.1579152831870665 6.72240148597636e-06
0.1194615593559281 -0.001244338789572868
0.08426102363245011 -0.001673121326656766
0.05592515646290175 -0.0009576950650559515
0.03667773464163435 0.000435000414814146
0.02543869602933085 0.001490092967276206
0.01876232795809184 0.001392514593128513
0.01344954309380189 0.0002181347226262883
0.008375720845660174 -0.001069362127015667
0.004200563977996538 -0.00140991644407265
0.001756823987660166 -0.0005768993549547425
0.0008977658344322309 0.0006190873027640676
0.0007062462068253642 0.001089880602359341
0.0004437297867204126 0.0004951774718693048
6.830550956757198e-05 -0.0004669345440096628
-9.330049234167863e-05 -0.0007980840767484853
5.999495917823205e-05 -0.0002143606940907279
0.0002619613332345742 0.0006066876153768018
0.0002336551080595487 0.0007851480499787433
5.035962901484601e-06 0.0001749513261236069
-0.0001753276593197984 -0.0005254545972788957
-0.0001629514554951796 -0.000573915835006913
-5.195650722182524e-05 1.237834849968719e-05
-3.214181844347692e-06 0.0005297028860032645
-3.752849601301443e-05 0.0004092349238399999
-5.5468846716333e-05 -0.0001670237917064314
-1.227280905589421e-05 -0.000529180625774847
1.429251587202696e-05 -0.0003049363072676831
-5.171786267516545e-05 0.0001984161698401893
-0.0001551337738436379 0.0004163227808270587
-0.000161835005341295 0.000197851919910959
-2.509969650850035e-05 -7.800625682225939e-05
0.0001543171537408251 -2.852764287584547e-05
0.0002476676097115716 0.0002515083380457382
0.0001589744170944051 0.0001394216129285325
0.0001943935678536448 0.0003042188017113852
0.0001603597076474915 0.0002468943810932768
4.305009114712502e-05 -3.554488826205688e-06
-0.0001118091809428914 -0.000192602837568763
-0.0001819179634310542 -0.0001900436467849457
-4.982665571511263e-05 -0.0001374658215078689
0.0002515594015488412 -0.0002058264818069663
0.000492486023275249 -0.000314212639306362
0.0004150745178330817 -0.0002175821408456601
7.877226665085924e-07 0.0001304624684646754
-0.0004466770697727404 0.0004304641247993244
-0.00054710213492439 0.0003497083441323689
-0.0002119541823134884 -5.688635147749971e-05
0.00024915244391851 -0.0003516073391773151
0.0004293959418124923 -0.0001871576203217395
0.0002411572478590416 0.0002874107329707619
2.549801358463835e-06 0.0005744969798477437
8.541410181054886e-05 0.0003822952718349658
0.0005003625758704122 -2.904075999537574e-05
0.0008857526318304034 -7.920119627453974e-05
0.0009374780156297788 0.0006068321975568427
0.0008228040296091988 0.001964142103012223
0.001117098574135134 0.003763816241245203
0.0023131096159142 0.006054664627367845
0.004429832930855763 0.009299169925467985
0.007167131323664036 0.01411225624967423
0.01049291236828782 0.02089877903425351
0.01510940613780125 0.02966751458538785
0.02238386028787685 0.04000794117728487
0.03387813613585607 0.05107233573599348
0.05098031950614337 0.0615569469905153
0.07496410260860051 0.0698536304926462
0.10730110668075 0.07446268716976824
0.1497509048154032 0.07449492016476614
0.2039132016359002 0.06996447329251765
0.2703361092637502 0.06172958763548896
0.3475656877788125 0.05118762806817361
0.4315645430028099 0.03991561855547793
0.5158478327812646 0.02935167244254512
0.592571658481137 0.02052686127606686
0.6545503724364824 0.01389194506715413
0.6976755252788247 0.009334288929315987
0.7226736582627141 0.006404943984014672
0.7350587382194634 0.004616919304934563
0.7428338337824224 0.003618666517009333
0.7527414026089745 0.003175474799653554
0.766908983624414 0.003070397372000984
0.7818231907486931 0.003073492657499426
0.7904454566511577 0.003004199071057171
0.7864612256648893 0.002788956951579988
0.768182778527615 0.002432619574209152
0.7395560568799544 0.001936323327891167
0.7073943599952099 0.001259374823718091
0.676529498925331 0.0003706204283349199
0.6462735497940527 -0.0006605712364819508
0.6109261694552683 -0.001618488911814919
0.5641812275262255 -0.002186191914389698
0.5042352014823764 -0.002074662499875141
0.4357014294847478 -0.001196540650427219
0.3668777664472819 0.0001904943754912146
0.3046080219224423 0.001487846812502001
0.2508081679810531 0.002003008063323722
0.2031260307574518 0.001380656741569308
0.1586305397392715 -5.625412014153679e-05
0.1170696467167072 -0.001389354050540852
0.08105771283900016 -0.001689454635021295
0.05354047187771176 -0.0007365198997514831
0.03516570656277453 0.0007279630857973649
0.02383213590836386 0.001531724412578074
0.01640327400785389 0.001032098372896855
0.01072343422041927 -0.0003120504568919867
0.006245719397559972 -0.001320442373297941
0.003211782453019372 -0.001140625730492865
0.001596546818222252 -1.384168096500536e-05
0.0008511897005180585 0.0009818239404165258
0.0003826684536980085 0.0009788100166956176
-7.172727676472786e-07 0.0001327616821662308
-0.0001698336133096956 -0.0006031979411485516
-5.823851979933532e-05 -0.0004898881603358715
0.0001570565946131668 0.0002611187534384757
0.0002350240415196239 0.0007793216758919329
0.000122173387914155 0.0005040304049319427
-3.367470917946137e-05 -0.0002336222737736474
-8.252480913265222e-05 -0.0006238524020859018
-2.366836417896238e-05 -0.0002882209323824316
4.088982015706206e-05 0.0003343772113963153
4.618044094446076e-05 0.0005204180138019565
1.678705030089064e-05 7.12792571800711e-05
1.216661119418305e-06 -0.0005104057839934123
3.30924804544349e-06 -0.0006226902913969549
-4.121047848783292e-06 -0.0002133043922263264
-2.484066639185759e-05 0.0002429080290695409
-2.7924708199131e-05 0.0003335498035164334
1.237810774662163e-05 0.0001341937518386477
8.615096465091333e-05 1.411830344671595e-05
0.0001589744170944051 0.0001394216129285325
5.092631657429459e-05 -8.812325933787937e-05
0.0001344039679973957 0.0001616503714105801
0.000106900435289763 0.0003745376713121906
-6.576629162038866e-05 0.0002830498506250752
-0.0002436035625937606 -3.258701358209282e-05
-0.0002122363961729051 -0.0002939577757451538
9.918935414029703e-05 -0.0003436064878349824
0.0004946943747283965 -0.0002398555986383922
0.000640732383910115 -9.505758330540984e-05
0.0003655438729532367 5.642976005986026e-05
-0.0001510025480898017 0.0001979225604398271
-0.000507302980833203 0.0002416801203889174
-0.000436490273000726 0.000113783775043466
-5.201541769492824e-05 -8.269050805392037e-05
0.0002713123186792355 -0.00010374119594156
0.0002757904878800602 0.0001596415613759259
7.703257120559323e-05 0.0004892830717812526
2.588215197847935e-05 0.000529413616483243
0.0003135726754125449 0.0002078515264203538
0.0007456751857386862 -8.766537402846722e-05
0.000952269749005445 0.0001847298562554743
0.0008365623114859629 0.001253804354897717
0.0007815716851759074 0.002939892503078101
0.001362690602919147 0.005061703616564087
0.00284252943151145 0.007916866377127362
0.004995071857746785 0.01232952928154703
0.007503461871861914 0.01921933651019165
0.01059046472107734 0.0290946777109073
0.01528614089302536 0.04183433492173196
0.02309681623710495 0.05673451325761156
0.03544791025418877 0.0725746615756572
0.05349423125014668 0.08762439051418441
0.07849162229455256 0.09978286108035046
0.112313228407099 0.107021501407313
0.1574790228460731 0.1080009716376437
0.2164244643437219 0.1025171292578284
0.2902815716363027 0.09154043204709821
0.3777105568899493 0.07689806779505312
0.4742257585656612 0.06080143907567626
0.5722881524561513 0.04536458044797033
0.6623784122446753 0.03217439830722744
0.7351486056625002 0.02200201160121147
0.7843024288196714 0.0147902175995717
0.8091620031057858 0.009950551640179947
0.81548781562294 0.006791755523865997
0.8135793187615635 0.00480543884549822
0.8139991423771706 0.003682652168977496
0.822752745865165 0.003180465045984031
0.8384537405231589 0.003045280601204023
0.8532813596174696 0.003063727382723021
0.8575435033291856 0.003136079010967859
0.8454071514930473 0.003250344280101476
0.8182999347849949 0.003367904735280243
0.7836340117719383 0.003340492513341125
0.7494943972341527 0.002948263627190107
0.7188667964376884 0.002036154274339338
0.6875640345539347 0.0006544553811440254
0.6474561063748353 -0.0008809696527462234
0.5926409579307325 -0.002055042853560031
0.5239391991293036 -0.002359013595950459
0.4484802055740493 -0.001586077847083998
0.3750716601175118 -6.281459228997711e-05
0.3092140665660965 0.001397299208955971
0.2514397476732452 0.001914565748366818
0.1995291942714119 0.001142483174162311
0.1520096399266973 -0.000394963666857703
0.1098305333079812 -0.001586471120614986
0.07527741621647206 -0.001539105186861977
0.04971473248223678 -0.0003103938876003807
0.03237899380449407 0.0010860963078803
0.02101326407481103 0.00150043943508095
0.01336152868902144 0.0006372262452533544
0.008088875747873711 -0.0006770776784973464
0.004633142887650986 -0.001244932695590189
0.002590235700355593 -0.0006027427355201282
0.001422744828755277 0.0005701598207345687
0.0006502445328455136 0.001146465045907668
9.912061434437087e-05 0.0006635254305008093
-0.0001584836156663715 -0.0002665375758758636
-9.045010728812576e-05 -0.0006509474936427753
0.000131838215165948 -0.0001643608779322076
0.0002551519903911813 0.0005605456506743242
0.0001745893310254509 0.0006787936320503208
2.559499161008274e-06 6.817036273364621e-05
-8.136573963849988e-05 -0.0005740708309704272
-1.900199029837308e-05 -0.000544607637126869
9.197004204247349e-05 8.142101826129336e-05
0.000124091260552088 0.0005664274802682055
5.352034950905199e-05 0.0003577594651319694
-3.282914985895332e-05 -0.0003120393532335411
-4.34387194130366e-05 -0.0007236385812927591
2.118806848410755e-05 -0.0004788491265520794
7.895661891731765e-05 0.0001097824965057016
6.377695088132341e-05 0.0004350551869459478
2.007386029435918e-06 0.0002748286706730715
-1.69450867352553e-05 -4.065472062396981e-05
5.092631657429459e-05 -8.812325933787937e-05
-1.358696705331072e-05 -0.0003815898727447121
0.0001389185300328093 -6.472300976845259e-05
0.0001097832652079051 0.0004013462775410087
-0.0001360425919012923 0.0004831088219218603
-0.0003523126851242498 0.0001000324659669239
-0.0002429107065505595 -0.0003391949750051728
0.0002040949977115386 -0.000423107795364983
0.000646536354456851 -0.0001469431566918824
0.0006913784459001573 0.0001665170602088558
0.0002811435922001095 0.0002466042502653284
-0.0002348480056995552 9.986993843597009e-05
-0.0004299913383770153 -8.752070984637337e-05
-0.0002034868731347264 -0.0001570349216522855
0.0001487560095194909 -6.179711055038614e-05
0.0002603600808978284 0.0001605112733998366
7.589672408184252e-05 0.0004038154321127543
-0.0001066875919140169 0.0005086328040672218
2.854285383056854e-05 0.0003762099759946585
0.0004599850713335277 0.0001360330346079383
0.0008386422326649012 0.0001518740551174378
0.0008736710550062451 0.0007738119510925331
0.0007015350884276514 0.002075493447504489
0.0008381592395747448 0.003923743350542954
0.001729712509864903 0.006398489150863547
0.003352314003663846 0.01015803244970284
0.005309333627413729 0.0163393652710089
0.007401983330027679 0.02603187201477835
0.01015994772520837 0.03975880338767163
0.0148241770584279 0.05730719074722993
0.02280660952862217 0.07782093829337777
0.03519345342219021 0.09984953763920337
0.05284566078311979 0.1212707657266129
0.07706108468573736 0.1393540480853835
0.1101646503908029 0.1512387356069766
0.1553674977509371 0.1547385641524933
0.2157860793011638 0.1490587595475411
0.2930876654228011 0.1350579059638779
0.3863374534620884 0.1149973500274224
0.4913358436762567 0.09195575141797284
0.6005256206605177 0.06910408790911636
0.7036733279101474 0.04899099070715807
0.7896856298220029 0.03302630933431504
0.8496014485885802 0.02137837745361427
0.8799394886267525 0.01334279327003082
0.8847774047401414 0.007947863228387728
0.8749875404745023 0.004412430174951884
0.8642428743323814 0.002242134777233817
0.8632116196020266 0.001079127743241275
0.8747277143638805 0.0005793150908876062
0.8926853206152421 0.0004538798519248428
0.90566033800334 0.0005740276731671416
0.9035349647074802 0.0009667802014751135
0.8832929259777071 0.001667037157592341
0.8502879211346103 0.00255186845485109
0.8140360104636569 0.003299211995586807
0.78134068949807 0.003504005611725801
0.7515755559322337 0.00288062133012759
0.7174561553494631 0.001450714974436023
0.6705635990196526 -0.0003738758488917154
0.6073951277751769 -0.001889615106195843
0.5316066458942694 -0.002407057465103139
0.4513516622762362 -0.001661458964179243
0.3743735642646285 -7.810203087228772e-05
0.3046935291464297 0.001368963330181344
0.2427351525258232 0.00173615897287577
0.1876891806455072 0.000792520874982594
0.1395432499358782 -0.0007308998419018561
0.09926867765859941 -0.00163023025252962
0.06767863490138734 -0.001174433363863756
0.04445781627656297 0.0002532007976076039
0.02822959520577291 0.001437612701516216
0.01730965415942965 0.001383179395608804
0.0102924014486121 0.0002177287027266845
0.00608814446233055 -0.0009254789034380164
0.003714432008246361 -0.0009891653617712303
0.002282194652950831 -5.785929101009338e-06
0.001215836756291264 0.000974140642799576
0.0003877675700130096 0.0009763717093012058
-6.125249793970327e-05 8.833704850925344e-05
-7.269515465826461e-05 -0.0006939654925632105
0.0001484974471047802 -0.000571575679950293
0.0002781876931783663 0.0002135347136351922
0.000159830357267468 0.0007072923517592572
-7.780205227976344e-05 0.0003435688512228574
-0.0001870211575701609 -0.0004367498778609094
-6.887476043155588e-05 -0.0007276393026250809
0.0001337322417773982 -0.0002083744064725631
0.0002004752924809594 0.0005095645016248378
6.978584686882264e-05 0.0006105121603932851
-0.0001057488200413309 7.035669413549361e-06
-0.0001370118897247818 -0.0005947228057520434
-8.400763618118375e-06 -0.0005307624370205234
0.0001134337407250852 8.119342963854439e-05
7.977776636908598e-05 0.0005310206065389114
-6.220998002279367e-05 0.0003573167596061502
-0.0001250726277080494 -0.0001595720831782309
-1.358696705331072e-05 -0.0003815898727447121
-1.057813354667699e-05 -0.0006181413779084056
0.0002272788266946339 -0.0002802856090602324
0.000190584620074267 0.0003454397281816675
-0.0001421476638614372 0.0005445647036052769
-0.0004172462602040056 0.0001303477810734563
-0.000271940516964166 -0.0003867751691532101
0.0002430947022574906 -0.0004269423851293622
0.000670990901628676 1.29210437463137e-05
0.000608182682251741 0.0004147303856053196
0.000128245224892271 0.0003537798773569595
-0.0002932431198150488 -6.641716281049973e-05
-0.0002750750298170261 -0.0003940277409756248
8.661659761429312e-05 -0.0003301023979917483
0.0003527959576637254 2.09731302788603e-05
0.0002322474579614762 0.0003384326673742826
-0.0001082860847051259 0.0004130620096554636
-0.0002398891943323201 0.0002803901013497687
5.271869553702615e-05 0.0001332303485374162
0.0005348180597735746 0.0001908285735493349
0.0007809013681887994 0.0006247337085155776
0.0006585573644763226 0.001521239637661502
0.0005271396566115224 0.002900082617546413
0.00093008455221182 0.004875888646264772
0.002080652291797701 0.007931014035382874
0.003672931247083228 0.01306156354886823
0.005256022969130903 0.0215736607627741
0.006861632002499357 0.03461104243335759
0.009302393411468589 0.05275073569407747
0.0138475694323181 0.07588431787905107
0.02158868129326036 0.1032432071585995
0.03315205283426741 0.1332866485851302
0.0491309368975648 0.1634520489236084
0.07092561100632133 0.1901363031873314
0.1012370891483059 0.2092628928728566
0.1436897968954154 0.2173565195326451
0.2017332080246598 0.212629406093812
0.2774301784508199 0.1955687565681868
0.3705826596928865 0.1688360318152301
0.4781668445725462 0.1365938471919728
0.5938966930133235 0.1034833339648254
0.7081520693674793 0.07350464735683125
0.8090031472693296 0.04913383695488659
0.8848936657572328 0.03102693133841472
0.928527833923749 0.01842862429660773
0.9402978017775383 0.00999429304462102
0.9291754101409301 0.004499411103376552
0.9098899807553251 0.001090133477116177
0.8970854944412501 -0.0008460777837635718
0.8990083089620142 -0.001849951113480617
0.9140004052050175 -0.002371250128783665
0.9319766209383852 -0.00262775078411582
0.9404042894464361 -0.002557247069971286
0.9314717748953281 -0.001965472678998646
0.9060741163838034 -0.0007718403576893121
0.8720826756884184 0.0008232454061754884
0.8381818850859152 0.002348446973392356
0.8076582603745081 0.003231839452996025
0.7764561009669754 0.003053299540838493
0.7365270284557797 0.00178354567500322
0.6816102412245164 -0.0001025755237779514
0.6111793431638362 -0.001751789300082617
0.5302620076972665 -0.002328349798996796
0.4461952225555874 -0.001527366286082636
0.3652380568755415 0.0001268836374440123
0.2911591620804003 0.001510364192427239
0.2257486958021922 0.001642053848730209
0.1698341765296763 0.0004587259809900086
0.1237086381621059 -0.001047002322593444
0.08702672095619306 -0.001583725024327898
0.05881054710661734 -0.0006745531411094452
0.03782840328873918 0.000871076131807342
0.02298943135393178 0.001659527068099109
0.01334377063989212 0.001015207119925581
0.007776270175715717 -0.0003687562093487695
0.004866770122417963 -0.001124772652470279
0.003199193319811913 -0.0005885894646463288
0.001875678204433328 0.0005551253164600472
0.0007321823920850646 0.001043531991264935
3.285614775756309e-05 0.0003955015240372565
-7.125333919799312e-05 -0.0006145377541939722
0.0001761194430421642 -0.0008680448802457587
0.0003291637129117698 -0.0001559107603266319
0.0001537172620858233 0.0006366124798730271
-0.0001819663905454565 0.000588231393077878
-0.0003270748001720772 -0.0002029470968873062
-0.0001371649046315052 -0.0007771394272200363
0.0001757316828169803 -0.0004594376236954894
0.0002793613727173586 0.000369158121026194
7.93800825476288e-05 0.0007586737713151038
-0.0001914600143010567 0.0003172112766499801
-0.0002448863331495224 -0.0003661244454560415
-5.951360932558879e-05 -0.0004662923335739503
0.0001120104996198895 9.428913919357074e-05
5.514595753164508e-05 0.0005935719157356398
-0.0001446165888021558 0.0004063065808413137
-0.0002067001576923654 -0.0002544270604057498
-1.057813354667699e-05 -0.0006181413779084056
2.663163862421415e-05 -0.0006901956448775359
0.0003357188162643944 -0.0003800060898252431
0.0002802322144759273 0.0002713822603157443
-0.0001335368689534861 0.0004828168257161478
-0.0004548847254658339 3.776725335279952e-05
-0.0002826633989333038 -0.0004830657289857095
0.000258180777381503 -0.0004273350863653535
0.0006225288196944777 0.0001526953061881191
0.0004380124220335841 0.0005892175483005278
-8.04703768159002e-05 0.0003972420197926124
-0.0003686082980177233 -0.0001866893606305162
-0.0001368356522265119 -0.0005182188177353317
0.0003219161200351991 -0.0002812357667456958
0.0004787248644262804 0.0002125505237071291
0.0001673390849208187 0.0004336022543502137
-0.0002383671126884032 0.0002176677360631906
-0.0002532883956474486 -0.000113202987885901
0.0001767840371803097 -0.0001247145578838697
0.0006245461774060704 0.0003439497102479404
0.0006725698522025557 0.001164359511283103
0.0004057740189750075 0.002200757689161594
0.0003701460891394543 0.003586765964112871
0.001035392004086866 0.005838602996590113
0.002322265846562284 0.009848460784542551
0.003698611351909913 0.01680790998695764
0.004786145658471373 0.02803402451361527
0.005914272476132894 0.04471014753221698
0.008093479931600773 0.06764859988546819
0.0124261157130737 0.09713018378570688
0.01952361098876994 0.1326994422963612
0.02954004922621262 0.1727770874872092
0.0428967348576255 0.2142290027448195
0.06112656919986387 0.2523312233673079
0.08710765895326977 0.2814949604216102
0.1244486216984117 0.2966439536739951
0.1764690149758303 0.2946830693189936
0.2454152669563041 0.2754462700081524
0.3320774817996791 0.2418177167820505
0.435368615015343 0.1990497912865742
0.5514387781163957 0.1534762276517144
0.672654996317136 0.110942602501516
0.7875699504188243 0.07544343694353503
0.8829323286380556 0.0485010626390933
0.9476585057141136 0.02952169963408934
0.977225027877033 0.01681675983897093
0.9762063079953939 0.00861650854332215
0.957238125218117 0.003556815733173065
0.936313924451995 0.0006318947094574715
0.9262442456888227 -0.001008259850151045
0.9313665755833199 -0.002082700148230901
0.9463519428492687 -0.003020093030938144
0.9599706037654312 -0.003839277843465453
0.9617898458958503 -0.004240652031254795
0.9477978317562844 -0.003872155962568772
0.9215132772304897 -0.002603326054351154
0.8901823084738711 -0.0006680362542624668
0.8590525667103805 0.001366324914712165
0.8278271160459812 0.002781244289434959
0.7914086632124422 0.00299662092374846
0.7437198066336642 0.001886500526301112
0.6814943982370385 -3.316461989537384e-05
0.6057308141496941 -0.001737358199289466
0.5207697116123663 -0.002218894946330209
0.4324868214977819 -0.00117942798595551
0.3468588590514257 0.0006277948869439825
0.269045039625476 0.001828670387967707
0.2025872673467519 0.001477161174864084
0.1487575564320969 -9.525569855392824e-05
0.1065990663106764 -0.001477435215314961
0.0739360741158504 -0.001409518226136079
0.04877275731356141 2.53146100795499e-05
0.03005790069892165 0.001445215146597327
0.0173397829826945 0.001506444422560727
0.009854546788612159 0.0002357845320824092
0.006052252893907889 -0.001026908393511397
0.004037332280257115 -0.001045833716457098
0.00246403087057384 3.271848396536047e-05
0.001017292605471862 0.0009159806227604199
6.74507521017812e-05 0.0006315823682171102
-0.0001071956092813047 -0.0004220913264231745
0.0002207869010282683 -0.001000979358498005
0.0004526251778654586 -0.0004698987654403124
0.0002432775963916778 0.0005039244981225956
-0.0002021788822494709 0.000785815727003715
-0.0004100377639650058 0.0001105810450116739
-0.0001742582729075277 -0.0006551765562439869
0.0002279595826970588 -0.000586213952337459
0.0003551621368517074 0.0002132902643937838
8.755851192510767e-05 0.0007909114045196069
-0.0002601452831531895 0.0005193657585151135
-0.0003133203748052036 -0.0001843832423619563
-6.246706979312685e-05 -0.0004303042875003968
0.000150403892437542 3.690716991316862e-05
5.934764459951987e-05 0.0005601494681667865
-0.0001980784649358101 0.000422093750458653
-0.0002524575069403253 -0.0002596210098481099
2.663163862421415e-05 -0.0006901956448775359
5.143017287581072e-05 -0.0005824167977911358
0.0003922601811012195 -0.0003274565885004887
0.0003018347297755446 0.0002378041751300218
-0.0001691337080088042 0.0003714728995388252
-0.0004891704747539826 -0.000108500964183583
-0.0002559625605259211 -0.0005910518320403553
0.0003098809848274251 -0.0004378934416353434
0.0005893077509505996 0.0002193592399721356
0.0002695841382972921 0.0006367935933973478
-0.0002885289155680006 0.0003596598382364963
-0.0004580202900146527 -0.0002433939065144458
-6.065058167249141e-05 -0.000442844859903681
0.0004381437068857351 -1.878446911093641e-05
0.0004755758526450502 0.0005046561872373528
4.039977068256389e-05 0.0005012687649402235
-0.0003236046913422742 -2.822327478661739e-05
-0.0001524402231254871 -0.0004672008581396635
0.0004041126140966545 -0.000253709353621045
0.0007609446573474053 0.0005926193397559484
0.0005822286630212419 0.001642794126724747
0.0001984718113178649 0.002679619030516501
0.0002876144754583924 0.004117965203706083
0.001163910507106279 0.006922027027542077
0.00244247381959061 0.0122723713608961
0.003451444420132379 0.02136737125639605
0.003993398214899429 0.03544599680668061
0.004707818142481214 0.05583777977824474
0.00668243227583363 0.083842089173626
0.01069125960437146 0.1203734758577286
0.01680515421201735 0.1653930753721187
0.02479765524723549 0.2172243687599197
0.03505502388801805 0.2720287125276377
0.04923473238021147 0.3238625779364601
0.07012361423601135 0.3655951765399607
0.1008497089008756 0.3905226447211934
0.1441468687323253 0.3941090173932551
0.2022042231455836 0.375232855044893
0.2768661082772136 0.3365759438341456
0.3693445357053785 0.2840736446476578
0.4788798027216644 0.2255277971143859
0.6008440074143793 0.1686882330200773
0.7257147159093572 0.1193987463963848
0.8402422746199852 0.0805369264560197
0.9309453893770472 0.05215938745539397
0.9886327877904643 0.0325916159578923
1.011913953623002 0.01969158918529025
1.007977860611794 0.01159903394798443
0.9900218245817027 0.006839514834314026
0.9721465360204778 0.004147434803693426
0.9638264837473126 0.002411575807005005
0.9665947676747139 0.0008316503756636836
0.9747232344396755 -0.000905099787177309
0.9794994595525324 -0.002624681279547658
0.9744450941544646 -0.003865897599002499
0.958230183508504 -0.004162863205847652
0.9337844772822275 -0.003292338701057303
0.9048892724244075 -0.001429689205630043
0.8730759654627834 0.0008179404326629256
0.8368178750327967 0.002556306731265039
0.7928393030995727 0.002969483974555868
0.7379842051528464 0.001814695070152805
0.6704741706527568 -0.0002572394694441366
0.5905839046978685 -0.001927065476477205
0.5011917071446759 -0.002042752170906291
0.4079880987859132 -0.0005502052049845418
0.3185213663578164 0.001316938440494232
0.23984842213508 0.001968941303540774
0.1759474153613381 0.0008563337588127843
0.1266890325084844 -0.0009615156552204134
0.08913707031849484 -0.001758333158290996
0.06008872749799207 -0.0008019738104217112
0.037842672681571 0.0009107952585778645
0.02206362126751482 0.001661945124583578
0.01238790366396456 0.0007716138155091117
0.007382835168315001 -0.0007389914687700741
0.004844408687755267 -0.001293710887852854
0.002983461425870862 -0.0004590456240985989
0.001254086619620594 0.0006723578157506614
7.64202192492819e-05 0.0007929847902766818
-0.0001475221506056982 -0.0001446517108885538
0.0002940311099675165 -0.0009624684621468112
0.0006452124615661874 -0.0006902708958204514
0.0004307397158162733 0.0003218733846838205
-0.0001221377568804361 0.000888828284831289
-0.0004167403748615042 0.000424450499119341
-0.000174129608911535 -0.0004119627696116364
0.0002801947487144743 -0.0005783017823124638
0.0004134854199497206 8.821868148937006e-05
9.08629755470135e-05 0.0007390614583197404
-0.00029799897112635 0.00060318690019227
-0.0003146464484964389 -9.074340728951297e-05
1.778675663680153e-05 -0.000466822004276304
0.0002656594907246715 -0.0001208927972910898
0.0001247332476143633 0.0004142264260422315
-0.0002062533119632723 0.0003960796305360103
-0.0002748195689814164 -0.0001750053520771832
5.143017287581072e-05 -0.0005824167977911358
5.392774408094235e-05 -0.0003750363721894538
0.0003924496745205058 -0.0001825172491618429
0.0002546535825068454 0.0002466068199964471
-0.0002479636735465548 0.0002801029853344256
-0.0005176805480942561 -0.0002033964034828741
-0.0001832034057415916 -0.0006172455939417054
0.0004213804910290823 -0.0004065494257811622
0.0006132267368440344 0.0002256826656810557
0.0001568544510375453 0.0005489346679176249
-0.0004439527109816586 0.0002142745233279778
-0.0005207355468331717 -0.000303878632123714
-1.35558613739013e-05 -0.0002953725198123292
0.0004694761489539002 0.000295292266209706
0.0003765931361163085 0.0007783886884345783
-0.0001366703155263207 0.0005440080793117723
-0.0003975187833048616 -0.00019177151523301
-1.869391462333388e-05 -0.0005994251160530206
0.0006346729724339001 -0.0001317518146866794
0.0008663353275667577 0.0009545008900254464
0.0004743097745758018 0.002032874732002479
2.817937218749273e-05 0.002989249078361955
0.0002708564512092712 0.004623602046006986
0.001304949396636325 0.008275710519859968
0.002465715392715516 0.01522535820694593
0.003037683837096822 0.02653387846778269
0.003075801961878948 0.04338795817794278
0.003490797507827023 0.06744391125718611
0.005317163761025201 0.1006889158037118
0.008898325672859642 0.1447523400615886
0.01380171262015422 0.1999393515703184
0.01958366719400591 0.26434667047636
0.02673940138431541 0.3333998918105847
0.03701337404009745 0.4001040932078518
0.05284044347612201 0.4561213412146565
0.07649619974503837 0.4934549288485812
0.1098075344461141 0.5062406931405352
0.1547041884172 0.4921312949080468
0.2139372332350971 0.4529456093249797
0.2908475268407779 0.394419132764691
0.3876687763742788 0.3249955855734543
0.5030918277329745 0.2538345058326736
0.6306455419719773 0.18862651581401
0.759131395998211 0.1340813672581737
0.8751631405848173 0.09168965577650891
0.9667744271098158 0.06062404582456824
1.02673580445666 0.03901748766621304
1.054519615218612 0.02485326293327845
1.056270501874242 0.01624376881611776
1.042583724102158 0.01139872696891516
1.024648952900456 0.008658357407043521
1.010298057272587 0.006683686506009139
1.001893533085558 0.004647793773531641
0.9970634558072075 0.002280944279249113
0.9914497532805423 -0.0002255498397657714
0.9814015813899523 -0.002375879349719853
0.9650392665368372 -0.003560202209849128
0.9417827267529451 -0.003316334336759682
0.9115615816349169 -0.001650115784873714
0.8745029439295225 0.000749186738741313
0.8307505855320743 0.002658844553155318
0.779811595636937 0.002953041549088243
0.7198361221083759 0.001422024243171468
0.6481229244491288 -0.000875771539815443
0.5634191150950434 -0.002236532052267184
0.4686240418273862 -0.001636349997903033
0.3714065699665014 0.0003229152736116082
0.2815307426289873 0.001843314529742257
0.2064491217919603 0.001539992799016004
0.1483541011746327 -0.0002276991360415287
0.1047189699543191 -0.001681839010719489
0.07145504726077846 -0.001394849305050526
0.04586253471732289 0.0002661143072630318
0.02723219369160583 0.001550749154063286
0.0153615658536485 0.001184644324007839
0.008990393893711255 -0.0003184944742492246
0.005766578752679312 -0.001304194613062251
0.003545105706792531 -0.0008255833016341052
0.001528689910434926 0.0003891677827372231
0.0001280104389938888 0.0008859469425659758
-0.000160603396429565 0.0001798829897603576
0.0003702854655924485 -0.0007743860010920832
0.0008300154741534975 -0.0008023669462084751
0.0006189887256867668 0.0001018397198478596
-2.692732578712891e-05 0.0008529795217150574
-0.0004060767647398676 0.0006317732621870793
-0.0001723716569489172 -0.0001708798882409754
0.0003124227713891888 -0.0005197114553835252
0.0004443427327438405 -2.867599384693216e-05
8.355681909207445e-05 0.000627056329130811
-0.0003155698793764524 0.0006167033672383952
-0.0002728753017910817 -2.044916709984973e-05
0.0001426581143515434 -0.0004929904311435461
0.0004127907407680409 -0.000289190995596195
0.0002111576374947786 0.0002224489007812007
-0.0001979618748347756 0.0003400332617352373
-0.0002915466230935701 -4.987392322111045e-05
5.392774408094235e-05 -0.0003750363721894538
5.823556759444597e-05 -0.0001791434176850977
0.0003895222716844647 -5.355296611988409e-05
0.0002042045319875838 0.0002428714166971764
-0.0003150699241441591 0.000219185054518226
-0.000514516371178938 -0.0001969874356531443
-7.101438545825743e-05 -0.0005060727328789258
0.0005663567551078271 -0.0002843605034387583
0.0006675154153997895 0.0002232974257941501
8.67696751356123e-05 0.0003825246525408221
-0.0005395359079336538 -5.496202480534595e-06
-0.0005248679524453714 -0.0004062849144880902
6.54058651415402e-05 -0.0002080368843325413
0.0005018187222188507 0.0004729484746642969
0.0002694143415368626 0.0008724034181736342
-0.0003128535205766649 0.0004909448257683417
-0.0004762319553504779 -0.0002613409102456988
6.646852053261113e-05 -0.0004832900985104972
0.0007571009467673522 0.0002271746131620824
0.0008418461196241692 0.001393844509414556
0.0002801709672380677 0.002355916641343836
-0.0001559550023513549 0.003261666799001673
0.0002706193927090908 0.005299297178378505
0.001421806151721917 0.01002480416567405
0.002406914436589662 0.0186411452447656
0.002557540440158133 0.03203809493297834
0.002212527023483715 0.05148105292916443
0.002479453221368627 0.07912144585286396
0.004221633183745984 0.1176764664872767
0.007313818765197035 0.1693473862282528
0.01092790620123021 0.2345498592827984
0.01459087898308108 0.3110147601585886
0.01902412664730047 0.3935510276379869
0.0260029211466896 0.4745437700911839
0.03741829741252282 0.5451030335748506
0.05450243656491519 0.5966059603152829
0.07807272230659981 0.6222662180964688
0.1097050416220047 0.618421247355748
0.1527607566923592 0.5853485919015883
0.2120707322668521 0.527425537833387
0.2920307998137303 0.4523952252768067
0.3941202356149626 0.3696895593992294
0.515316867818618 0.288262930270768
0.6481711140381855 0.214811022404222
0.7821675906668122 0.1530879036939307
0.905542798469226 0.1043230035283315
1.00718138171352 0.06809784491528006
1.07872842257055 0.04302720387618022
1.116765943007161 0.02709217719817101
1.124083504454411 0.01789044014682055
1.108900331537259 0.01301407071247851
1.08198195683895 0.01044679864205608
1.053068349355013 0.008747992322445341
1.028410270084263 0.006993297697370406
1.010128053092872 0.004680773304932249
0.9967856220318866 0.001779647286684039
0.9843734177713919 -0.001167178421968911
0.9676624436002368 -0.003170816151520047
0.9422050261132556 -0.003323615821006523
0.9063625471502592 -0.001518341054350026
0.8617476205293284 0.001184223196632078
0.8111173394218525 0.003018651263052233
0.7550578920255935 0.002704154288077923
0.6905129286191906 0.0005148486651911869
0.6131121038922184 -0.001784970061581293
0.5218655972029462 -0.002333561797195757
0.4222558702482975 -0.0008078281408027761
0.3247559395709709 0.00124586691134267
0.2396436830783872 0.001853743429800572
0.1721222328698627 0.0005267088582739487
0.121296662628061 -0.001279536599836254
0.08308111453856683 -0.001687156568767453
0.053978975813519 -0.0003457778824916633
0.03263350918792921 0.001257987779319077
0.01867746136310981 0.001451988254507446
0.01090379551391831 0.0001658243201657217
0.006882658827676125 -0.001101541892595998
0.004216364762928183 -0.001023641432070099
0.001882879706683722 0.0001218279746975239
0.0002418725371285148 0.0009153687994160024
-0.0001560521237251062 0.0005036670929727504
0.000397853023493424 -0.0004844940956762601
0.0009155773492195297 -0.0008094489963087213
0.0007004787934127854 -0.0001270398732609104
-9.999623431824198e-06 0.000686768674528166
-0.0004389943094102063 0.0006825557666594607
-0.0001962765832264204 -2.738503454025416e-05
0.0003210733903004379 -0.0005033967574276432
0.000453797724682167 -0.0001876157295258277
6.566754629143276e-05 0.0004561493540786277
-0.0003338289956541041 0.0006011477092752804
-0.0002383905979719601 9.842223843188113e-05
0.0002363552366438673 -0.0004095474472951387
0.0005064714565668914 -0.0003552012950921692
0.0002439444650491776 7.564276994280308e-05
-0.0002210316454241701 0.0002802640544683757
-0.0003149944403688018 5.990836069729907e-05
5.823556759444597e-05 -0.0001791434176850977
7.787288476055094e-05 -6.179654270653018e-05
0.0004181531751085878 -1.43333087637111e-05
0.0001969354709113006 0.0001705144004864893
-0.0003310728951707132 0.000150238719214805
-0.0004658352964447425 -0.0001266231029978406
6.274269844743187e-05 -0.0002984383099744999
0.0007043157377073583 -9.29468668812378e-05
0.0007049928943761117 0.000242234889373494
1.798049174575294e-05 0.0002243070079889433
-0.0006038085197451198 -0.0001954935001326649
-0.0004796965067809932 -0.0004874969773433285
0.000193634787345134 -0.0001892704217260358
0.0005800939642636246 0.0004544867507775138
0.0002122024042133404 0.0007203729979096397
-0.0004421143894543 0.0002880794167345978
-0.0005442881178912423 -0.0003051213981269417
9.229615714444524e-05 -0.0002370209374594153
0.0007576840958400936 0.0006670185999038781
0.0006904378429973149 0.00179078467388484
1.649674440833275e-05 0.002606966879269549
-0.0003438880518627941 0.003608902551448539
0.0002777608830752179 0.00627542929398503
0.00149988549980693 0.01218739664009036
0.0022758091120925 0.02237042096560379
0.002060319315829549 0.03762960330206103
0.001475219712454183 0.0594908021424069
0.001737303544550485 0.09067692918834676
0.00345130034954605 0.1344776785245365
0.006042326753915723 0.1933281234094
0.008430241167000566 0.2674292692201117
0.01028157499495405 0.3540373230133427
0.01260963061115312 0.4475637382545254
0.01715082372551161 0.5403204135124062
0.02515055892015985 0.6236507694103659
0.03680224830939031 0.6891679103610568
0.05203651398657236 0.7298750463295647
0.07212349680980497 0.7411010179345835
0.1007092789299242 0.7212833414050096
0.1432368721812913 0.6724841196256197
0.2049760915346404 0.6002796476626383
0.2889831269520914 0.5127402220235775
0.3951934456094367 0.4187394283361285
0.5206328820022402 0.3263342365945748
0.6596974105027069 0.2418591205431014
0.80378719131809 0.1697298369858224
0.9409944263191669 0.1124536947818832
1.057398948746694 0.07052200817330727
1.140578526943584 0.04242337375613474
1.183877372901464 0.02520430737113841
1.188863601443549 0.01553511105360425
1.164480694809624 0.01066343914526419
1.123646697712677 0.008667481826182681
1.079315829682688 0.008072378836849586
1.04139886879414 0.00747516783261372
1.014704768593509 0.005724838447338594
0.9978999777407853 0.00253958423807519
0.9842661172991698 -0.001118399112602088
0.964993275261085 -0.003507208950329432
0.9339175879747497 -0.003318954830087961
0.8905919901714758 -0.000810782477796435
0.8390401654252614 0.002133386116768726
0.7829516308354808 0.003288221705878804
0.7214985357753925 0.0018417424383306
0.6497884313700322 -0.0008777771065606754
0.5638834339818449 -0.002507990963660546
0.4660153065126714 -0.001755152039842504
0.3652782710785933 0.0004354785334362591
0.2730813348790302 0.001838933303995337
0.1971709455444231 0.001163761665974349
0.1388992055117155 -0.0007034760770198967
0.09513046305648 -0.00171350559741909
0.06217392377813476 -0.0008473286950099058
0.03809814938209352 0.000867198436425701
0.02215481812404899 0.001575699452022384
0.01300692202042233 0.000643827094010107
0.008130116381790958 -0.0007526530885481505
0.00495157431254201 -0.001065915138965298
0.002272991904205248 -0.0001111532794710561
0.0003818974052660201 0.0008705255500950439
-0.000158554819898212 0.000761767300035174
0.0003575723893156163 -0.0001733965204408934
0.0008819482657127029 -0.0007472524819903615
0.0006564562385900317 -0.000333716506851731
-8.1517339380048e-05 0.0004554511672737013
-0.0005126800775388727 0.0006275836880554288
-0.0002323040632970443 3.579100622532719e-05
0.0003241497113818817 -0.0005283500516196876
0.0004572899264927782 -0.0003805896348837546
4.318658106438661e-05 0.0002434386768872635
-0.0003619924578030733 0.000568251091583929
-0.0002372519514009973 0.0002656183771276209
0.0002607302755962897 -0.0002166521070800733
0.000505618612325971 -0.0003043670139473796
0.000187835532913413 -2.40144472369353e-06
-0.0002989970874107722 0.0002236580945411522
-0.0003523754705959305 0.000121949507592429
7.787288476055094e-05 -6.179654270653018e-05
9.281570159696789e-05 -1.716295816401522e-05
0.000449390207800702 -5.653084064511326e-05
0.0002046511884944697 3.053427041546697e-05
-0.0003211898164073908 4.708790859219526e-05
-0.0003959745827240777 -6.07111758646333e-05
0.0001948801370371075 -9.230495036277413e-05
0.0008169722818217943 8.333503550509237e-05
0.0007135242951875969 0.0002576275940758576
-6.169386030434864e-05 0.0001225831624258992
-0.0006588244818067104 -0.0002603597466056622
-0.000420875402232391 -0.0004434002559470378
0.0003292802646769203 -0.0001434933869163859
0.0006694381297994884 0.0003331573921430079
0.0001866941457925625 0.0004126384184421447
-0.0005226861614422575 -1.008413115661649e-05
-0.0005769395180567445 -0.0003534087543596099
0.0001131193093521382 9.715713259081061e-06
0.0007244297465958084 0.001011429108560897
0.0005240284774622553 0.002013462117905448
-0.0002061427290609615 0.002752763070630741
-0.0004521661434260951 0.004059226196002695
0.0003416428766241947 0.007538772957371327
0.001569097444463369 0.01463027386519808
0.002099325252788905 0.02618103920706214
0.001564628663800963 0.04308237890369956
0.0008465588075743356 0.06728300739452539
0.00119031728860991 0.1020249825508351
0.002895097500057797 0.1508565017706793
0.004998576664469113 0.2160200934451368
0.00631661692919892 0.2971829212612963
0.006778850872858721 0.3910542433785333
0.007697941901955569 0.4918421560831377
0.0106917085588119 0.5922120444846372
0.01633330629836691 0.6843799631372967
0.02392511449540208 0.7610278195734645
0.03278894314720118 0.8158880369345942
0.04405807234183758 0.8441294084226505
0.06141766629740709 0.8428266788830968
0.09009220953868192 0.81155764780721
0.1349053345317419 0.7527593903049931
0.1990219711604108 0.6714409924445369
0.2841717724203458 0.574348271085247
0.3914187567566218 0.4691306315699921
0.5206728698511028 0.3638401946353462
0.6683122219130422 0.2664105914451528
0.8246172361695178 0.1835397542124779
0.973834235538508 0.1191117027572403
1.098103636506964 0.07321548117014343
1.183407583508276 0.04277215178352506
1.224014705933057 0.02355946670082483
1.223228741760672 0.0121917590402945
1.191116600517385 0.006674926405017074
1.141363066771995 0.00550676776039333
1.088368185865623 0.006600235944878081
1.044081148669224 0.007322196005247697
1.014342283435167 0.005730601258833404
0.9965114953696131 0.001857640806505397
0.9810228914128234 -0.002263094067594453
0.9571395818036207 -0.004105296943742302
0.9192886834970705 -0.002651858567793016
0.869079744768243 0.0006979742442398055
0.8114788551173416 0.003161359446574018
0.7488355023389933 0.002820051933179664
0.6784341793390093 0.0002100405824967091
0.595839615218045 -0.002213157909543557
0.5007566722573679 -0.002344956509394149
0.3998209365353772 -0.0003539047441218131
0.3037640260926552 0.001607791984890032
0.221580269326268 0.001626698653097062
0.1566358009373953 -7.794709450020666e-05
0.1072812321791025 -0.00153080548647633
0.07027850001141205 -0.001186000752966571
0.04343361414667094 0.0004680435027044865
0.02558294124812757 0.001583755576964309
0.0151205417068993 0.001054409260021241
0.009378125004193152 -0.0003515111857288903
0.005657407545307064 -0.001011388486227613
0.002635339621762355 -0.0003249765901785599
0.0005191981436706855 0.000732340414193661
-0.0001560467415442807 0.0008902287984655451
0.0002980216665773153 6.534195426454222e-05
0.0008000687818594709 -0.0006816512616969464
0.0005638993530593299 -0.0005126022302030846
-0.0001718388201520717 0.0002312652332877723
-0.0005738782124740636 0.0005685485028375845
-0.0002474618505479009 0.0001199411799832745
0.0003365929739666238 -0.0004997402118489312
0.0004589153000992934 -0.0005199750012605174
1.830806055741193e-05 5.159601036959362e-05
-0.0003919283863778897 0.0005268327793676109
-0.0002498124226805731 0.0004247469917081938
0.0002489565118278174 -1.214299544175071e-05
0.0004527421403273935 -0.0002320331862343733
8.326767318793414e-05 -7.270591438171954e-05
-0.0004075271950815825 0.0001461985440985907
-0.0004033571692005592 0.0001337588137684763
9.281570159696789e-05 -1.716295816401522e-05
8.073877810257938e-05 4.520054043303399e-06
0.0004322453300694603 -0.0001159938996210882
0.0001638536512184628 -0.0001189669593407765
-0.0003470665755265621 -6.443918583938369e-05
-0.0003533504909554925 -2.258462430721509e-05
0.0002994780577113898 4.877208792682353e-05
0.0009053962891157342 0.0001722252730679978
0.0007153370898845282 0.0002186610344923988
-0.0001263207695407222 5.64184655506973e-05
-0.0006962382892537507 -0.0001986697046446725
-0.0003704484590579331 -0.000249512149666409
0.0004225820696027479 -3.630687904912449e-06
0.0007074814648417432 0.0002350810841881977
0.0001372888600754241 0.000113826760266288
-0.0005855312472159401 -0.0002619319762031497
-0.0005665703154638585 -0.0003483402116914842
0.0001812477537972102 0.0002237865984719027
0.0007461237029410469 0.00119120807553473
0.000443671320722271 0.002021577740140997
-0.0003036399943678582 0.002789694606298821
-0.0004287977327121843 0.004581746083848047
0.0004911209239791952 0.008954186758564759
0.0016566224597195 0.01710334980032634
0.001911299178185336 0.02978417973520017
0.001091321002981384 0.04816639170330052
0.0003005069906220063 0.07470890794666991
0.0007500205316936868 0.1130081184136312
0.002425235395771734 0.1665050469861213
0.004061604731061722 0.2368786964132138
0.004499340353950095 0.3230493701206655
0.00400173043168826 0.4211395980868789
0.004143093277576154 0.5252040608675377
0.006343554362856901 0.6283620470610007
0.01052516731473334 0.7239414113531003
0.01530807568148827 0.8062342594509244
0.01972867528582166 0.8706520722855942
0.0250026465580459 0.9134994817673766
0.03473531718886737 0.9318590198928191
0.05336513431084037 0.9238204925741025
0.08430443251459398 0.8887928006238319
0.1296047942169754 0.8275971547927803
0.1914608818620273 0.7425601341592772
0.2737176789410392 0.6380942197168037
0.3809398001609255 0.5215857014466846
0.5145711683343425 0.403390063455255
0.6687508285181788 0.2947941023825095
0.8294709041412412 0.204435608479165
0.9784655392740533 0.1354582010205653
1.099387472602531 0.08560300064530536
1.182156401311403 0.05019434877557973
1.223527746701643 0.02557455175280772
1.225589133134882 0.01032407548555727
1.195052063105268 0.003784960273694531
1.143683888336019 0.003856108713517979
1.087180621604001 0.006473035544429536
1.040259390533869 0.007395333698594495
1.009866852331105 0.004720176860586149
0.9917474820409702 -0.0001160750264937731
0.9739550913482159 -0.003786136597269405
0.9451178225679936 -0.003873778773791578
0.9009454554601602 -0.000822772779680353
0.844103671280458 0.002513014666248994
0.7787392840680538 0.003324305945098704
0.7055894602049653 0.001208478084429332
0.6223184199227326 -0.001639291486323066
0.5281310313313005 -0.002578007861501663
0.4275827794548646 -0.0009955909988367143
0.3297042334372779 0.001266746626406992
0.2433600385862118 0.001909682075556184
0.1731145845241096 0.0005118026614270638
0.118769403404917 -0.001200863798815075
0.0779158247275889 -0.001339146581455684
0.04842207976407623 0.0001313407310038777
0.02879632239732545 0.001509085884707976
0.01711367251613616 0.001347923649325746
0.0105362213698069 5.308848701777918e-06
0.006283180691252894 -0.000933048956716954
0.002954358903799019 -0.0005367584157498059
0.0006720413647218781 0.0005102973111763081
-9.691025697793793e-05 0.000876789696208028
0.0002978916259764984 0.0001848983980896134
0.000761888802072497 -0.0006623337839261652
0.0005106646594967272 -0.0006775794425897227
-0.0002125192237029617 4.544563628578135e-05
-0.0005825169352844635 0.0005636596309248091
-0.0002302743261519884 0.0002927005536520028
0.0003495486727978613 -0.0003423788738017786
0.0004429915738918081 -0.0005234628180167867
-1.734532025028264e-05 -4.92657074131274e-05
-0.0004133029178394727 0.0005009061961464989
-0.000240037592112798 0.0005336658578897725
0.0002633322783087956 0.0001113927221910745
0.0004276774059409892 -0.0002384759648496752
9.244952150814112e-06 -0.0002034017217779703
-0.0004905668057100353 2.739777565344629e-05
-0.0004503402594424488 0.0001164754288980204
8.073877810257938e-05 4.520054043303399e-06
6.013426266407433e-05 4.464828166738519e-05
0.0003680542677269709 -0.0001422391798554327
5.994613042161353e-05 -0.0002219001250562284
-0.0004355096650349324 -0.0001342181867711564
-0.0003693063886640252 2.113973653684923e-05
0.000351887577027751 0.0001404074466405391
0.000961441818930435 0.0001755006702976859
0.0007206048348217752 0.0001088565263101771
-0.0001552958052308521 -2.281211980223977e-05
-0.0006970645575908615 -9.462496964375489e-05
-0.0003194634075044694 2.431114767453448e-06
0.0004708176050298831 0.0001827755187060584
0.000682433419800536 0.0001932232753370066
4.694007802237154e-05 -7.647522606944345e-05
-0.0006478877298442641 -0.0003565794634396445
-0.000524245191587072 -0.0002150127658779236
0.0002947143882167084 0.0004464008605946256
0.0008224128411601238 0.001253485570479471
0.0004333731915293508 0.001888092738989251
-0.0003213006580792343 0.002775067449555317
-0.0003421349042093437 0.00513897457586459
0.0006624871934845427 0.01034520789448598
0.001732665652871694 0.01933073233185487
0.001721427751419566 0.03289623061082199
0.0006659780070369914 0.05264426043402123
-0.0001519604586673753 0.08153223603974392
0.0004047309903095197 0.1232860307310133
0.0020269509327562 0.1809385809472243
0.0032322565334242 0.2554142728954273
0.002974995670348355 0.3448581606148807
0.001873854873707833 0.4448152700766172
0.001707317159410499 0.5490648309338236
0.003639421304683404 0.650896106018227
0.006991620381540518 0.7444793465906947
0.009902256397181383 0.8257618464084678
0.01139244645649309 0.8924654135994718
0.01294701604630861 0.9433619637464991
0.01807715153161646 0.9774368996782553
0.03020146905599484 0.9933045964563739
0.05090090243721133 0.9887574319577646
0.0804810856545565 0.9604821782752986
0.1206299469936092 0.9046944304889875
0.1765598945019778 0.8194674397528718
0.2557958796879352 0.7080450941559493
0.3634657335725186 0.5806005239888253
0.4974273364990907 0.4520502009419545
0.6473761372971587 0.3363778486073171
0.7989038014992006 0.2411569499334333
0.939038791042486 0.1662741854069139
1.05859260357159 0.1075152381308927
1.150250642243784 0.06163457242206802
1.206248881547525 0.02859097604766892
1.220264008354169 0.009585479960115544
1.193393859519661 0.003444974925012148
1.138490287769506 0.005125759250337439
1.076901471024333 0.007840642201655652
1.02798255053163 0.006950048741114717
0.99874468434271 0.002331670890387284
0.9816726401380971 -0.002604759243304831
0.9620388859646721 -0.004296996311567112
0.9282435753321137 -0.002043303433876778
0.8770789673946167 0.001643636976716307
0.8113917882936904 0.003402160521272872
0.7345191082072142 0.001948402217731896
0.6475753857158258 -0.001002324758529125
0.5514137466488748 -0.002563994863376294
0.4499442015687342 -0.001466994308534197
0.350615757511305 0.0008802521013259334
0.2613872385968961 0.002016653222918062
0.1871631320637542 0.0009889811879416073
0.1287724974934188 -0.0008180061090307218
0.08464236956134447 -0.001350066359339073
0.05285815303217556 -0.0001312419586504799
0.03169335133838822 0.001364074719144049
0.01892438315332655 0.001491132511022412
0.01156898115767204 0.0002509100920568256
0.006820582218548975 -0.0008767370078446167
0.003244793108592713 -0.0007314709747253942
0.0008693960503900277 0.0002693700493713517
5.324515800727426e-05 0.0007928840267981045
0.0003903526503297566 0.0002308968100375876
0.0007945069898889402 -0.0006703492863191119
0.0005140844942838566 -0.0008231545868776302
-0.0001982827557431166 -0.0001076270839407432
-0.0005452327231778585 0.0005870472314044058
-0.0001959434780830714 0.0005074139344688835
0.0003449708770049125 -0.0001046996040221509
0.0003942866984981333 -0.0004171870697375175
-7.264037233157799e-05 -5.695022570991819e-05
-0.0004268345588169871 0.0005046715447181152
-0.000198561679199734 0.0005988049667637334
0.0003258266371461519 0.0001491440355202522
0.0004655613109444972 -0.0003272551738589884
9.6868221712492e-06 -0.0003845042928832572
-0.0005043873950548435 -0.0001081163866099725
-0.0004592617808355381 0.0001040442039464775
6.013426266407433e-05 4.464828166738519e-05
8.144960856010785e-05 0.0001069411401102206
0.0003212702150967515 -0.0001411358490316448
-4.640949215019875e-05 -0.0002775457258743868
-0.0005456638578239209 -0.000146751163003073
-0.0004300203062414965 0.000103973941244065
0.0003424298570629369 0.0002345040280407466
0.0009620203214473053 0.0001537871471626162
0.000703547344651751 -2.940678288035688e-05
-0.00016811969774991 -0.0001252443753056363
-0.0006661963381204209 -2.510756092308475e-05
-0.0002510731180131939 0.0001940266162340376
0.0005134084043558787 0.0003067199163283031
0.0006457504587839053 0.0001449082432619493
-4.034473862887308e-05 -0.0001786778333705472
-0.0006912356133244557 -0.0003019044394699968
-0.0004643620777953289 3.791177236552009e-05
0.0004082530836067268 0.0006916189599247708
0.0008798174429327531 0.001265958282234252
0.0003905041662324505 0.001721699809737975
-0.0003876442861767152 0.002788940522197715
-0.0003280779939817799 0.005704705915414812
0.0007440645804647804 0.01156182731687111
0.001735241175921445 0.0210959556024607
0.001517646046121189 0.03530302149038835
0.000304241231448525 0.05629909117887974
-0.0004868955023104907 0.08743787564922506
0.0001919720270032133 0.1323492419435631
0.001772571934456264 0.1934991965013212
0.00261818434560645 0.2711025419302022
0.001836358836871485 0.3627154463129862
0.0003823069933772794 0.4634038343127058
0.0001861285904201193 0.566469385676604
0.002138892523556151 0.6648435752739885
0.005036553867174656 0.7528772586947637
0.006692099619654842 0.8276907236826816
0.006275045233898807 0.8893351874364693
0.005638695008210542 0.9398210046597107
0.008235340755659067 0.9816522613828771
0.0165013403201634 1.016227383412627
0.03025894990192163 1.042029775164665
0.04805954571574238 1.053081300571256
0.07072156362090212 1.039323219074342
0.1038322085094173 0.9904732575571561
0.1562185133054736 0.9023579228581836
0.2347389662653085 0.7816019732570064
0.3394670845295981 0.6444228693423795
0.4636293727428732 0.5093712795130779
0.5984875794571758 0.3889680286057688
0.7382912671168965 0.286377770039323
0.8797967700295094 0.1990034109342235
1.016209651816032 0.1249903281429075
1.132030757702947 0.06658675406194677
1.206148376390729 0.02781832061783856
1.223563838242707 0.009380248896405305
1.187279198410365 0.005912963610101245
1.119845109109758 0.008241832970701315
1.051691853949878 0.008614769423321463
1.004211968774777 0.00462974929060125
0.9798154172724183 -0.0009791030581558912
0.9651008812733579 -0.004014718857200603
0.9427076291338082 -0.002750824350729123
0.9018206675611248 0.0008572816625591025
0.8407479849870825 0.003231035815839257
0.762928895708698 0.002405399114256614
0.6723877947063623 -0.0004448159789062543
0.5727330629031872 -0.002422233220399094
0.4687818876924896 -0.001788847887573966
0.3673538450478056 0.000489891884373142
0.2755735834399929 0.001960891259567424
0.1982411654016342 0.001287470631415292
0.1367467475121535 -0.0004984006568365014
0.09010657319893994 -0.001315714565200383
0.05656620718753782 -0.0003580952096099874
0.03418586384210087 0.001151256934256193
0.02049102218541282 0.00148702714758432
0.01242644143857735 0.0003751099064327174
0.007235456649589495 -0.0008410598044430385
0.003486081324514019 -0.0008647235012409498
0.001092009752588121 0.0001006233942268223
0.0002641312328643439 0.0007504953672738213
0.0005305456812992285 0.0003057948426793805
0.000844407689046349 -0.0006293881738881059
0.0005221062406679 -0.0009067025307459314
-0.0001708371597749912 -0.0002303117405632859
-0.0004881627841770749 0.0005782845965091001
-0.0001535989630866368 0.0006476880497833002
0.0003282788345598643 6.862896957713758e-05
0.0003258072970441505 -0.0003320599550590597
-0.0001376975022506311 -5.540997676435067e-05
-0.0004364725847132271 0.0005121089560175733
-0.0001483588656853445 0.0006453415086629085
0.0003982845640009087 0.0001639464252580523
0.0005248832266722492 -0.000414259973522881
5.469609168430985e-05 -0.0005314131191711383
-0.0004547960514985865 -0.0001968777066918726
-0.0004061119717099658 0.0001271995703296518
8.144960856010785e-05 0.0001069411401102206
0.0001663167614405866 0.0001690096114923945
0.0003473804131052512 -0.0001520331276082438
-8.347295739460953e-05 -0.000328545045507329
-0.0006097952121926497 -0.0001374445761550471
-0.0004867225995706162 0.0002094648211959363
0.0002942678188908316 0.0003457131661612117
0.0009044164126542327 0.0001542919338886273
0.0006396220511900065 -0.0001354773553385876
-0.0002014838884540825 -0.0002089379436604001
-0.0006356509241786011 1.100666654693165e-05
-0.0001734298951095234 0.0002895603597075207
0.0005758585628019179 0.0003159663712457893
0.0006473062311107012 3.244103424983432e-05
-7.549000458128785e-05 -0.0002648482483068681
-0.0006923794619487814 -0.0001935371201513406
-0.0003990868283915289 0.0003097870209123201
0.000481986836897588 0.000898401745516687
0.0008638261116430099 0.001238414369974393
0.0002537372400114162 0.001581650180113854
-0.0005666782419996163 0.002873790393487117
-0.0004442096766288764 0.006248733731473666
0.0006993976745618565 0.01250417778214758
0.001656814261038351 0.02227807413235692
0.001310589604621658 0.03688680540108775
1.274990788519247e-05 0.05895881077690069
-0.0007114676161711543 0.09208264269104856
0.0001083903268407267 0.1396093042248211
0.001691325178813128 0.2034332024751652
0.002282100135975734 0.283306969957715
0.001128449004914875 0.3765590246085384
-0.0005287662066622117 0.4779922924027535
-0.0006412219422830003 0.5803040531178578
0.001443678494765267 0.6755735241235119
0.004095494499798983 0.7575940752170063
0.00490727941408184 0.8238618772864579
0.003248715959376437 0.8761086240608306
0.001344722658573485 0.9193411295439227
0.002631841251134101 0.960052964904432
0.008756769992338036 1.00382649412629
0.01814279705162766 1.052061830662435
0.02796472363045596 1.098603063162921
0.03829045447222094 1.128967969456661
0.05468093334703043 1.124903530413492
0.08624241721343298 1.073433290255953
0.1400229853819132 0.974911291975614
0.2165198093497513 0.8437731160847246
0.3108545377207814 0.7007180852267273
0.4190646702858468 0.5620528586344987
0.5431978168314922 0.4342929534498211
0.6885617069963202 0.3173105000474138
0.8533283840529903 0.2117460501499156
1.019191842516581 0.1231702577658907
1.153435755837118 0.05931810480854507
1.224467116687561 0.02352369195119994
1.220997293870313 0.01075997559823233
1.160356058535391 0.009893961334252042
1.078893937122643 0.01015146121822265
1.011088870772572 0.00656789848025351
0.9721400370930541 0.0006588111357581352
0.9549004309240529 -0.003312768730469247
0.940235432301321 -0.002945940677517099
0.9108123113645403 0.0003476782316472926
0.858706750223312 0.00300990908029616
0.7846731224586888 0.002653100214824167
0.6936156816969733 -1.461644612018407e-05
0.5914621816043982 -0.002224516767014731
0.4847255844434859 -0.001970043766586582
0.3806785312610481 0.0001525907897264197
0.2862769626097454 0.001798205825615919
0.2063090499674858 0.001400114851464937
0.1424802186160816 -0.0003101943578649854
0.09410266518643509 -0.001308349533134332
0.05939687790597709 -0.0005714473203569944
0.03615713740003849 0.0009051665329354467
0.02170537846491459 0.001393208229334501
0.01300954195358256 0.0004251733696134262
0.007446795814455165 -0.0007940328098091653
0.003612997037669402 -0.0009036528004261654
0.001277140490080652 5.026162522782486e-05
0.0004647093291620554 0.0008060592987764612
0.0006406424754268905 0.0004659667344617304
0.0008386088503295954 -0.000489496322395371
0.0004792928488912357 -0.0008886859481234547
-0.000161124308760651 -0.0003038244342406589
-0.0004172631123420056 0.0005189122501612365
-8.765939201480461e-05 0.0006481644496316439
0.0003305632916260618 7.507807976999018e-05
0.0002748075218836839 -0.0003801836477510027
-0.0001819872532037345 -0.0001348380451320418
-0.0004320751131326182 0.0004766333795736144
-0.0001089518624562286 0.0006771754922406201
0.0004311627736931981 0.0002032880804987873
0.0005359653679452612 -0.0004269925674187678
7.221324505773605e-05 -0.0005727666442828164
-0.0003957502540389124 -0.0001929844778231602
-0.0003101903626859249 0.0001950479913601205
0.0001663167614405866 0.0001690096114923945
0.0002672849886094518 0.0002126137218966189
0.0004225163671271644 -0.0001919012641470179
-4.829671044297421e-05 -0.0003994548293477983
-0.0006007180578543325 -0.0001461015300972214
-0.0004939552757032726 0.0002873336291480021
0.0002619626417933353 0.0004316023693212637
0.0008388032374991792 0.0001617003006012536
0.0005591181725079738 -0.0001917048270932788
-0.000254695203291203 -0.00023237584322851
-0.0006304846084886071 6.604155820078562e-05
-0.0001209847597684833 0.0003434285310777041
0.0006314112252859952 0.0002577115704859792
0.0006729443228529551 -0.0001227045994412837
-6.86566161072212e-05 -0.000361271398835644
-0.0006672538489515878 -0.0001093622002608853
-0.0003473202258885629 0.0004999871291318075
0.0005101137315608613 0.0009891498253028388
0.0007977961889151955 0.00114112011319801
7.84525236690171e-05 0.001467656693194286
-0.0007811702206130161 0.003017418015696732
-0.000603688185949946 0.006727461896055421
0.000617487718028428 0.01311913849016148
0.001580223061350056 0.02284386119109869
0.001159124433541377 0.03761391650189716
-0.0001961253687348888 0.06050050951685189
-0.0008680962893072223 0.09514693877959979
7.532813796233742e-05 0.1445058407854252
0.00169978740180268 0.2100060583561267
0.002146448226018989 0.2912823124207565
0.0007485827873467244 0.3858622501158041
-0.001041647151039154 0.4885902786057105
-0.001070247039282265 0.5916180912235143
0.001157577926594878 0.6859713745264251
0.003702734883316264 0.7644405649341883
0.003997644381389596 0.8241803910859422
0.001572173639788428 0.8675786556932189
-0.001046827285371878 0.901407607752011
-0.0003956385991376641 0.9350785339182665
0.00464219065254115 0.978043929079994
0.01153147950671055 1.035637268188182
0.01651457724757735 1.104028987506492
0.01914905425576549 1.167762666558809
0.02490470802198053 1.20383485081101
0.04282304125752073 1.192139217859747
0.07952741102885767 1.126109306019514
0.1348825407306262 1.015658586952503
0.204132531240275 0.8799541113261229
0.2856353584042881 0.7359097255157833
0.3868981970033935 0.5916941316505435
0.5210795534212224 0.4495446784891303
0.6936573136388566 0.3134987921552854
0.8889466691320463 0.193596103753214
1.069191203824492 0.1022082285943835
1.190683867309509 0.04596763362335641
1.227658909794183 0.02073253188992391
1.187245835353618 0.01394968279818721
1.104587778394789 0.01225448714327942
1.021812778826216 0.008266468363194423
0.9657937568390592 0.002062866528275715
0.938730010492241 -0.002493271357558348
0.924542463509037 -0.002774696392310795
0.9029785334002867 0.0001543911624478659
0.8606596262941253 0.002859222747865266
0.794034973684468 0.002772327906413174
0.7065126984122106 0.0002883882999514034
0.6047261000629227 -0.002003014072964166
0.496566365215961 -0.002001926362105081
0.3903332715572044 -5.670385787606811e-05
0.2935496561982502 0.001631684703461841
0.2114021372307368 0.001402030130562968
0.1459259920541355 -0.0002246839065409165
0.09653554846661687 -0.001314809101483858
0.06123762412391721 -0.0007305306205132875
0.03748960401544175 0.0007063648587911884
0.02245733034799922 0.001303334913400171
0.01323152511437445 0.0004700175600343843
0.007397318617160469 -0.0007103965517124897
0.003587259820004348 -0.0008614217508163508
0.001388802602510397 8.083514413258297e-05
0.0006140512728548912 0.00090816811216802
0.0006815461606848461 0.0006545114418190491
0.0007514421485375379 -0.000299186873338414
0.0003782127087334874 -0.000791748738207538
-0.0001631754020046734 -0.0003152571217474275
-0.0003213393115705301 0.0004508536119721908
1.412131683441343e-05 0.0005608822588110991
0.0003664008210333 -4.236835202781792e-05
0.0002607895877647776 -0.0005376624898228561
-0.0001817709571929135 -0.0002902070907107179
-0.0003908681704542493 0.0003905276891617264
-6.636406547521731e-05 0.0006810023665478001
0.0004219447087990436 0.0002530125006030412
0.0004747970498550988 -0.0003798366221270662
1.691033691228311e-05 -0.0005254304655858963
-0.0003868058595386639 -0.0001168952272978162
-0.0002322432877431636 0.0002863421410954679
0.0002672849886094518 0.0002126137218966189
0.000307038807448448 0.0002374664229247341
0.0004633594929943119 -0.0002333408726327457
-8.885773854959478e-06 -0.0004610769163528148
-0.0005538163143494169 -0.0001665964261428207
-0.0004446113492139876 0.0003113052533764589
0.0002941740395029069 0.0004431111387430809
0.0008410210214149976 0.0001238488574693624
0.000539563100787716 -0.0002351279829405537
-0.0002754041956546888 -0.0002055380004710491
-0.0006390932018001466 0.0001634404218232393
-0.0001208967563165168 0.0004117059139254016
0.0006284329452507643 0.0002072964702702527
0.0006618471151267913 -0.0002517244227889126
-7.976920859555763e-05 -0.0004303357338206
-0.0006661816064981613 -4.774827273414967e-05
-0.0003356206245226198 0.0005930692817615676
0.0005079811047391396 0.0009543648599582726
0.0007495025549213149 0.0009727771218945119
-2.279378579002396e-05 0.001366797048171558
-0.0008969061690250311 0.003181202276424547
-0.0006747138141502258 0.007094915078620401
0.0006143696810086761 0.01339315971352472
0.001600332237964792 0.02282608409301581
0.001127811522446308 0.03751398328584889
-0.000304740757881355 0.06085582308741991
-0.0009984847348060539 0.0963889889018142
-2.371116126944459e-06 0.1466168160901626
0.001670509579693296 0.2126558218838738
0.002066003471211876 0.294338749668801
0.0005233466007296527 0.3897455721636111
-0.001384744985728142 0.4940572546059013
-0.001397353504750273 0.5991073764095139
0.0009353358527694499 0.6950458588797526
0.003494201630631641 0.7737210530669156
0.003572096244908888 0.8316806608221909
0.0007495288345810668 0.8710955387903332
-0.002262997824795148 0.8988649957159631
-0.00192463970187989 0.925119294147985
0.002645098557565239 0.9611285033288844
0.008377133902057738 1.015327201881652
0.0109005288406971 1.087559701224296
0.009314190515579503 1.165110237550522
0.008857266078641365 1.225314277204621
0.01844126877361681 1.245477377042014
0.04442316962071503 1.214181628927059
0.08610605968751832 1.135567902660475
0.1380673635522023 1.023430899280777
0.1986630755427699 0.8907070723252181
0.2772778191428143 0.7437443066133091
0.391714691047026 0.5856755997544155
0.5542809092752681 0.4241852055925533
0.7556714824718471 0.2748259331381512
0.9602901255289377 0.1556388709819714
1.119779418169017 0.07729914913176877
1.197731725539857 0.03714409159575532
1.189125894958893 0.02182414107901427
1.121231453145849 0.01600643798592941
1.036128595597262 0.01030419310609982
0.9676049550420706 0.003378127410770478
0.9272550863393126 -0.001640910230410276
0.9058588908348668 -0.002349365122659097
0.8849495430712218 0.0002426811904666541
0.8486867567540657 0.00281457082295101
0.789561202835392 0.002805153322279332
0.7079813539245144 0.0004677657632173417
0.6094346984831707 -0.001780978946027687
0.5020778870519843 -0.001887223493156616
0.395066844997557 -8.717969786712975e-05
0.296838731928681 0.001555683253665172
0.2133324366849213 0.001393942261700865
0.147028619767948 -0.0001612189151234709
0.0973665339084835 -0.001270737988896672
0.0620319466947414 -0.0007681304224235749
0.03812103480709067 0.0006313635498102052
0.02270836341775748 0.001286619245004665
0.01309672186054648 0.0005467818778265637
0.007127247570288513 -0.0005977743541294322
0.003459066652951735 -0.0007864743934013094
0.001464862134604769 0.0001128528950515379
0.000735154220920938 0.0009528962064555963
0.0006741493625099844 0.0007506407050696685
0.000611772928566282 -0.000177393705290593
0.0002507005405119967 -0.0007020323753350272
-0.0001580646764960031 -0.0002878497901183022
-0.0002066310608509727 0.0004260339812145687
0.0001219452849795231 0.0005001184569762988
0.0003962057119900067 -0.0001382790958245854
0.0002510751776849551 -0.0006637128064258333
-0.0001509391607411296 -0.0004141687906950216
-0.000303165930176239 0.000311213942088082
1.082625163819478e-05 0.0006603172927623009
0.0004151081630397409 0.0002692543750933144
0.0003834152255211589 -0.0003489565644849175
-9.025414369151052e-05 -0.0004763839045660174
-0.0004421151479343052 -4.216230654563602e-05
-0.0002236678375926376 0.0003609060019665433
0.000307038807448448 0.0002374664229247341
0.0002638900034313884 0.000248720745855233
0.000421491909325416 -0.0002410930908596241
-2.544060021175888e-05 -0.0004657352822625931
-0.0005252178308101095 -0.0001570788634478284
-0.0003763991553949579 0.0003056494766899333
0.0003821510283397156 0.0003821421110224186
0.0009338317503662107 1.99222918550162e-05
0.0006263552704290599 -0.0003050945673148062
-0.0002137744365257998 -0.0001749549061724467
-0.0006261720736872063 0.000266824725477655
-0.0001627272815182044 0.0004827808625185487
0.0005539373766382649 0.0001799091812064865
0.0005863854387594417 -0.0003229657407263176
-0.0001412015319812311 -0.0004344130327347824
-0.0007171944636551662 3.537464398560007e-05
-0.0003778019075371277 0.0006461040193043019
0.0004855072145607346 0.0008589654930779523
0.0007549736343379552 0.0007807841987064248
1.158439796769048e-06 0.001281557800559644
-0.0008682745310558226 0.003325758573047706
-0.0006336278615540394 0.00731395528777304
0.0006919216825176662 0.01334362892084871
0.001711580326568821 0.02230412770213016
0.001216127370385327 0.03667121650401012
-0.0003115428982458314 0.06003367965788458
-0.001114155392502945 0.09570782943088313
-0.0001605225048100955 0.145763809443611
0.001546312410731565 0.2111597434290799
0.001971379272423791 0.2921292480213533
0.0003701057244531741 0.3874787390521743
-0.001668938093546921 0.4928943846085561
-0.001774846614705104 0.6001548774457135
0.0005883904987316489 0.6989523661388187
0.003260803619552966 0.7806780843786366
0.003394118206458217 0.8415619750287059
0.0004582667117113532 0.8832734646060627
-0.00281592644159636 0.9116270540764304
-0.002765717601993185 0.9352358181502859
0.001573305241839879 0.9643591730173758
0.007019721639536235 1.008180858400152
0.00880300402906257 1.069731160237518
0.005377804458685259 1.141358533020812
0.001311758682408728 1.205589297295755
0.005139326751237306 1.242823740420368
0.02330234081135474 1.240941652519818
0.05537496033220331 1.199198276363331
0.09574794057213462 1.123528838686356
0.141774784479836 1.018495774705671
0.2017564762319888 0.8843654342144721
0.2941960022136125 0.7224807907555014
0.4356121198751506 0.5433323211197897
0.6241314400398651 0.3683824059704676
0.8316575283431686 0.2222005872094079
1.012805770081122 0.1203961505720049
1.126656946499529 0.06265080753489938
1.157363242236184 0.03569439871772563
1.120111356601734 0.0230211721658498
1.049537220075508 0.01375031923775598
0.9796681467255581 0.005212734954441346
0.928598905041382 -0.0004796699820314591
0.8954269316391406 -0.001579053734473604
0.8674959268048135 0.0006411326605564979
0.8304705584115075 0.002905547182980056
0.7750024501541632 0.002784809155345371
0.698543032807168 0.0005367915538975245
0.604305643547301 -0.001574333985279514
0.4995053012569741 -0.001652351847149844
0.393453661183473 5.233656835831713e-05
0.2952968916837924 0.001590541756779064
0.2117314617575149 0.00141397162232322
0.1456829631135575 -8.310688668106576e-05
0.09657671010639168 -0.001151012805492974
0.06176641288928196 -0.0006699962044786637
0.03804456932098992 0.000685153560111554
0.02248995590738045 0.001335261260874961
0.0126882446975268 0.0006311726622123914
0.006748936183106308 -0.0004934245950685251
0.003331110063438781 -0.0007200663672224999
0.001574811402663921 0.0001053190197299182
0.0008699837142766156 0.0008930517531303797
0.0006534777293583374 0.000690846783233022
0.0004581007318361806 -0.000203316627325893
0.0001281889274580851 -0.0006957953908408824
-0.0001414397274792365 -0.0002661977792747097
-0.0001057982665326946 0.0004533897885201096
0.0001747071381430248 0.000530864160679484
0.0003496953125127383 -0.0001084302668060476
0.0001831363111462591 -0.0006414235762565487
-0.0001351157535451521 -0.0004027532563749721
-0.000192634309279526 0.0003108605497945866
0.0001260521536691171 0.0006448575142037514
0.0004439445746848576 0.0002374961643164364
0.0003187107780476927 -0.0003847972731456722
-0.0001863758725343465 -0.0004934109505455543
-0.00051514252007597 -2.940087764905583e-05
-0.0002705021162947386 0.000386628714585148
0.0002638900034313884 0.000248720745855233
0.0002064117016397921 0.0002414007431466459
0.0003449402080452829 -0.0002206314154890238
-8.027909721300583e-05 -0.0004116299058850991
-0.0005345763920636378 -9.858340660801179e-05
-0.0003453604763400133 0.0003107298936929275
0.0004469432176633925 0.0003011779765859652
0.001038926864228417 -0.0001067981227167973
0.0007653007611312375 -0.0003881535334525476
-8.745445046980404e-05 -0.0001628225786811311
-0.0005750119539924786 0.0003299505940802699
-0.0002066976047970699 0.0005044134043110696
0.000458854035354716 0.0001292606258087325
0.0005001157525671671 -0.0003720146265670227
-0.0002035737246910872 -0.0003918535594772663
-0.0007825548328342024 0.0001510841236769231
-0.0004547349036838618 0.0007058917486325622
0.0004395476281389068 0.0007692129484240369
0.0007878935727478958 0.0006133233457636587
9.86038649738961e-05 0.001211199206376171
-0.000777078996997431 0.003410051335677219
-0.0005926721116167884 0.007353589276421107
0.0007213205685939963 0.01300261041904615
0.001797083043987066 0.02138082955524348
0.001347869414466074 0.03521364453717202
-0.0002418238289963514 0.05813535805890028
-0.001202667327836814 0.09317936393879998
-0.0003706146560720171 0.1420585927600416
0.001361552061050476 0.2057132919140091
0.001907893581019014 0.2848571599612703
0.0003496438599097694 0.3790034680602278
-0.001831104775536617 0.4843314928114898
-0.0021651755629016 0.592721204732986
0.0001072408434631201 0.6938069732973624
0.002946082078834487 0.7790978443031665
0.003369235821230734 0.8450787711964752
0.0005480961743961611 0.8932413578546412
-0.002985647659055904 0.9280714759465758
-0.003454723626956449 0.9555282185068087
0.0004959374884009742 0.9827446734520383
0.006027327056574888 1.017040038856304
0.008224489275120903 1.062631850422069
0.004681665969073928 1.11682948234128
-0.001333273424933736 1.16976335833468
-0.002260578864290724 1.209223761523867
0.008430248813840425 1.226853339347233
0.03141973482362071 1.219794371189004
0.06209747160710261 1.186229741272934
0.09725918340468091 1.120127214036116
0.1428220816267612 1.012356574758582
0.2149521126434832 0.8593635746704379
0.3310535167074025 0.6723148958460899
0.4953397508339614 0.4775944313538947
0.6894767023224568 0.3062903960139192
0.8765569675901775 0.1796761187651077
1.017396292325074 0.100985480293626
1.089032856053947 0.05838038420764483
1.093717826855155 0.03530413042959367
1.053716069079295 0.01999335125593828
0.9969463840781193 0.008496186181902565
0.9433486434033687 0.001564957164783895
0.8991449001774383 -0.000150862090908047
0.8594529702236128 0.001505409296859176
0.8148165862717487 0.003223387008835726
0.7569626834964193 0.002786225859626059
0.6818553193517194 0.0005536434659681768
0.590529794063207 -0.00136144407161069
0.4886187658453499 -0.001318388155128558
0.3848181348349203 0.0003142535023144527
0.2883729697241116 0.001685031806308685
0.2063282562646759 0.001418241850865071
0.1418133865072176 -3.136606389012729e-05
0.09415363508941575 -0.001003734002286921
0.06042449936260221 -0.0004962590318164946
0.03724801944222307 0.0007981195792158348
0.02182764870207392 0.001377597905884319
0.01207605358679378 0.0006601324852470527
0.006345556405779225 -0.0004385109457821844
0.003259349388521587 -0.0006694508860296342
0.001732512148740354 8.772879353632574e-05
0.001008577781908833 0.0007829986267315587
0.0006143422606906846 0.0005314915178332966
0.0003011630261978073 -0.0003404970105859295
2.483400131009631e-05 -0.0007662510643603655
-0.000114562032796749 -0.0002687901055203989
-4.074597572899676e-05 0.0005008342204420808
0.0001407399463942565 0.0006181528067176966
0.0001980712567252665 1.616086160316554e-05
3.185426022180338e-05 -0.0004928308931796456
-0.000165053729887013 -0.0002639659756853213
-0.0001011958467484386 0.0003986060825623435
0.0002351458316672612 0.0006584973706424307
0.0004819226070343965 0.0001880035722987319
0.0002886832613051754 -0.0004606338852227673
-0.0002264227743386539 -0.0005593850661951095
-0.0005358072622517944 -7.15340943273292e-05
-0.0002955173911975452 0.0003631109763712412
0.0002064117016397921 0.0002414007431466459
0.000226810704427722 0.0002064026538588802
0.0003308527578859956 -0.0002167243545650297
-9.545275412949496e-05 -0.0003553849466439944
-0.0005497929645917353 -2.70580834644152e-05
-0.0003832879045421399 0.0003343257907381636
0.0003956440627862464 0.0002503625076373155
0.001029128295019165 -0.0001880978316067598
0.0008352476509728723 -0.0004275743069067664
2.356276364371153e-05 -0.0001400785341179182
-0.0005085248231431552 0.0003552933530074965
-0.0002228567123818293 0.0004598900084677622
0.0004109235270203999 2.242289884256655e-05
0.0004915748982322791 -0.0004472581892465665
-0.0001747465517048271 -0.0003574821169199598
-0.0007859643065224117 0.000257453407586349
-0.0005253904622781086 0.0007587503104419334
0.0003644651605625018 0.0006935134647286006
0.0007983099097758131 0.0004741781023891725
0.0001872016775803773 0.001131893027326464
-0.0007269064632909076 0.003389627650524591
-0.0006707688019437565 0.007186234204262459
0.0005760545796653575 0.01239827261670745
0.001741207812134892 0.02014908807768738
0.001443505832172556 0.03327767163559327
-0.0001243721072734284 0.05532417306580625
-0.001250800005014614 0.08901909466030242
-0.0006006597328317482 0.135835125312716
0.001153919846870582 0.196827564691193
0.001930124878403742 0.27319676281493
0.0005535836971194716 0.3650299362718988
-0.001745251800415333 0.4688643986394787
-0.002447088133782559 0.5766982774165162
-0.0004421460607949959 0.678309402254044
0.002543361142084764 0.76563423152212
0.003453705102967919 0.8357822843873332
0.0009924394378897374 0.8905387807423443
-0.002781359223673671 0.9336282818018561
-0.004094920575092483 0.9687567864014257
-0.0009941319044339692 0.9996580413450561
0.004483747816492844 1.030443760218732
0.00768743478567831 1.064283747904252
0.005376158035434648 1.101208305048836
-0.0009573308564402499 1.137894116437781
-0.005470189953778765 1.170419324748743
-0.002041736700765275 1.196896798110228
0.01134008557997747 1.215858898025793
0.03205508760021196 1.220684847143961
0.0574825990900398 1.196083153250839
0.09141540557383732 1.122862453920644
0.1463172030704185 0.9902384913647897
0.2377749963265792 0.806915009872022
0.373511565633647 0.6013304759834485
0.5443806582521965 0.4094155951861677
0.724390668231674 0.2580330287382654
0.8807897459186665 0.1552432013852967
0.9881824772447158 0.09251013977705161
1.038077559964064 0.05485141231233562
1.038932884599956 0.03048680718867531
1.008340093792499 0.01426154170730256
0.9632955748065809 0.005185085223039881
0.913977841063869 0.002353163708947
0.8627303065107743 0.003068765381175502
0.8065991088268825 0.003915368025563868
0.7408997429354719 0.002936163441829908
0.662278950107255 0.0006345230897754997
0.5707875959590207 -0.001062244971779274
0.4706863594727233 -0.0008623687140012282
0.3696155121652153 0.0006713763268717461
0.2762143290562482 0.001788151748858096
0.1972072550747145 0.001353776081251776
0.1354817291392698 -5.712714319233568e-05
0.09010877249505612 -0.0008859161069988405
0.05796716604018617 -0.0003142005944345258
0.03568133953063685 0.0008988919349474698
0.02069839982689802 0.001350484231557532
0.01126457886910031 0.0005896812609726017
0.005916320509419997 -0.0004503803154197258
0.003207419479021653 -0.0006189884430738205
0.001867752645505078 0.0001138413730329839
0.001077888276057935 0.000713081869016593
0.0005124738217014184 0.000385592863617684
0.000133111894225599 -0.0004785420243193402
-4.565269912796435e-05 -0.0008337615846656242
-5.820761996358898e-05 -0.0002675121983681647
1.247574647478077e-05 0.0005372465973266051
5.840323191809689e-05 0.0006773062603471801
-4.237626848488335e-06 0.0001143177272029614
-0.0001495335942867717 -0.0003498560371938654
-0.0002159337050812446 -0.0001109331145279225
-4.900901784592339e-05 0.0005051703796793368
0.0002805812249130503 0.0006877096080058338
0.0004614934205706833 0.000158132577085478
0.0002461282596224031 -0.0005062462126040477
-0.0002185592925408546 -0.0005949293965662524
-0.0004698821869705927 -0.0001031869652424684
-0.000229202774153972 0.0003231312418710929
0.000226810704427722 0.0002064026538588802
0.0003355649908847499 0.000150945252257755
0.0004154637884135254 -0.000260417128807486
-1.774914287651799e-05 -0.0003521247261195603
-0.0005213353840296508 4.781817040408619e-06
-0.000468645068430491 0.000349312328907579
0.000207468325089746 0.0002343107095910587
0.0008466240548391944 -0.0001981350760066645
0.0007637435748946103 -0.0003900320724969721
5.795341638831864e-05 -7.075242578661499e-05
-0.0004619382010095045 0.0003838929635599429
-0.0002197250803214992 0.0003930346766461095
0.0004221417470469647 -0.0001075954149901123
0.0005884135254881641 -0.0005429281449408216
-1.567861742605589e-05 -0.0003566202809672088
-0.0006871572503113084 0.0003118074238749296
-0.0005645753970074771 0.0007641281278565499
0.0002591750956880161 0.0006022554843298105
0.000764761473897212 0.0003392127654756251
0.0002453853665883695 0.00101717868979178
-0.0007229292837603333 0.003238711700450692
-0.0008591962383210952 0.006800661824742983
0.0002624793691129172 0.01154777887191837
0.001538426625907933 0.01866163653461608
0.001494229600141974 0.03095912501173429
4.252804721841726e-05 0.05176003843402012
-0.001249885602141581 0.08348922845808639
-0.0008581965988128746 0.127502441600309
0.0008838851870437875 0.1850952456630864
0.001986099111768371 0.2579525481996939
0.0009641742839892977 0.3466083099949621
-0.001367142495576591 0.4478356052126529
-0.002545271416535098 0.5537371698864556
-0.001028049172923591 0.6542725529960439
0.001991573506053917 0.7417424384798517
0.003535045568407987 0.8137037675061924
0.001751838943459024 0.8722318484240231
-0.002058130944038783 0.9208893827595104
-0.004384539807412225 0.9624714079800343
-0.002660884270969342 0.9988967755702185
0.002229968332401769 1.031863534402574
0.006426668866639357 1.062542482537616
0.00624535360017567 1.0908485632522
0.001384504876504252 1.11628225668992
-0.004530618761804242 1.140359390100726
-0.006534391681710011 1.167292924659656
-0.001790766879734634 1.199651168291723
0.009249023322493789 1.230742497112385
0.02543614586921455 1.240821667663541
0.04942604995065066 1.203390991536835
0.0900875498596653 1.099973372682178
0.1597792197224649 0.9334955623184126
0.2671815612918321 0.7299443491652571
0.4100776249672629 0.5264227963699608
0.5731058477946822 0.3538891640893797
0.7323810461682829 0.2259978735455286
0.8643630025420236 0.139578765799046
0.9538753297353749 0.083312094369588
0.9973363984168298 0.0466690406366561
1.000695702524182 0.02360688752424267
0.9744702292468396 0.01112536346868307
0.9289031271421067 0.006381482707343868
0.8710376950565694 0.005587418173426711
0.8039884371935213 0.005155515404943791
0.7279298798206466 0.003395267045254047
0.6421621248343262 0.0009351813552781133
0.5474484492766779 -0.0005539856134793923
0.4475633205661135 -0.0002160573825231459
0.3491264987549868 0.001146987331223916
0.2596510507692143 0.001908113516933012
0.1848716022596998 0.001235625620816419
0.1269459734360948 -0.0001397477724344368
0.08452542845259511 -0.0007853737167535018
0.0543839095214286 -0.0001261905850877527
0.0333146710812528 0.0009802273413163629
0.01908947197223739 0.001255958585944836
0.01024790981848636 0.0004345346252184559
0.005430915560456391 -0.0005104170953609463
0.003106285588657082 -0.0005540419699299334
0.001892144325632391 0.0001992213523548996
0.001007076124113818 0.0007145130670459476
0.0003187895602381131 0.0003095794973280915
-3.675388831992902e-05 -0.0005432776980093803
-5.472606041499287e-05 -0.0008289144304606695
6.351739462759477e-05 -0.0002225469620733269
0.0001023260476222344 0.0005576610923887024
-4.148766793668711e-07 0.0006570121857747208
-0.0001640628862173728 9.815826598460265e-05
-0.0002676262216793411 -0.0003193540195425226
-0.0002216898628430479 -4.738967303026124e-05
-1.324079326961562e-05 0.0005515880117414946
0.000245654183423733 0.0006930188318666975
0.0003430122065369653 0.0001512326679396854
0.0001455488536746809 -0.0004830837232041658
-0.0002034579866098536 -0.0005411745424749564
-0.00034723909303063 -6.397418331682812e-05
-8.461541391135056e-05 0.0003085294937237668
0.0003355649908847499 0.000150945252257755
0.0004319946855031364 0.0001027086148626135
0.0005225080867030646 -0.0003279131338608251
0.0001234794186522027 -0.0003919151459436209
-0.0004253549481053024 -9.196818225881128e-06
-0.0005363329466107546 0.0003359227011038192
-3.480478313061138e-05 0.0002219895831749747
0.0005683627369937451 -0.0001758508319458786
0.0006069626783911117 -0.0003123739097189298
4.447880107552836e-05 2.793085638599666e-05
-0.0004376390241483509 0.0004335394963900085
-0.0002329823742704064 0.0003566420728603482
0.0004288902164182738 -0.0001916312180639171
0.0007166114963016821 -0.0005989806951729623
0.0002122355617230625 -0.0003541936578567942
-0.0005215098696535116 0.0003246444215610247
-0.0005853922534233456 0.0007181548903741042
0.0001227815901587896 0.0004877713432055871
0.0007007433558994373 0.0002048191690453551
0.0003188815788729084 0.0008736879840823024
-0.0006734879882861635 0.002976131243009309
-0.001033441320447606 0.006220789383254379
-9.918890466852656e-05 0.01046824390212025
0.001273171786349795 0.01693019820564402
0.001548130333897146 0.02829595040516698
0.0002912376316224144 0.04756227663129949
-0.00117745482875236 0.07683711846378861
-0.001158322933358029 0.1174451184683873
0.0004652421881347958 0.1710177943851635
0.001928626114099182 0.2397427927415803
0.00143997212715904 0.3245570606541826
-0.000760909424505858 0.4224718354830237
-0.002444538169591672 0.5258017219804734
-0.001642023499471684 0.624772705654973
0.001191176729769697 0.7118478273168269
0.003401252084926781 0.784411137531111
0.002643084239759603 0.844073806575855
-0.0007607191210902797 0.8940407558461593
-0.003920391421662402 0.9372233501625009
-0.003887897899911663 0.9759826391577801
-0.0002822751015605766 1.012103852476655
0.004299847415821387 1.045878632094311
0.006383700501490605 1.075555751879191
0.004372829177191628 1.099297927568101
-0.0003026314604170945 1.119011453548225
-0.004400130373366645 1.141716187620966
-0.005160224892616109 1.174550028358903
-0.001526107850415198 1.215296754760651
0.006926382923739537 1.246337818368617
0.02256606721759035 1.239362834333953
0.05153079398558436 1.170074125230999
0.1027785347795023 1.033288538423837
0.1842149924933267 0.8475372700466017
0.2978937007688707 0.6460137833913328
0.4371116143931307 0.4607408262008226
0.5871505189407911 0.3106471829786947
0.7292973920114166 0.1995415596528707
0.8461263217077716 0.121918908748635
0.9257697051174808 0.07010707140061742
0.9638271544681073 0.03789166715886153
0.962776299807873 0.0203377648606993
0.9295943124199954 0.01250875603857732
0.8726812129148642 0.009395913829380377
0.7992567135119069 0.007176220445519695
0.714182069123078 0.004368492176903507
0.6205201025069975 0.001637803720588754
0.5212244377305341 0.0002964440331438072
0.4206671445411926 0.0006951477810014888
0.3248230775684027 0.001782821881514269
0.2398698815566834 0.002093476744411237
0.1701119515897239 0.001138447643256621
0.1166409835947765 -0.0001921857330905138
0.07760401433108577 -0.0006294523783297604
0.04977352977279859 0.0001157690286160304
0.03023243361231569 0.001079974240203216
0.01709084630798857 0.001141344693041929
0.009096131790285577 0.0002516800187848424
0.004913513883322296 -0.000573980800935774
0.002939536819045951 -0.0004653496114271901
0.00178210073463625 0.0003159977528078326
0.000797445557503365 0.0007431390227552509
6.474189964554509e-05 0.0002679179559257394
-0.0001671930921329675 -0.0005508574613622299
2.605959597390636e-05 -0.0007534427765900019
0.0002625669996144225 -0.0001300322067750274
0.0002392654178091949 0.0005687399812477127
-1.060231401739855e-05 0.000568710848479486
-0.0002393408714651884 -1.674298403454631e-05
-0.00027353523239232 -0.0003880903715071132
-0.0001364648684883679 -7.065141070647493e-05
4.754664051961063e-05 0.0005258580454084233
0.0001698989522221364 0.0006495123976514005
0.0001601218585693207 0.0001354471708574717
6.645509925561815e-07 -0.0004215352429703723
-0.0002035025972318084 -0.0004174713123239162
-0.0002322936789207863 4.52554685898453e-05
4.297833986432309e-05 0.0003372334796970554
0.0004319946855031364 0.0001027086148626135
0.0003915565561709299 8.465702870051118e-05
0.0005318620484295327 -0.0003637121005975359
0.0002479764125648165 -0.0004100691734385081
-0.0002752352134027952 -1.958620169372979e-05
-0.0005250870817870431 0.0003103377537059447
-0.0002113844466565402 0.0001888637675998117
0.0003396836037752223 -0.0001810209114260514
0.0005000782737171554 -0.0002708098239807554
8.004634648893174e-05 8.975521629118343e-05
-0.0003953089658984876 0.0004700684693154501
-0.0002870594532116995 0.0003555941844419356
0.0003490359335272515 -0.0001943450601753223
0.0007630090557895217 -0.0005644109963301763
0.0004030872355322848 -0.0002951937739857875
-0.0003586463817929183 0.0003477916137663256
-0.000617307926461783 0.0006637329330082177
-4.843300134625606e-05 0.0003814390849916329
0.0006194353834820845 9.773371891645875e-05
0.0004476961746020752 0.0007389284622201159
-0.0004985257253110834 0.002658884949624484
-0.001084452000434916 0.005509403112043067
-0.0004097485325808427 0.009200018897216221
0.001000781910962342 0.01496487795663709
0.00162325048875025 0.02531061154049642
0.0006434511206030014 0.04284460709284937
-0.0009830052740563546 0.06932496306372968
-0.001453606103202735 0.106057759451317
-0.0001249956905080478 0.155040786226279
0.001635178125039495 0.2189847123578242
0.001818292828769994 0.2992638498820007
-1.953860914549879e-05 0.3932546272486062
-0.002112689695331814 0.4937522853206848
-0.002198096524011121 0.5915547742020847
0.0001268607738359429 0.6793340807087193
0.00283659600605041 0.7537694564458437
0.003327394682028136 0.8148831833817434
0.0008906180237977226 0.8643374518558757
-0.002558578606200262 0.9048443776809117
-0.004126924557024196 0.9404783218526067
-0.002382622848024476 0.9757560537475061
0.001564662715640907 1.012736387033079
0.005099446683317499 1.048765657893279
0.006148677503953153 1.078412522213138
0.004503700051103506 1.099339520537142
0.001594631323666835 1.116733243324905
-0.0006822014669281729 1.140462610594387
-0.0008146468799775163 1.175220752441019
0.002586932976082545 1.211314202058739
0.01190414983343106 1.224946600778093
0.03147696577859831 1.189763295404659
0.06745567089198645 1.092097834870348
0.1262315538944556 0.9391859296456344
0.2119273734613331 0.7552430764963499
0.3239195986882283 0.5693960026145491
0.4554186790772837 0.40420692915398
0.5938275241934561 0.2709392776395979
0.7230429200148092 0.1714546024345516
0.8271552326365593 0.1025248368383861
0.8943352934305013 0.05885410156470542
0.9194330987058253 0.03413924922597659
0.904265925844477 0.02158491040109806
0.8556583466697041 0.01502354065618288
0.7824170329028582 0.01034700286207094
0.69283945242149 0.006148575681709133
0.5937736886039627 0.002963073216884327
0.4910917672808257 0.001617896550772221
0.3905400867792797 0.001916390810770588
0.297887137689724 0.00258703722825411
0.2180468216174035 0.002368615182503105
0.1537943007935252 0.001122620961422034
0.1050970963623297 -0.000140499972325626
0.06966069610006745 -0.0003660761429376411
0.04437225676775922 0.0004305797288140648
0.02665658401068892 0.001205407329487434
0.01490162257040971 0.001031187531239597
0.007950655198288149 8.80041340076058e-05
0.004438689594182712 -0.0005957243885761935
0.00274590633940741 -0.0003385393984376643
0.001584267105106152 0.0004382802808183416
0.0005218367040669435 0.0007469328898213384
-0.0001707470704926083 0.0002026291277022275
-0.0002100393536975965 -0.0005546845639210354
0.0001937893373121009 -0.0006536719732748829
0.00049512056807843 -2.256483340031268e-05
0.0003650485155662159 0.0005669508565440106
-2.561655817612231e-05 0.0004516249874594046
-0.000275186533358208 -0.0001506377673983007
-0.0002045768011310899 -0.0004570455702188935
1.952108743182695e-05 -9.201715304346754e-05
0.0001471182671988666 0.0004824541117965691
0.0001081885331391231 0.0005662897157926572
-7.768338768002375e-06 7.594375165871399e-05
-0.0001201751558817206 -0.000388087964580704
-0.0001963644403085785 -0.0003002085114881348
-0.00016497231080086 0.0001648169209018213
5.88121318787949e-05 0.0003877825228830061
0.0003915565561709299 8.465702870051118e-05
0.0001861161476473846 8.69567490935932e-05
0.0003998586935192483 -0.000343476924982247
0.0003087874181987976 -0.0003620329686295834
-9.985033774972438e-05 1.896676521545392e-05
-0.0004266739695068658 0.0003021486849167744
-0.0002741207525777439 0.0001396403555731546
0.0002337913322541052 -0.0002341051982733394
0.0005205530364887639 -0.0003034998111722339
0.0002307319430713393 6.991456049190806e-05
-0.0002905416469176176 0.0004508624592083586
-0.0003686205836894657 0.0003534260052020202
0.0001597055336965888 -0.0001435331273669963
0.0006780217796782855 -0.0004524021215115602
0.0005060824596550154 -0.0001708493933689004
-0.0002262454870109169 0.0004112429433296809
-0.0006631032394191894 0.0006380100783431209
-0.0002534583288509767 0.0003103668553095339
0.0005064945424891217 3.40155378760099e-05
0.0006076789112907697 0.0006390917816043683
-0.0002102606289133352 0.00234626928853974
-0.001007079203101219 0.004754916601393756
-0.0006730397438628764 0.007828798734208742
0.0006788023096940519 0.01282841096592775
0.001651793420557303 0.02207838796592411
0.001068128321312909 0.03778127243500405
-0.0006062110374233942 0.06129855385277744
-0.001612919655038513 0.09384621601458105
-0.0007811226456787608 0.1377262380425336
0.001099235888698699 0.1961573325019115
0.001997740200928067 0.2710051803161314
0.0007843185986907753 0.3601597793181854
-0.001475138833212717 0.4571908801218468
-0.002491078177161645 0.5539291083806928
-0.00103791942090554 0.6437383700494042
0.00176157397088188 0.7227210055908563
0.00343144757011862 0.7886605698090999
0.002410901177747591 0.8401985252689564
-0.0005733338632766681 0.8781760005098113
-0.003197545869981459 0.9076351588499194
-0.003482615153926066 0.9368494499150527
-0.001200443016498313 0.972190803624554
0.002275235014819763 1.012683807117131
0.00520354659132626 1.050048807510618
0.006592950042844365 1.075716577521064
0.006478663248318385 1.089231545689946
0.005579144948388556 1.09987918644584
0.004977341220174303 1.118689795481088
0.006178786604869101 1.146740494328327
0.01141067938433193 1.169652794344421
0.0238622890006505 1.163463780220652
0.04770475681934419 1.107900901420323
0.08780141734552878 0.9976322333984193
0.1488878629380425 0.8444978451240798
0.2339699404901694 0.6709714996825149
0.3421187031968985 0.500580176935691
0.4666006966802978 0.3510087013381059
0.5946951694582548 0.2318147829275201
0.7100038856211838 0.1452726542972338
0.7966913955360488 0.08821769098608107
0.8438341028069263 0.05400214825874176
0.8478902007709918 0.03465937326394763
0.8124031993156469 0.02318279800562095
0.7456097713635056 0.01517942090726663
0.6575344435391025 0.00911876415880694
0.5579191360619838 0.005170088429902916
0.4553600500017894 0.003535086840561579
0.3571492475630087 0.003461758380326523
0.2691100161238704 0.00352375006705808
0.1951316895808756 0.002707697816327162
0.1366844226688962 0.001192654537746758
0.09284263980389677 2.693324948590504e-05
0.06107780323743781 -9.885213728101958e-06
0.03850608171429967 0.000770907732342326
0.02287417361407933 0.001303045235534676
0.01273412504949644 0.0008982734143212895
0.006922357962604654 -4.901790485750221e-05
0.004039469938451882 -0.000552216110638183
0.002541556580508739 -0.0001577496036319444
0.001347308846661017 0.0005671346216970615
0.0002614660638336391 0.0007202215540684176
-0.0003167017666024673 0.0001080216099846183
-0.0001487424616432008 -0.0005645627567605207
0.000401902660278939 -0.000549733622895595
0.0006792491118963959 7.562975216862928e-05
0.0003964208285891323 0.000543864691519968
-0.0001178103343524185 0.0003313940472310895
-0.0003421756685739229 -0.000243130995945724
-0.0001364118278825998 -0.0004487873047613758
0.0001789667570110462 -3.998901829938021e-05
0.0002526359391766011 0.0004713184206934649
7.653501109315664e-05 0.0004653132101719538
-0.0001079266292759134 -3.545772691523681e-05
-0.0001569936197851952 -0.0004204744846011576
-0.0001399419731412724 -0.000248822429741757
-0.0001296710806489029 0.0002316507563322947
-4.531192621511817e-05 0.0004160742827503118
0.0001861161476473846 8.69567490935932e-05
-8.573769753842502e-05 7.214819469220333e-05
0.0002048063225355754 -0.0003020725707395552
0.0003365703065928799 -0.0002747225281475655
8.219910382939841e-05 9.147458793952953e-05
-0.0002917453197047545 0.0003121869109879518
-0.0002880302987783636 9.271701305457077e-05
0.0001817410928093446 -0.0003023195043770039
0.0006064046636110419 -0.0003721870753132344
0.0004593927576744934 -1.239941850113563e-06
-0.0001198739297674937 0.0003835702259415377
-0.0004361001135379111 0.0003247526945271354
-8.157326615038804e-05 -9.560946163761553e-05
0.0005126338865379886 -0.000332604484392019
0.0005616621314018134 -3.893288155977181e-05
-8.489090849863827e-05 0.0004835192868565117
-0.0006848445048102197 0.0006276988496153325
-0.0004772663955436595 0.0002585887783262504
0.0003316912042821894 -1.229326230235293e-05
0.0007298046559894893 0.0005606838012607992
0.0001187440170554297 0.002073456362086729
-0.0008507222027659316 0.004054503616052499
-0.0009303625672611787 0.006487860923907656
0.0002342622667394557 0.01065616313760262
0.001522896345947172 0.01874894892698113
0.001477531652549715 0.03261249128170552
-2.654336919071657e-05 0.05317863538040739
-0.001488500318837152 0.08143732489113396
-0.001318430919658331 0.1198378779584603
0.0004089756221003087 0.1720359577916034
0.001920745287641558 0.2404213502169619
0.001547057510563046 0.3234694838024793
-0.0005101561021753267 0.4156338191926453
-0.002295778972760803 0.5100845530129204
-0.001994263870812979 0.6015559870480307
0.0003133955963027712 0.6864798629607525
0.00272357731633236 0.7609202962059686
0.003237485186359262 0.8198822243919972
0.001436896250038888 0.8603965845562853
-0.001337894298709855 0.8860372249188639
-0.003207170866868213 0.907411061871465
-0.003100050080706544 0.9359424158230358
-0.001176312882260851 0.9750349991188116
0.001665889078876319 1.016596499095307
0.004475942872025968 1.047175012928084
0.006606759569824084 1.059346087247977
0.007810408560065934 1.058600212853067
0.008368076102177689 1.059278137245925
0.009283545977301612 1.07235942538304
0.01232473652149832 1.094800778894388
0.01986481675110895 1.108716842769404
0.03480367668621764 1.090764593865871
0.06078233028954183 1.024777291987432
0.1023286914958079 0.9095816044498216
0.1641022851433644 0.7585798801008853
0.2487618070329755 0.5932842837710581
0.354140903084769 0.4354197477415114
0.4714521112472072 0.3010971150147297
0.5861070703603271 0.1982138063167707
0.6813173740990199 0.1267101898039122
0.7429276732364192 0.08084945805293338
0.7632175766798233 0.05254074281804538
0.7421565209518294 0.03451053024749829
0.6861215889754849 0.02216874324874493
0.6052502955037919 0.01364910434718823
0.5107703915845028 0.008493566590696295
0.413062877539862 0.0061459726562782
0.3205355265212245 0.00532706848851837
0.2390646008679884 0.004547476788369574
0.1718083156124384 0.003074534038152895
0.1193667916805227 0.001333584169096593
0.08034223743965434 0.0002948947672634566
0.05225224750135706 0.0004006783097759877
0.03252452576680314 0.001077394095784964
0.01915045592057653 0.001317252174112475
0.01072165290147974 0.0007119525166458595
0.006012956682393095 -0.0001663988578586655
0.003648324858850071 -0.0004441483085418164
0.002272115734290316 7.165640953179497e-05
0.001073744248383145 0.0006995744604187102
5.638661662650245e-05 0.0006766326545211231
-0.0003496356173049954 1.677864082311657e-05
-1.245122269142434e-05 -0.0005427728511956639
0.000580437019473399 -0.0004153191706488918
0.0007476229740461682 0.0001760747394672901
0.0003013546800735942 0.0005054661445864528
-0.0002890262143234176 0.0002163376203532774
-0.0004437013564333585 -0.0002867784446794397
-9.860850399105672e-05 -0.0003651596784713032
0.00028984582728365 7.409964889198907e-05
0.000312395942393982 0.0004836819130541238
4.072276691440409e-05 0.0003537687343857123
-0.0001570175081373817 -0.00017501357855308
-0.0001144068031130686 -0.0004927638816543314
-2.136556525894693e-05 -0.0002529093788740318
-8.116744496559012e-05 0.0002328989251063029
-0.0001872155213493154 0.0003913125331294124
-8.573769753842502e-05 7.214819469220333e-05
-0.0002895258949678703 1.29716803844223e-05
6.955305750108923e-05 -0.0002917535566791765
0.0003976498803709523 -0.0002125820657493447
0.0002672555359880352 0.0001399286586129899
-0.0001823296957098403 0.0003088234494842317
-0.0003571795504846101 5.577930371132625e-05
5.09120032733214e-05 -0.0003389481259986415
0.0006179876252243596 -0.0004046694648485245
0.0006567100738722039 -4.809606432198827e-05
7.540111243122589e-05 0.0003228065233464551
-0.0004534212681694635 0.0002834834041957667
-0.0002905042438314152 -8.409364832162808e-05
0.0003555271691916921 -0.0002739599370178844
0.0006391378801496556 2.255894467787971e-05
0.0001200837387886722 0.0005018281748499267
-0.0006343173855748078 0.0005902325926678104
-0.0006908759569249905 0.0001895442156929749
8.191992122073667e-05 -8.357496709932194e-05
0.000762108343496641 0.0004696223797028939
0.0004403395458330261 0.001852153590888772
-0.0006150322957228588 0.003493530159032052
-0.001140277490789551 0.005323526404247053
-0.0003145978480902923 0.008613327858914901
0.001175287906772092 0.01548850785718934
0.001755722876746991 0.02755649477321493
0.0006867815515132846 0.04533686635070756
-0.001020632266371022 0.06943495101290754
-0.001582819237232849 0.1022138976009698
-0.0003288766336471893 0.1476398915521503
0.001525391684954102 0.2086531763690485
0.002069517898933373 0.2843296356955112
0.0006308691402197702 0.3698546633200826
-0.001529350834363257 0.4595829420473729
-0.002418387408173192 0.5499464964547494
-0.001164034281382141 0.6388642335360134
0.001260904778462663 0.7223160745530031
0.002979623580426386 0.7926804985223542
0.002773149106146115 0.8424355849723403
0.0008571024213586839 0.8710635989775299
-0.001556614356647503 0.8883017461463351
-0.003227479565635069 0.9088770310207963
-0.003507629074334018 0.9416111386035453
-0.002376888462946656 0.9819728118448359
-0.000226910515599876 1.01524320403899
0.002309377678153549 1.028513109870566
0.004547817330663366 1.021782608908825
0.006114561475128786 1.008815472550539
0.007343659151819613 1.006781857083969
0.009381851324338447 1.022668639928663
0.01394214891414948 1.046530425575016
0.02310990251963066 1.055939337721147
0.03961909461400979 1.027907335725191
0.06737177414257255 0.9503937160305628
0.1112718608304658 0.8272692356023809
0.1755572500219631 0.6755635325229308
0.2609269174222805 0.5179574778165633
0.3620299941970825 0.374768985351199
0.4671465419371897 0.2586119224641862
0.5607593349672602 0.1729681470770565
0.6279905423802983 0.1141705542726063
0.6588394671745801 0.07517425347009134
0.650465640922533 0.0491608737423225
0.6069902713803167 0.0315282689199588
0.537462525847304 0.01991681037935097
0.4531090699478072 0.01302563676216486
0.3648053382881807 0.009459116304637128
0.2812922615075475 0.00747823113462647
0.2083080628039844 0.005630002519067532
0.14855542883378 0.003470243928874
0.102256815609348 0.001565364400588792
0.06799357808449112 0.0006777849725838186
0.04357672185380873 0.0008644221673468607
0.02676802683405216 0.001346359202730168
0.01570056048422599 0.00126029378371042
0.008917924624774752 0.0005002949966459264
0.00515118144922253 -0.0002424369095404291
0.003156153410921576 -0.0002792222288177648
0.0018683677642905 0.0003120568191640681
0.0007538954061462626 0.0007912379951628286
-8.10447126987674e-05 0.0005907308309607561
-0.0002843898969543269 -7.014363706291918e-05
0.0001442662484785956 -0.000472961595570516
0.0006698402874960708 -0.0002320043012006185
0.0006850070970731495 0.0002953664880207723
0.0001290940569035463 0.0004672436041784921
-0.0004502663671904159 0.0001143989063309831
-0.0004979451104091324 -0.000295375699130151
-4.933816365824973e-05 -0.0002491656232627614
0.0003517505541004925 0.0001912959942033833
0.0002990277450292485 0.0004749501931970784
-4.252906889292634e-05 0.0002282650747372563
-0.0002117483079232289 -0.0003007062172781797
-5.327133304703113e-05 -0.0005374555282304836
0.0001224592500579946 -0.0002485563391195608
2.293492841768305e-06 0.0002071785104931015
-0.0002746204815774363 0.0003184403896995377
-0.0002895258949678703 1.29716803844223e-05
-0.0003726272661301478 -7.76304008645014e-05
4.239959977544678e-05 -0.0003184958617900496
0.0005130038704675005 -0.0001987510719064076
0.0004514799621877029 0.0001343128946861172
-0.0001135408988459242 0.0002699996098515344
-0.0005066087532693254 2.552523759158576e-05
-0.0002069701753526725 -0.00032689806142772
0.0004784844828728059 -0.0003689157279243073
0.0007399003053400415 -3.120448848660654e-05
0.000245857391048486 0.0003076315526381904
-0.0004158583118824792 0.0002585980934376699
-0.0004272764355601853 -0.0001005880242500395
0.0002417208265607751 -0.0002927848477780896
0.0007488491070698535 -1.807249062050099e-05
0.0003912454125101478 0.0004381851645419583
-0.0004901366152675125 0.0005144775277894842
-0.0008562559069591263 0.0001029758317314253
-0.0002191990721213415 -0.0001874887928846544
0.0006977307475083492 0.0003450728532084577
0.0007517022520224774 0.00167182603683185
-0.0002392511280478579 0.00310847638438379
-0.001165854236084327 0.004430189756884629
-0.0008288441313773734 0.006818951412161984
0.000640618709687894 0.01239857362863261
0.001789650493311805 0.02271086446136533
0.00136405701331483 0.03796194792310544
-0.0002925248223604546 0.0582430318575896
-0.001513725389962967 0.08554606663696938
-0.001011591333947927 0.1239595455528903
0.00077884490090332 0.17702304448954
0.002106489490513351 0.2445042908026941
0.001620940121284268 0.322089225112807
-0.0003413065868865021 0.4047041815200827
-0.002108707454315007 0.490033093347642
-0.002203217609654306 0.5780386353811361
-0.0005479485441108976 0.6664844458825574
0.001633095642444513 0.7474906853627138
0.002891909700765976 0.810232745130302
0.002539436660621209 0.8489799833825935
0.0008468095850371265 0.8693697117725313
-0.001375497232622 0.8859793520270222
-0.003271257042621044 0.9116889745949113
-0.004213605847775794 0.9473162031778259
-0.003941705237631765 0.9807125833259388
-0.002653417448606228 0.9967612375056374
-0.0009337261974978917 0.9903292792585303
0.0006115787855106272 0.9715617207846873
0.001852601942512205 0.9591262427122145
0.003383437126830957 0.9665262665983525
0.006369200426406054 0.9915274769547239
0.01232110357431977 1.015804430095926
0.02327072264802177 1.014372132505253
0.0423072151788412 0.9682960271379144
0.07371907333368811 0.8733046633307785
0.1218691847626222 0.7405800296797238
0.1887765637931313 0.59082187097918
0.2715847731902222 0.4456770067843353
0.3616032565652398 0.3208079539878362
0.4458741773016214 0.2230271657487202
0.5107493913477649 0.1514944971950141
0.5458500015849607 0.1012028507688873
0.5467396272942451 0.06648223439528123
0.5154955316595552 0.04296429441862887
0.4593776713595438 0.02775041717076791
0.3883999996055273 0.01860882900641287
0.3127245325077727 0.01332533557842768
0.2406285107452469 0.00981454397627419
0.1774800554928541 0.006745702260375054
0.1257462143217666 0.003928529842839324
0.08567606614008846 0.001937718250932066
0.0561602396194059 0.001208792266354842
0.03543228467397948 0.001400736122044272
0.02154709319779904 0.001610086118832716
0.0126928779213704 0.001193718523918407
0.0073494469851399 0.0003377417615014909
0.004290162518114335 -0.0002275451220704202
0.002526238792959082 -5.911937207602675e-05
0.001344406156487869 0.0005164418485242625
0.000432585697218499 0.0007783509011395422
-0.0001245509843962493 0.0004059370914609146
-0.0001414570150888925 -0.0001984450748607311
0.0002731282715713386 -0.0003977113837101543
0.0006432651050443947 -4.013463564742036e-05
0.0005237606318084727 0.0004059429792074683
-3.174883937329617e-05 0.000422713497606984
-0.0004941997252543662 3.234205723072656e-05
-0.0004188412439394543 -0.0002687432612386974
6.125347018808316e-05 -0.0001199040047512405
0.0003885837128194301 0.0002814399680220806
0.0002240035200907838 0.0004267940619808663
-0.0001756717309808439 0.0001002738933595748
-0.0003001102856460881 -0.0003717347200857725
-2.743900894865439e-05 -0.0004996802486080298
0.0002352539452519066 -0.0001831382055662177
9.579476994531155e-05 0.0001964349249231838
-0.0002852581845078955 0.0002261893110279163
-0.0003726272661301478 -7.76304008645014e-05
-0.0003899543204245789 -0.0001570547050185573
5.920485485562602e-05 -0.0003307209523192664
0.0006249892505463629 -0.0001864302495249046
0.0006158697999820021 0.0001091073725984267
-4.228852152026232e-05 0.0002156543214454068
-0.0006429807888366398 5.353178186955645e-06
-0.0004940129520854273 -0.0002819467015927065
0.000244276071218441 -0.000297478489707028
0.0007125620262188324 1.29303078214099e-05
0.0003674579076397658 0.0003172329739334996
-0.0003467793912753969 0.0002586548186006771
-0.0005142433811178036 -0.0001104438943553726
0.0001290702095957547 -0.0003454395747747771
0.000823940051668554 -0.0001224672129491037
0.0006693060089096725 0.0003277945690332278
-0.0002608115436552567 0.0004446698858047476
-0.0009265129012272497 5.219254800148105e-05
-0.0005168614711149661 -0.0002858888737589639
0.0005481318494159229 0.0001802302617137963
0.001029595555508668 0.001481210911496735
0.0002900696757424139 0.002845694206959566
-0.000899460557468303 0.003798777545996999
-0.00114567134485796 0.005308058208498765
1.00144192193789e-05 0.009506882724177984
0.0014966316811238 0.01806159895233281
0.001785119566582958 0.0310569073032963
0.0005037874825457349 0.04802516267510053
-0.001125581748452143 0.07028440090495562
-0.001495709809558586 0.1017604611298443
-0.0002114681413727203 0.1466208872996406
0.001531172691445025 0.2055945444767345
0.002099070843096308 0.2748896619628315
0.0009175685560288905 0.3493466042604782
-0.001088825100743006 0.4267936452236886
-0.002373043169058192 0.5086528730028027
-0.002021736693154763 0.5954179667615737
-0.0003128758465652129 0.6814655753147258
0.001681066162002717 0.7554423418850962
0.002886813625011783 0.8075428122636614
0.002768565108269744 0.8377681257698707
0.001414802522505357 0.8571281403595924
-0.0006384680992303452 0.8795017691805069
-0.002656984066220018 0.9104673967021867
-0.003993532718966775 0.942715044499511
-0.004369296498874828 0.9623273446863616
-0.003979134341852056 0.9609546297131308
-0.003268063493505324 0.9438948151493743
-0.002489393488251758 0.9274626922702113
-0.0013851433225268 0.9275570685579181
0.0007938452818456437 0.9478449070141167
0.005112397793822076 0.9757385177701924
0.01302249427795518 0.9884031119558176
0.0267763615620666 0.964417620466428
0.04967412104733916 0.8939316747298921
0.08539908777842015 0.7821905614850752
0.136227743216839 0.6458345095726035
0.2008789449183696 0.5052032375598747
0.2733494100134071 0.3770632115383895
0.3436993283664274 0.27079607791246
0.4006462350372818 0.1885683789136684
0.4348231090542714 0.1279662995601359
0.4413192505227696 0.08494027859626012
0.4206428043911887 0.05558966849481499
0.3780206891126906 0.036564467156334
0.3215294082064618 0.02479656549563876
0.2598097234122097 0.01741441353134679
0.2001274566758456 0.01214769843722243
0.1473241396586408 0.007841798248472148
0.1037678722443226 0.004472392590111725
0.06995109204972315 0.002473682392066533
0.04519697084698114 0.00187199605120879
0.02814947592812115 0.001970779834550684
0.01708395738299668 0.001848087033900239
0.01021522034360452 0.001135813373531102
0.006023246044457132 0.0002626508578037768
0.00344325054261855 -9.834555202514736e-05
0.00183089239659159 0.000208919877063793
0.0008163694531670342 0.0006616339051434736
0.0002110612522230744 0.0006446256300169891
-3.416618873668934e-05 0.0001158423866196875
6.235164182677447e-05 -0.0003843685195848172
0.0003473675689685238 -0.0003619482559547295
0.0005099775164388348 9.137056627642083e-05
0.0003167010869050245 0.0004406939957769928
-0.0001168979794127835 0.0003304781178089353
-0.0003846353962228788 -4.159614896451814e-05
-0.0002106196860318317 -0.000201273730065341
0.0002111655557212446 3.433437140619573e-05
0.0003955501730267254 0.0003615891438053804
0.0001162290250778673 0.000364620057768745
-0.0003103768560817756 -1.084999435334418e-06
-0.0003849816568357528 -0.0003676848018597903
-3.227751262442371e-05 -0.0003758410501174558
0.0002906121743928301 -6.340735729242961e-05
0.0001572149238513379 0.0002009769885938409
-0.0002666432564830329 0.0001360238804195383
-0.0003899543204245789 -0.0001570547050185573
-0.0004192873746635408 -0.0001897453362367003
2.122300734463114e-05 -0.0002726296258496246
0.0006457072960216315 -0.0001157450740083092
0.0007275488664013311 0.000117156359338698
8.407894101068198e-05 0.0001836006724483991
-0.0006373398486017367 9.073276028354683e-06
-0.0006551977890733067 -0.0002228460187301553
3.579311886917293e-05 -0.000241865575561483
0.0006291380967232718 1.594731023224675e-05
0.0004401676514814303 0.0002963488335275222
-0.0002705711856421235 0.0002702270109343758
-0.0005866925052778151 -7.712654844918672e-05
-3.84302276819859e-05 -0.0003641276775084156
0.0007842123881571294 -0.0002208719703346283
0.0008808170194819495 0.0002281863231912734
3.624265287704442e-05 0.0004348977658009125
-0.0008491783640929627 9.704944421335685e-05
-0.0007429390085089046 -0.000333014504500702
0.0003127973444887421 -3.829662394863344e-05
0.001175051464403346 0.001183702059764191
0.0008446897289700015 0.002565104555418708
-0.0003867676973069709 0.003330233356038723
-0.001189206708885442 0.004073144980871779
-0.0006104657802535947 0.006856718158967258
0.0008669862224789687 0.01361525899480777
0.001775221172536653 0.02457879910176208
0.001152380381496414 0.03881671056053107
-0.0004717113463888258 0.05671874718800323
-0.001583802353835022 0.08163543342519222
-0.001139628869935235 0.1182265957323863
0.0004785086453863561 0.1685319481311
0.00185432757301662 0.2297487454552467
0.001804646623215393 0.2964923712474877
0.0003255110857089125 0.3656334646557578
-0.001517137135100002 0.4385682067199616
-0.002478086739850689 0.5179373235583995
-0.001976912277233358 0.6016719427895343
-0.0003248627353963741 0.680748625333231
0.001621972525521204 0.7440514123446937
0.002986756935174706 0.7867439671953946
0.003251212120070972 0.8144721434699204
0.002398851844203304 0.8389314593299502
0.0008489266632445944 0.8681126240613394
-0.0007795546214918014 0.8995975400979356
-0.001985074390116402 0.9228436876244414
-0.002601450342948339 0.9286723884724863
-0.002751299968841638 0.9180581321431209
-0.002564589032120419 0.9029461662655354
-0.001899100459749836 0.8982854715620041
-0.0002755456716558369 0.9111676006991716
0.00302882806373525 0.9347680381859041
0.00900241703901836 0.9509581871997498
0.01917538395994077 0.9394726738578286
0.03586364903171412 0.8877531998148669
0.06182767618287505 0.796075147236274
0.09907115523197889 0.6761410814952498
0.1472078485835529 0.5451668408408871
0.2023651641407513 0.4192877952364786
0.2574552805443167 0.3093757862057209
0.3038872408087178 0.2202033827683985
0.3339911633495818 0.1519465823181269
0.3431285354909815 0.1022998745894571
0.3307460726163155 0.06797881617270364
0.3001631904494787 0.04538219617119042
0.2573316811182181 0.03088399843769061
0.209076917655637 0.02125238240978372
0.161445828509048 0.01422627494754128
0.1186983285434094 0.008836624329203442
0.08313262009579335 0.005088942865350306
0.05548626114775242 0.003134772395023924
0.03543968499031012 0.002569673288630491
0.02194058789791244 0.002447979008377608
0.01343438797203719 0.00195352591307675
0.008214693851927591 0.001018338721345833
0.004881183115101215 0.0002281003861393983
0.002631336533307832 9.928903511253132e-05
0.00117720005389102 0.00048800709688437
0.0004132011733502672 0.000750006134279455
0.0001651317318252328 0.0004489925178643532
0.0001894439819528336 -0.0001850861033039108
0.0002903081547787188 -0.0005451320204486537
0.0003548155185557702 -0.000331239250443609
0.0003066098232104611 0.0001471389415156287
0.0001176916884099721 0.0003600059762106963
-0.0001114426110103346 0.0001524649185846138
-0.000175996604854698 -0.0001342519829648211
2.37624981885538e-05 -0.0001094933331471835
0.0003034572920147107 0.0002082871697736442
0.0003294307763766629 0.0004413597996288749
-2.17791300081415e-06 0.0003086123115232194
-0.0003828259041799076 -6.2426183345173e-05
-0.0003970301079240764 -0.0003013289293446741
-1.924743217980985e-05 -0.0002082413154285208
0.0003065838381833214 5.759772513130287e-05
0.0001733710472320988 0.0001854078692777499
-0.0002641396375595116 4.857069314318731e-05
-0.0004192873746635408 -0.0001897453362367003
-0.0004638917934462546 -0.000168192095191126
-9.77425677074092e-05 -0.000139859073307217
0.0005357486375455424 1.120175886228528e-05
0.0007561570679098117 0.0001548415631316421
0.0002682979395120228 0.0001741836450351771
-0.0004452852352895154 4.046458508730208e-05
-0.0006218316202412858 -0.0001497623299782462
-8.74184685370418e-05 -0.000215307562690134
0.0005170151029173183 -5.047327973693624e-05
0.0004655786372859091 0.0002133090715247443
-0.0001861606652828583 0.0002797576738720242
-0.0006315128998608656 1.835133494620813e-05
-0.0002528942291724051 -0.0003061568839113461
0.0006070446925094929 -0.0002748672815350171
0.0009790222855298239 0.00015306045628761
0.0003753818535744413 0.000483566334951137
-0.000591443449560785 0.0002471678198227244
-0.0008341417035989643 -0.0003057731017596018
-4.634652976817876e-06 -0.0003167707887709706
0.001060957694570336 0.00069482601311099
0.001201747108185451 0.002119448611679048
0.0001890742589050006 0.002912572288548596
-0.0009818550546280458 0.00313878890614346
-0.001098179439487863 0.004602690359212369
1.610621648637419e-05 0.009530521992320821
0.001296997333321201 0.01858150710071103
0.001482852117654595 0.03063513307272471
0.0003391641921736644 0.04506038562701432
-0.001125911265874037 0.06414391534220482
-0.00160628739694408 0.09258830553791511
-0.0006617641110213266 0.1338648192231876
0.0009453548356851052 0.1868811790083781
0.001939413742392605 0.246669229337828
0.001552615673460894 0.3088255551182627
3.313892225011601e-05 0.3732492470845997
-0.001641146181437361 0.4430086612499473
-0.002475855610127013 0.5190760114623988
-0.002032974575930826 0.5962615282462754
-0.0005575538482630567 0.6650006532148278
0.00127760888692777 0.7180390728178038
0.002762816496657549 0.7560136860768986
0.003462263555929946 0.7865507820850868
0.003337887980715408 0.8173554821877884
0.002672477970662906 0.8493219623963303
0.001857563870925631 0.8757726990807146
0.001181526995299127 0.888558414740242
0.0007585289146302298 0.8858354334482651
0.0006340064359378342 0.8749703308631194
0.0009549735558143846 0.8680546943042198
0.002053502716635177 0.8733044433560493
0.004423092883472804 0.8885408665366935
0.008732138294899761 0.9011499565420145
0.01599438916609264 0.8942767083600908
0.02776272782733787 0.8551299064557244
0.04598083062276209 0.7805921050805517
0.07223285079375254 0.6776839623370954
0.1065914408567461 0.5597189759787768
0.1467092506505654 0.4409935226936437
0.1878044215913636 0.3327363878909342
0.2237055518895943 0.2414940349570722
0.2485255103006556 0.1695197300082986
0.2582598564564025 0.1160201364934795
0.2517523332760501 0.07835702766248583
0.2308049210412464 0.05294283643940655
0.199495006539122 0.03599704588048089
0.1629625525102339 0.02430156152601475
0.126091449770849 0.01579193347071407
0.09255604129914768 0.009644836497698955
0.06450266332394879 0.00573783217816273
0.04275259657767739 0.003839157650151971
0.02715832771283523 0.003169613911622769
0.01685544389253213 0.002694388899918132
0.01047439991682711 0.001822146936398388
0.006507399828214634 0.0007677992365118885
0.003798840762590238 0.0001615363902544795
0.00184166347651426 0.0002816445962266275
0.0006249400899664913 0.0007117964388210514
0.0001806800191347806 0.0007783449631010266
0.0002682451387391143 0.000270049982796613
0.000462360298002603 -0.0003642223364184969
0.0004685462278438722 -0.0005453072840283617
0.0002867281749886774 -0.0002030424858260878
8.254280200670131e-05 0.0001930110176809539
-2.681532148270556e-05 0.0002051490914341029
-3.226296907261588e-05 -8.989506735521924e-05
4.18396238481975e-05 -0.0002503367061307651
0.0001657568304092058 -2.629006771588068e-05
0.0002492054891110999 0.0003539737889345204
0.0001600307149814878 0.000476964805818425
-0.0001137423547191766 0.0002266467062437895
-0.0003574538579304246 -0.0001136982582108669
-0.0003034877137492854 -0.0002130016969603764
3.849084369869781e-05 -4.661323392952721e-05
0.000309030997960682 0.0001360412098023769
0.0001693262564610689 0.0001265328902010211
-0.0002616326921666551 -3.799870585964874e-05
-0.0004638917934462546 -0.000168192095191126
-0.0004476085020788814 -0.000101968529707858
-0.000226792817258286 2.285757324814946e-05
0.0003344246192679441 0.0001262256989012731
0.000691065364632497 0.0001517933778602295
0.000454142426477953 0.0001344445352698878
-0.0001419442739430944 7.647362464552659e-05
-0.0004588789349396908 -5.35171276891707e-05
-0.0001687044929685999 -0.0001875229553810819
0.0003507718732932961 -0.0001567118519118567
0.0004375520193705494 7.864586086630576e-05
-6.574761266344888e-05 0.0002783913279202058
-0.0005799103302054901 0.0001626018258973614
-0.0004318956260226355 -0.0001813599951098246
0.0003351238408845144 -0.0003045689061723405
0.0009365396927918277 5.251637236931597e-05
0.0006920504523036993 0.0005202222844022683
-0.0001825777285781924 0.0004566225348483583
-0.0007502393335091183 -0.0001877555215425481
-0.0003503265407814894 -0.0005982603683408188
0.0006526352353284766 3.953595761358506e-05
0.001201922588827956 0.001461129143307547
0.0006403292345412072 0.00248959552407181
-0.000577821852972854 0.002569948495727229
-0.001301224068577186 0.002985892915657468
-0.0008075612623204198 0.006108731061652258
0.000483839133876228 0.01323039932763894
0.00139870880462617 0.02346578593035578
0.001094773245461511 0.0353559417501328
-0.0001847021606041095 0.04974282393325497
-0.001348370040563129 0.07062566952807516
-0.001407987280413403 0.1024872578352575
-0.000279657716169926 0.1464014638120539
0.001201178664962898 0.1989188580009066
0.001966235230422653 0.2551279987464115
0.001485810909537101 0.3129264448478623
5.722547077087674e-05 0.3740745591671884
-0.001492459267578485 0.440800676276995
-0.002364423745684124 0.5113816620308966
-0.002197784554853762 0.5793853929433752
-0.001139050391452851 0.6377273826241483
0.0003553512992866955 0.683881095836852
0.00179313766147752 0.7212982637505621
0.002846629217760634 0.7555978133279915
0.003422561745840582 0.7889583506241639
0.00361395542664235 0.8178035380777683
0.00358958462487139 0.8358934254605651
0.003501342264146411 0.8401661730454932
0.003472619935789013 0.8343246992148853
0.00366040223514939 0.8270522759297215
0.004318848850323184 0.8260373181954025
0.005814655145244297 0.8321324319473909
0.008639852012382574 0.8377085917000247
0.01350304181197933 0.8301693569551197
0.02145830801993641 0.7982037436933279
0.03385361636654859 0.7370150388248459
0.05188283675297759 0.6499774383148208
0.07580491142187673 0.5466359889345355
0.1042413235094619 0.4388515867924093
0.1340400726004038 0.3372289053486651
0.1608907725754023 0.2490583676870972
0.1804402154590176 0.1778418101071444
0.1894373709488397 0.1238261697526461
0.1865261369829721 0.08495704227956014
0.1725140226990922 0.05793688098428956
0.150087506466711 0.03925940907201593
0.1230431163708716 0.02607328626666182
0.09526260325767916 0.01663827760039657
0.06981934668218708 0.01019441584431369
0.04855518795467296 0.006355979667785317
0.03216063540057187 0.004487462563850438
0.02048476304110161 0.003570583100045554
0.01279806839649299 0.002662617697471698
0.007996463239438785 0.00147353878652698
0.00490595905225002 0.0004275883625786569
0.002688849349988461 7.348894033975964e-05
0.001078552866010572 0.0004090599372388822
0.0001955399280168246 0.0008235895164176498
8.186601800150623e-05 0.0007198652040556256
0.000409035032484837 0.000128614334277951
0.0006511844134686422 -0.0003714902525559808
0.0005146216587579922 -0.0003303320533220236
0.0001422711125426204 7.861411123281363e-05
-0.0001165057739318821 0.000300556001005505
-9.024378958124829e-05 6.67348958051511e-05
9.119020126098219e-05 -0.000310410565322319
0.0002041577756916096 -0.0003429862506272575
0.0001681280698107438 3.942887229821696e-05
5.149431022466163e-05 0.0004207682965516082
-7.41112660569341e-05 0.0004044232753407097
-0.0001881095438135157 6.040011039125791e-05
-0.0002425281141003236 -0.0002039757078971103
-0.0001448332003549801 -0.0001420393827240808
9.997952400183385e-05 8.687936071876513e-05
0.00028568731797151 0.0001746722096121467
0.0001717316774280019 4.582414065605319e-05
-0.0001999718019200522 -0.0001058783101478434
-0.0004476085020788814 -0.000101968529707858
-0.000303492748413954 -9.774621006586127e-07
-0.0002757913167792631 0.0001706792800486017
0.0001170863400729757 0.0001666940009561677
0.0005461963533737149 4.436309838521835e-05
0.0005758221799824619 1.002020198054925e-05
0.0001572096516198143 8.237582909371381e-05
-0.000276026127675194 6.316043950578144e-05
-0.000275580127341074 -0.0001277228224928296
0.0001032756513619903 -0.0002602187972705775
0.0003533671581109136 -8.788213274912113e-05
0.0001143897296669522 0.0002452873102085038
-0.0003671077085466837 0.0003087795055462991
-0.0004822322170133637 -3.636775227574069e-05
3.114484170487955e-05 -0.0003533740349553769
0.0007232880696716992 -0.0001358097593905756
0.0008697511415595377 0.0004581627671178232
0.0002672698701625878 0.0006618691030572275
-0.0004917035288109669 5.258078984515264e-05
-0.000606530726645911 -0.0007398563868025334
7.865541380688474e-05 -0.0006092457089755819
0.0008643316562622715 0.0006803719745717262
0.0008774119555083291 0.002050400061822146
-3.284691204898706e-05 0.002373685487980522
-0.001092191972249524 0.002167621501355349
-0.001307552377642818 0.003636466227347707
-0.0004042356689620356 0.008713454347311576
0.0008948993975205192 0.01720047107039617
0.001497892713387181 0.0273255351407727
0.0008913663921787242 0.0384645233585666
-0.0004340346694970986 0.05314911555360309
-0.001412780728306302 0.07589395377275651
-0.001271269729319828 0.1096421471794941
-9.78753693701155e-05 0.1532874662183683
0.001290969558083576 0.2028026340326969
0.001988598639657894 0.2548436115502142
0.001594068347087334 0.309158830006892
0.0003646212232086277 0.3674052032340286
-0.001063834689650513 0.4297176987494205
-0.002085850022579695 0.4926903829524529
-0.002383467514418955 0.5509645852430578
-0.001958561993278478 0.6009560418862473
-0.001029615731282778 0.6431084311873397
0.000102836131517829 0.6804943317158795
0.00117269422499576 0.7150868366673412
0.002023967660416213 0.7452067519916391
0.00262355929902199 0.7665529089099852
0.003017361612602322 0.775984364357824
0.00328352288920113 0.7747862397959577
0.00353613352315739 0.7685462082659003
0.003968928947596018 0.7635037023498701
0.004883819080308399 0.7619730082796696
0.006690722362821374 0.7600773439712889
0.009931246332442332 0.7492907666474597
0.01534442825054118 0.7206894651753184
0.02385883273405984 0.6692802514126613
0.03633567245644227 0.5961432394585816
0.05304701708267456 0.5077598425721694
0.07314924459598959 0.4134603873626158
0.09452378638536955 0.3225066341690365
0.1141588397306567 0.2419452109709586
0.128908934515374 0.1756396067317162
0.1362956622025472 0.1243503413890103
0.1350963864427351 0.08651868926180896
0.1256265544653446 0.05937958797777993
0.1096720033866791 0.04004824740391441
0.0900257733220087 0.02627291079711283
0.06970341787007006 0.01666469483663302
0.05113605258941557 0.01042510059012117
0.03571963834489641 0.006840695659505799
0.02386585420010212 0.004956814055998897
0.01534365057603419 0.0037110122323711
0.009585024811889827 0.002408521347837751
0.00584746374105147 0.001059617481869034
0.003371040678712954 0.0001663300245772543
0.001619327247965102 7.700881989024884e-05
0.000441677626701034 0.0005212561777052449
-6.55408331944397e-05 0.0008176649805724396
7.149183342198585e-05 0.0005515937265171812
0.000483972717999518 -1.633185941283977e-05
0.0006642445437554282 -0.0002806429952462046
0.0003993243676346371 8.651139836792577e-07
-5.18159492889666e-05 0.0004309370448146253
-0.0002590325081001519 0.0004486486588127323
-8.112519207797726e-05 -5.239967057961316e-06
0.0002155392174673292 -0.0004233006765395008
0.000283483330728133 -0.0003396826643776968
6.662067391223683e-05 0.0001222018765892976
-0.0001944038118601703 0.000413721439282729
-0.0002739360354679264 0.000219298394888215
-0.0001844019172141036 -0.0001950477180512481
-7.485344417811956e-05 -0.0003402426253195685
-4.430236454145542e-06 -9.428758858755298e-05
8.421974219476398e-05 0.000200532409060511
0.0001888469585520476 0.0002044210517919571
0.0001726301331339354 -1.465640606106395e-05
-4.901006540626604e-05 -0.0001287485884553564
-0.000303492748413954 -9.774621006586127e-07
-5.740118022637591e-05 0.0001195013868739704
-0.0002280026413589226 0.0002919319658625877
-6.959122843408379e-05 0.0001394249278996549
0.0003513842989090989 -0.0001481529712334901
0.0006124218773473736 -0.0001894581622198486
0.0003973317937605501 4.648912746935326e-05
-0.0001112219216317432 0.0001818268249567667
-0.0003997536396884121 -3.799081478957147e-05
-0.0001943403793394463 -0.0003467710752138481
0.0002217501982442972 -0.0002839129524069066
0.0003314076695113168 0.0001476246585767559
-7.054685856933557e-06 0.0004030113012627774
-0.0003724602309428034 9.325451750963195e-05
-0.0002556910027181045 -0.0004227411000409224
0.0003275029903253607 -0.0004119427559269041
0.0007942139226300709 0.0002584746366058688
0.0006079666704374819 0.0008052000309268511
-0.0001079090740012838 0.0004263915073868938
-0.0006441662847389061 -0.0005935148803016016
-0.0004271790870293827 -0.001018049291540538
0.0003550581064284995 -6.258238210655581e-05
0.0008916873665965443 0.001562143774595676
0.000544150525702027 0.002384217418997512
-0.0004862391923431706 0.002052392539490594
-0.001289796313074891 0.00221297874951726
-0.001073089380031299 0.005178926149144017
9.575038285278242e-05 0.01170694612461902
0.001312037513948971 0.02040791438798443
0.00159895758750665 0.02967499037710711
0.0007203478735525976 0.04021599746910155
-0.0006513511631328656 0.05543561032854746
-0.001501549575584277 0.07905520904517845
-0.001246594020110082 0.1122254874779978
-9.079690867597447e-05 0.1529122938882055
0.001224232725786432 0.1979911824063242
0.00196887458709673 0.2457897272752184
0.001824796469724618 0.2965556064060497
0.0009306037988170879 0.3506293534258672
-0.0003157444440758817 0.406460525639145
-0.001483991616043765 0.4606356084638831
-0.002256182833923472 0.509916165267067
-0.002492900379452047 0.5532279764624959
-0.002241095663671731 0.5916225474841768
-0.001677430999227794 0.6262532963388323
-0.00100380275777347 0.6563364483695304
-0.0003608048982880432 0.6790954565050932
0.0001881692607383122 0.6918672198285917
0.0006290711350421227 0.6945753302179015
0.0009969006873330015 0.6903747113434452
0.001420455321112408 0.6837275651927024
0.002153634856165189 0.6772129419544853
0.003550509534174633 0.6693492389697878
0.006029178444858473 0.6549445537798417
0.01008776431860498 0.6277134431396918
0.01632400960408929 0.5835034597664034
0.0253065106626815 0.5223525084690128
0.03722942949944762 0.4485611905575722
0.05151808618564035 0.3691314813462773
0.06668796743038324 0.2915512498830978
0.08061740898290201 0.2218656286763301
0.09110245395368256 0.1635877085884223
0.0964136414070379 0.1175834088456777
0.09567689460736478 0.08273710614125912
0.08906576700569505 0.05698583938197994
0.07780605760778297 0.03825064785807999
0.06390919353994781 0.0249335638684927
0.04960053768180481 0.01592159788871681
0.03664667784897544 0.01029487248344051
0.02595321974348788 0.007051984124682493
0.01764274416974512 0.005100710967768844
0.01144209981062481 0.003543037622612762
0.007006644586545339 0.002016765465210018
0.003995534384520392 0.000743125138773366
0.002038150504305789 0.0001382071287783989
0.0007973093450727423 0.0002696359306730482
9.731263501862332e-05 0.0006703033258157954
-9.237496225046635e-05 0.0007316656787320067
0.0001334855336001843 0.0002973084041731721
0.0004619361960556374 -0.0001912787288760612
0.0005133477659041365 -0.0001997876555991599
0.0001834870142912318 0.0002755635431214393
-0.0002298929778022502 0.000679283912936054
-0.0003266972797281034 0.0005225577633652161
-4.002003177980788e-05 -4.814136709033079e-05
0.0002840306577532153 -0.0004152208216609347
0.0002697888731248298 -0.0002098002741255682
-7.314157317650959e-05 0.0002613225701223443
-0.0003790026636857042 0.0003923779181913577
-0.0003528256492058257 4.951130892026923e-06
-8.508892424969118e-05 -0.000452008836419888
0.0001023461989974378 -0.0004577270908498273
5.913313012782771e-05 -3.736520531558776e-05
-4.81079423481025e-05 0.0003076337304440805
-5.248262105900857e-06 0.00023586569665844
0.0001406667085226838 -4.623609123092093e-05
0.0001489343169947155 -0.0001096759751719598
-5.740118022637591e-05 0.0001195013868739704
0.0001816120363229174 0.0002243218089738417
-0.0001502403929131843 0.0003920922640402954
-0.0002261568841759373 0.0001056050057407953
0.0001408197711056095 -0.0003317514025983407
0.0005916426924926502 -0.0003872131406334839
0.0005985601343226934 -7.16812712692159e-06
8.233961629490138e-05 0.0002834115425693937
-0.0004533514612886039 5.958491190695129e-05
-0.0004573126288250881 -0.0004162858384055473
5.348550340861991e-05 -0.0005009598894137226
0.0005013140048139857 -2.403191336339318e-05
0.0003868742949933294 0.0004242442578087981
-0.000149494277093181 0.0002177401682163387
-0.0004781545153143575 -0.000443833531020378
-0.0001849383301975387 -0.0006866287224189397
0.0004486714696594843 -4.961786882336743e-05
0.0007302502300086661 0.0008224071662799299
0.0003103538666780463 0.0008483920767396746
-0.0004088007583815892 -0.0001458281698052314
-0.000665341248763678 -0.001046775748354694
-0.0001368493272739943 -0.0006366178379821708
0.0006850385144923267 0.0009522010062274936
0.0009488988866012406 0.002279770341805758
0.0002882053976825346 0.002267722860595868
-0.000778551204854489 0.00169145555721823
-0.001291063506029061 0.002747923374827251
-0.000716871784135572 0.007040693767286672
0.0005612094099831786 0.01413402528338527
0.001566506115438242 0.02230066383927054
0.001537701533632582 0.03076164845788819
0.000508273495254932 0.04111697060884043
-0.0007868659767578594 0.0564952358022208
-0.001506199749083923 0.07926685325839113
-0.001262051049595259 0.1095101997666325
-0.0002599885817940768 0.1454982039772324
0.0009526531840423857 0.1854081337622417
0.00183715167512759 0.2284219389007957
0.00207861120102479 0.2742838515092323
0.001633676368160456 0.3220849579085554
0.0006847878258355122 0.3697554604178827
-0.0004528706301183102 0.4148662354907403
-0.001460860839650335 0.4559141401222551
-0.002140635010164255 0.4927635898074983
-0.002457353619503928 0.5257779192602635
-0.002484004502044966 0.5544900611232023
-0.002314578029479296 0.5771505980815538
-0.002025135974667538 0.5917036355042374
-0.001677493385791417 0.5974137628968563
-0.001298893808275799 0.5957026582100569
-0.0008198237612679003 0.5893417836151371
-3.871654977916723e-05 0.5804785049187789
0.001329126798591413 0.5689224118854409
0.003569706884117713 0.551934841277371
0.006956890926648677 0.5256708881940702
0.01180261171561094 0.4873347391601257
0.0184264397472567 0.4367970570889216
0.02693462359966021 0.3769324739706988
0.03691576005828566 0.3127266878511132
0.04731868920252405 0.2497341557308085
0.05666957976782688 0.1925799284661165
0.06350698716323176 0.1440297823267874
0.06676762789956397 0.1048559540346156
0.06597928562031229 0.07438196478098927
0.0613187061417541 0.05130679362288614
0.05361060531313265 0.03434519380433479
0.04419913958894073 0.02243627645582189
0.03458565971422503 0.01460983146771339
0.02593083621178026 0.009803354548785463
0.01873918294119012 0.006870982778281972
0.0129598473817814 0.004812396781737868
0.008373693716980391 0.003053852476087437
0.004885185470878335 0.001550872858201441
0.00249250998782018 0.0005829687843847914
0.001088344212150166 0.0003377932528530688
0.0003974646291836608 0.000596661562190645
0.0001258702236667071 0.0008189434366852322
0.0001037133734289834 0.0005930899601335357
0.0002349671619975579 2.942261623256969e-05
0.0003615892371094212 -0.0003465523191426917
0.0002885789309894235 -0.0001548408689034387
-1.365423186688837e-05 0.0003972325376531152
-0.0003092595142846134 0.000705188144850026
-0.0003097742813344394 0.0004249264500817594
-1.13242122281424e-05 -0.0001320183921576162
0.0002536851560989125 -0.0003451360989675433
0.0001669354441765491 -3.496657169804693e-06
-0.0002018729838194012 0.000440748828843651
-0.0004517882814442223 0.0004029119762269203
-0.0003038631803931885 -0.0001340519768150954
7.118712677999046e-05 -0.0005888253678859512
0.0002496402890077267 -0.0004663709675552979
5.459072704076417e-05 6.538575045772243e-05
-0.0002377467110036129 0.000401971474867136
-0.0002396820281127457 0.0002404135116423009
6.849155960762655e-05 -8.924420224655298e-05
0.0003101197299283293 -9.517726119258187e-05
0.0001816120363229174 0.0002243218089738417
0.0003096630831070634 0.0002692193564051823
-0.0001157149502253867 0.0004605389472673807
-0.0003595219698854825 0.0001097824242206784
-5.072116393818034e-05 -0.0004216032317360369
0.0005449603632004304 -0.0005049535643530572
0.0007781093517795885 -4.646131900863791e-05
0.0003382133367979732 0.0003581582401950985
-0.0003637828585346945 0.0001558417612773498
-0.000608449699075099 -0.0004418335715355776
-0.0001451666583047132 -0.0006842262866021171
0.0005206185530254653 -0.0002242618872114887
0.0006596872131579778 0.000394373216203734
0.0001029955494323286 0.0003711487382522031
-0.0005706761631160951 -0.000325536777931847
-0.000648352550695338 -0.0008291809083537466
-4.114973684922853e-05 -0.0003908879337192504
0.0006199681520823168 0.0006421986546215479
0.0006488931141230107 0.001121268475176957
2.632211681678942e-05 0.0004207535528591156
-0.0005750472810420424 -0.0007326237388420243
-0.0004843731413699701 -0.000968735110027164
0.0002693104598432178 0.0002012375121440409
0.0009618252381613303 0.001775587344363057
0.0008723636499866621 0.002341951392100857
-1.390927036764643e-05 0.001738172433719085
-0.0009693902458431451 0.001496114942576932
-0.001166634682408837 0.003552896125668646
-0.0003893647670991731 0.008556745110633686
0.0008099153275739666 0.01550636359195649
0.001582798393954396 0.02305803751026273
0.001427832854644693 0.03115963877503978
0.0004850563863203307 0.04144173080682494
-0.0006562139247517834 0.05610952285658256
-0.001379870794684013 0.07648006091042582
-0.001361608274922079 0.1024379838632624
-0.0006467629866045343 0.1330136606504121
0.0004464423520892486 0.1672389945853585
0.001488594004850598 0.2044020892110802
0.002108328716750432 0.2436453070512155
0.002130670460521722 0.2835718536740232
0.001624401492168645 0.3224393542033234
0.0008237587222873251 0.3588148991705984
-1.946357250689942e-05 0.3920238832026072
-0.0007403330376486725 0.4218981425338296
-0.0012652358399147 0.4480339199259764
-0.001566841146914106 0.4693022275787568
-0.001645665105143241 0.4841734793852894
-0.001536635719794425 0.491664735215747
-0.001278684297266392 0.4920880612914264
-0.0008371569373096726 0.4868756869434839
-6.093598282253929e-05 0.4775192147503681
0.001257105810167596 0.4644119543762627
0.003273192646985951 0.446474072418452
0.006067829705159792 0.4218327303166632
0.009728231105315795 0.3890797685111299
0.01439630121213464 0.3483229512738402
0.02013810323103776 0.3014989575406088
0.02669627308241307 0.2519022622735173
0.0333684695654226 0.2032437104563026
0.03917627454023492 0.1586730836934966
0.04321653705213348 0.1201449767623709
0.04492967869597739 0.08832844203042461
0.04415058838091599 0.06298655953460622
0.04104707476507543 0.04350338663875801
0.03609593350977176 0.0292034396302352
0.03006687313202833 0.01934686665298994
0.02386058948463795 0.01299002330331468
0.01819030244286265 0.008994007025586052
0.01334192685112794 0.006274194790050324
0.009249662406009709 0.004121138824196446
0.005816519382984819 0.002338856951645134
0.003138493287722472 0.001088727378381983
0.001399955077585949 0.0005461979015140233
0.0005902039450190491 0.0006076284988439497
0.00039518746028256 0.0008573651154787704
0.0003994327110325964 0.0008327769424505249
0.000364093950061779 0.0003874961200301978
0.0002801469663143991 -0.0001771280440977967
0.0001952623757624487 -0.0003891336024029146
8.124461184278916e-05 -8.177539371468631e-05
-9.403988472806517e-05 0.000402694687545777
-0.000242115784475056 0.0005400070016180338
-0.0002148963192460424 0.000182163964188867
-1.630895951708144e-05 -0.0002622410216744087
0.0001301704583374699 -0.000271458139686902
1.266439532358807e-05 0.000184675629097739
-0.0002849371060714145 0.0005793575130392979
-0.0004246121623426802 0.0004201068079261827
-0.000195260068072545 -0.0001661711850511421
0.0002004795813471642 -0.0005544703810624401
0.0003338245832842926 -0.0003360639858233312
4.071145113684001e-05 0.0002099075448164935
-0.0003561134870434827 0.0004580405957625542
-0.0003923637914521273 0.0001857848931158981
-3.818106994811574e-06 -0.0001819751674652219
0.0003759796152805495 -0.0001329302093471432
0.0003096630831070634 0.0002692193564051823
0.0003017206463129624 0.0002391298468749631
-0.000126326045423014 0.0004695766267305141
-0.0004355518160709944 0.0001377371298192914
-0.0001848821349251352 -0.0004080162198331259
0.0004686526887944015 -0.0005245458978236972
0.0008785670212386555 -6.727296801531145e-05
0.0005862267898229936 0.0003966336276203212
-0.00015865300528244 0.0002579484145181908
-0.0006234372251227125 -0.0003698545280037471
-0.0003519082703868806 -0.0007430335883299456
0.000346574496906324 -0.0003746022637586973
0.0007092229850782554 0.0003387734571919401
0.0003144840741714338 0.0005440432034183816
-0.0004727096381874983 -4.592690372803148e-05
-0.0008691772333554689 -0.000750300962199929
-0.0004704465374276976 -0.0006693491089313557
0.0003429694829708119 0.0002434992040346488
0.0007934802602722509 0.001046063509920604
0.0004805478623193008 0.000826524889341569
-0.0002376655375155709 -0.0002401611987527255
-0.000615306219676472 -0.001003487422890212
-0.0002526714383730834 -0.000538926782812927
0.0005253257265208523 0.0008546245634352948
0.0009849410192936702 0.001955595386051811
0.0006635029547099609 0.001929969996144792
-0.0002223058653636216 0.00130758799634208
-0.0009749560721129913 0.001650710599618502
-0.0009957571447106993 0.004278562883577208
-0.0002327929996038152 0.009301658528981143
0.0008269768261711995 0.01582527113969715
0.001534098987759831 0.02302110628412755
0.001489323526550432 0.03103081862827275
0.0007291755565702799 0.04096805737933679
-0.0003546233946313164 0.05417525986771331
-0.001245552064673469 0.07146426734991405
-0.001547299025901891 0.09289073154898264
-0.001148255855469414 0.1180126214959764
-0.000245159895366805 0.1461972846539823
0.0007851714833779118 0.176668839349247
0.001592873726291402 0.2083881284153465
0.002008084942423112 0.2400722484070124
0.002051317114975815 0.270481059388257
0.001836491990847408 0.298745159889132
0.001480231714034719 0.3243885799991988
0.001082902500351622 0.3469748203990108
0.0007429278677490004 0.365713416906353
0.0005405021393711137 0.379466916727709
0.0005024213615302447 0.3872426692592996
0.0006167886046531164 0.3887662817133273
0.00090960664073411 0.3846065140513894
0.001495482670570273 0.3757022333035727
0.00252204057080901 0.3626702557276277
0.004058358833782724 0.3454505365981816
0.006066390842100961 0.3235386157424764
0.00850277404202205 0.2965899069469082
0.01141936012926072 0.2649647782292803
0.0148973978968165 0.2299153543019736
0.01883696286261647 0.193381447142343
0.02282078821951461 0.1575411815500491
0.02622781256638167 0.1243163891266556
0.02851515035261169 0.09502579271974709
0.02941459302986418 0.07031239203275831
0.02890622263072783 0.05031632479821077
0.02708906104521017 0.03489936002555695
0.02414654036860514 0.02371919335687749
0.02041799344295908 0.01614742690844265
0.01639794100144421 0.0112348623337649
0.0125596049860945 0.00790953740678034
0.009150261449248629 0.005343823905994517
0.006191755209239909 0.003212020125245211
0.003693364556200885 0.001619318088433607
0.001813166492972613 0.0007621458080296927
0.0007463917992108384 0.0005999960581491009
0.0004545072204174602 0.0007846124737479548
0.0005717567516306876 0.0008680019150543856
0.0006435337449325887 0.0006033556910026179
0.0004650273418934261 0.0001016601072195445
0.0001645641840655543 -0.0002838728262384041
-3.170981510738185e-05 -0.0002737884490263521
-6.28836317215369e-05 6.96116308139301e-05
-4.1138139467137e-05 0.0003754538862421167
-5.929521277670951e-05 0.0003110111058956665
-8.303263253432891e-05 -6.954993233809191e-05
-5.588356001032112e-05 -0.0003517818909681926
-3.279940280466093e-05 -0.0001901356695841612
-0.0001193690805067128 0.000290974958211155
-0.0002835106535172668 0.000590453475156181
-0.000324236965807987 0.0003686749955202262
-0.0001027829097795419 -0.0001524632804710833
0.0002296796538909 -0.0004109065540103842
0.0003359715842629698 -0.0001347449585560288
7.127411724248685e-05 0.0003386762555030244
-0.0003017781133138252 0.0004511420120783631
-0.0003658347073908931 8.420131543729947e-05
-2.663201803823668e-05 -0.0002970199334272986
0.0003419581855098752 -0.0002104881489164447
0.0003017206463129624 0.0002391298468749631
0.0002038322788324384 0.0001701171264927876
-0.0001159986091091715 0.000406757441078594
-0.0003852533272123969 0.0001469427204800745
-0.0002221837613132238 -0.0003363670266835633
0.0003349755382902363 -0.0004788237870972019
0.0007923649570859201 -9.321841886882782e-05
0.0006781972998329642 0.0003774796458909015
5.099030568476098e-05 0.0003560665756228444
-0.0005171120455181071 -0.0001773227467415064
-0.0004988496900398096 -0.0006200874947897545
5.172666795762457e-05 -0.0004252766132642213
0.0005441189679442829 0.0002412073726443694
0.0004428687441970382 0.0006437352664706206
-0.0001905712530892931 0.000296910840214228
-0.0007505769959435609 -0.0004555370622902924
-0.0006789890002965116 -0.0007804266833636338
-8.70194946245823e-06 -0.0002675162940537226
0.0006657690786704966 0.0005871884709906349
0.0007482196767625832 0.0008769710102469867
0.0001890650866984333 0.0002468767976841834
-0.0004827970209994797 -0.0006968569726598105
-0.0006487619656426466 -0.00096732731702354
-0.0001470708480999974 -0.0001734946796729611
0.0006015986376571612 0.001095776876277829
0.0009658259392488755 0.001857049444426691
0.0006254212810838827 0.001713740162875287
-0.0001867879218632699 0.001316787222843437
-0.0008799735760253675 0.001921223785928046
-0.0009427738091377718 0.004484436353742658
-0.000286132706133997 0.009098466845114207
0.0007216529763543584 0.01517381092656657
0.001504085445655652 0.02212155211052586
0.001621268384465477 0.02992320791741986
0.001003181942413476 0.039175179666958
-4.276055123195301e-05 0.05068396586505102
-0.001029429741076582 0.06501014972353741
-0.001560145449767305 0.0822799702414598
-0.001505142687101673 0.1022609894146898
-0.0009926519234322731 0.124482122627485
-0.0002608612686940867 0.1482528748514248
0.0004915275102511187 0.1726568936277068
0.001153498759252407 0.196671291066188
0.001665193090343845 0.21939881600381
0.001986709789779457 0.2402054698810333
0.002117858927544698 0.2585997814308662
0.002122725723823449 0.2739629452471086
0.002098800544854164 0.2854383722819059
0.002111712496693455 0.292162022543113
0.002177766126029108 0.2936689801783255
0.00232237765776948 0.2901138056298251
0.002635557113301879 0.2821078371591498
0.003234720232409815 0.2703289618615707
0.004163699704281148 0.2552358491753524
0.005357501960816908 0.2370724429096699
0.006737638007253169 0.2160763139643652
0.008332124502842379 0.1926841664434296
0.01025400878950158 0.1676139558422833
0.012524127517648 0.1418319578409603
0.01492164309693597 0.1164494731729398
0.01704177456900467 0.09257258414155856
0.01851837931058936 0.07113971916120614
0.01918720430949882 0.05281173587832462
0.01904574079736538 0.03794643095004736
0.01811129653478346 0.0266045878405485
0.01638568307146664 0.01851865272261928
0.01397157266026354 0.01306162488825537
0.01116564161212824 0.009352246590455625
0.008366620909189968 0.006554001960538655
0.005871938434278977 0.004206948506563674
0.003788513854177133 0.002320742510136214
0.002143311080902194 0.00112604742920487
0.001019272242970925 0.0006911184950872672
0.0005058988208279148 0.0007402764159508997
0.0005078614849865135 0.0008175818933252742
0.0006803419721927945 0.0006189095229368925
0.0006459474471172707 0.0001843415578024192
0.0003048309803443966 -0.0001998340049277172
-0.000102152343030867 -0.0002785436646548901
-0.0002656481964564376 -4.677587524173792e-05
-0.0001283147988808078 0.0002522273390105811
8.608745791447937e-05 0.00033329894219852
0.0001381857363500356 0.0001145368730711428
1.136699151015863e-05 -0.0002012999174482447
-0.0001320530103219876 -0.0002998661684614131
-0.0001765705116819121 -5.638864474205138e-05
-0.0001626824217649397 0.0003156822107660001
-0.0001686969106056319 0.0004503376896016089
-0.0001632826253115184 0.000203293958731297
-5.105022523369657e-05 -0.0001711350750171866
0.000149938002335192 -0.0002682704720958067
0.0002645465650014575 2.370124411897434e-05
0.0001543121516122469 0.0003766347932609482
-7.987858436592212e-05 0.000373988422345816
-0.0001725328283660088 -7.149171927003921e-06
-2.710395954389757e-06 -0.0003451986289909009
0.0002281588837729746 -0.0002494957806300381
0.0002038322788324384 0.0001701171264927876
7.072971879449379e-05 0.0001187272285121461
-2.669197921890036e-05 0.0002948614369236267
-0.0001669267597178158 0.0001245060667840167
-0.0001388153404462297 -0.0002358885193124685
0.00013978887626163 -0.0003898368561018905
0.0004654690948310852 -0.000137286473124027
0.0005105164155884929 0.0002753449380309793
0.0001645868261163137 0.0003981633434213427
-0.0003070764176462006 7.587888785490663e-05
-0.0004862645457052939 -0.0003497719582224224
-0.0002068536109640193 -0.0003872822191465888
0.0002629414485232576 5.959641169451773e-05
0.000459619999617477 0.0005465290914689588
0.0001672608661383294 0.0005318958285394428
-0.0003615224307379113 -3.969162169414367e-05
-0.0006265103760964201 -0.0006373716295377773
-0.0003440232510497401 -0.0006611500487504685
0.0002757083129066943 -6.244572393584052e-05
0.000698464720508417 0.0005718105521673273
0.0005365599504988025 0.0005805794194631429
-9.776504806162882e-05 -0.000104710584598646
-0.0006697357419962937 -0.0008455228561393414
-0.000666431960915663 -0.0008629854552150371
-3.024413397933686e-05 3.838566118079763e-05
0.0007803118637696368 0.001269804283235042
0.001146295542111337 0.001980467902053823
0.0007662709128046538 0.001846266318196476
-0.0001185387760901192 0.001436725939676475
-0.0009070855650119334 0.00185852039678213
-0.001066719869171291 0.004006144197132745
-0.0004829393308837983 0.008055315240752255
0.0004991498590121206 0.01356784042098326
0.001329108873111351 0.02002483895423004
0.001593424960673179 0.02728658072587342
0.001216263763916682 0.03564142409602217
0.0004247304811212234 0.04552535865893147
-0.0004426560740604459 0.05723513645301063
-0.001121730528137515 0.07083710659720341
-0.001490191236843752 0.08620416121266687
-0.001526899500319279 0.1030194809664055
-0.001254518519302148 0.120729231537309
-0.0007319720255634142 0.138571545925934
-7.510590878955182e-05 0.15574528084296
0.000560827773625264 0.1715913534134628
0.001053219142203088 0.1856043702786664
0.001375035143614534 0.1972718109820587
0.001580610588878747 0.2059495128985394
0.001731338808038847 0.210964747799298
0.001849317853885877 0.2118959870544247
0.00194931489052672 0.2087820444674529
0.002094566227808701 0.2020786831506914
0.002385743020356129 0.1924220228487237
0.002880972395763565 0.1804062661468045
0.003548873564385654 0.1665072707398157
0.004331239737913232 0.151115895753975
0.005251212134656025 0.1345851930988846
0.006422137044361096 0.1172662390003614
0.007912693925022899 0.09956725573772396
0.00960145240812668 0.08202915453346932
0.01118941615602608 0.06534233670635137
0.01237164790592941 0.05024969320385712
0.01299064918700493 0.03737610877708958
0.01302365392502738 0.02707822372057939
0.01246195894265423 0.0193683394787046
0.01126810295628904 0.01391203096984764
0.009483347738784741 0.0101079760601094
0.007344849703555816 0.007280043382020237
0.005234084409345027 0.004944485670604952
0.003473826833981352 0.002990107523921573
0.002178125422288865 0.001599183342777208
0.001298185794757386 0.0009333404913143869
0.0007704726062886398 0.0008490271277411461
0.0005637123411583769 0.0009169215093423714
0.0005822893760141107 0.0007400759380100313
0.0006042911258267314 0.0002657256921447945
0.0004108982815699655 -0.0002143224470261736
4.580307669503965e-06 -0.0003705235705324175
-0.0003535956577630617 -0.0001482512683167526
-0.000388059663915963 0.0001999915136761479
-0.0001015872439029911 0.0003605791736971247
0.0002081317259341101 0.0002284527517513991
0.0002442051348335144 -3.714743437520513e-05
3.567199354182981e-06 -0.0001849442610435811
-0.0002481089389482859 -9.457335195993425e-05
-0.0002769123975942548 0.0001350960534041023
-0.0001121495959051724 0.000284455216249821
3.492462255484991e-05 0.0002068018413243507
3.769140370147581e-05 -3.899853365427295e-05
-1.915265249040542e-05 -0.0002308281369947982
1.719835850711538e-05 -0.0001813849517279685
0.0001569064086370648 7.365026401655221e-05
0.0002558261273151895 0.0002877185253113824
0.0002048531084645865 0.0002371102704637877
6.983944779513377e-05 -3.908081083674794e-05
3.138369487307875e-06 -0.0002563365539621388
4.413710291193989e-05 -0.0001768877847759169
7.072971879449379e-05 0.0001187272285121461
-7.269881887196407e-05 0.0001049440791153364
0.0001259347809192927 0.000170525687105349
0.0001746750418376812 9.888809854594988e-05
5.043648690133054e-05 -8.976824274905839e-05
-6.712678026083158e-05 -0.0002359800016695911
-2.309369428648817e-05 -0.0001723308365013276
0.0001225326705463046 8.800789439055523e-05
0.0001606144056043503 0.0003148650416524724
-1.598659575566729e-05 0.0002667397192211306
-0.0002587442533540616 -3.975286911472159e-05
-0.000294286902207559 -0.0002965168932643896
-2.092977338174787e-05 -0.000196923362502795
0.0003418376082014592 0.000215569837823867
0.0004337725129581255 0.0005295215242141648
0.0001119979581062719 0.0003571252459891494
-0.0003684773162217054 -0.000233277568954926
-0.0005587424179934084 -0.0007143588708779672
-0.0002384907143113642 -0.0005922390997863834
0.0003436741347484161 6.906954136142705e-05
0.0006644265862212213 0.0006447366680499059
0.0003997116220706752 0.0005300607480195925
-0.0002546819440867932 -0.0002358043077030814
-0.0007237675694605287 -0.0009346171500945402
-0.0005438241859176575 -0.0008021538934870646
0.0002284567903785395 0.0002527802587924785
0.001043888101551811 0.001533672476796363
0.001292487726650913 0.002170784348129273
0.0007679564804608456 0.001905990811764775
-0.0002016686159367917 0.001351816025256394
-0.001018610923698806 0.001543438949647982
-0.001226893315532539 0.003236427879838159
-0.00076054910133426 0.006552216480367084
9.737867291452222e-05 0.01116437939688605
0.0009409635946779346 0.0167222737849292
0.001458894592684278 0.02310191108627317
0.001524260074759408 0.03036468722564779
0.001167230750064919 0.03860641906402987
0.0005106139622105081 0.0478874676351985
-0.0002733416348551179 0.05823449695569242
-0.0009880032356088463 0.0695947085295449
-0.001453683569464684 0.08172697442027839
-0.001573195241093022 0.09415561559212664
-0.00137999268516649 0.1062780892878854
-0.001016608912992426 0.1175409253164946
-0.000643768380764763 0.1275097160543542
-0.0003485064684259403 0.1357831893151952
-0.0001259041714793781 0.1418929363351929
6.341717918515256e-05 0.1453548580030818
0.0002341673155005065 0.1458634510955373
0.0003815749129000468 0.1434520441149731
0.0005313984370460584 0.1384717449019512
0.0007565932179796075 0.1314214072284269
0.001127123262360624 0.1227799754871312
0.00165363961995384 0.1129389508507022
0.002304156605292185 0.1022075656077608
0.003079947434366918 0.09082617558079913
0.004046276226690297 0.07898806827279037
0.005252293138306104 0.06691126404976361
0.006611903747028102 0.0549434377959082
0.007885763963666956 0.04360309510364644
0.008804918727974282 0.03348070030731634
0.009217159766307598 0.02504140419935577
0.009112590613008306 0.01845894556453585
0.008531939237371276 0.01357917603608104
0.007500382762697347 0.01001314417169462
0.006083554622823086 0.007300292613998543
0.004485069846119881 0.005082962212768842
0.003024498946360488 0.00323238815528332
0.001966284185139214 0.001847377500181312
0.001359081487619058 0.001084879625718167
0.001052305518235141 0.000916958358214177
0.0008626536254778002 0.001026579356029558
0.0007028085801505968 0.0009818997568969436
0.0005548045528089334 0.000570290939327336
0.000377890273974199 -2.207526986721452e-05
0.0001146740018832543 -0.0003885808094139212
-0.0001985768709146403 -0.0002933628142579542
-0.0003906564140251014 0.0001011406953917945
-0.0003014733889474708 0.0003961571150498211
1.299366007675902e-05 0.0003408016509690427
0.0002716086465565697 4.921787096805226e-05
0.0002203685706221136 -0.000153835759000627
-0.0001001723061150232 -7.598384202370988e-05
-0.0003762836890255597 0.000168944130246519
-0.0003359231246850912 0.0003086839531124588
-2.889298931066103e-05 0.0001955945755974668
0.0002338011429755046 -6.969986282817268e-05
0.000217557290146602 -0.0002662525483326939
8.667669070946907e-06 -0.0002651475991109552
-9.910810610085836e-05 -0.000114738596438526
5.83605560685035e-05 4.310728671705205e-05
0.000332393588812744 0.0001044932363474865
0.0004293633503196875 6.269314567479005e-05
0.0002343721204769646 -1.71032823324678e-05
-6.78658951153255e-05 -5.396061896199508e-05
-0.0001974089693502547 -3.330249827955115e-06
-7.269881887196407e-05 0.0001049440791153364
-0.0002108068701128848 9.465237728266515e-05
0.0002629425022715202 4.852786552161262e-05
0.0005126065325712002 9.344400168252647e-05
0.0002842038184644047 0.0001155480516448695
-0.0002039051363943791 5.858021128139159e-06
-0.0004865348702436323 -0.0001503376872246797
-0.0003213929718680981 -0.0001434654144348122
7.92801546820298e-05 8.192547880238755e-05
0.0002877878711243463 0.0002940630377889816
0.0001153417106354186 0.0002060096572989154
-0.0001951561410992816 -0.0001583726645406288
-0.0002401446601601584 -0.0004169773502385223
9.466485760961361e-05 -0.000226072308222859
0.0004840207924722603 0.0002904731228568511
0.0004852427209939329 0.0005974773284316338
1.126730780321762e-05 0.000300285574439261
-0.0005374813653288154 -0.000381725701967968
-0.0006380020621582947 -0.0007726413624296402
-0.0001569505728219241 -0.0004231842445460019
0.0004977561999207619 0.0003815314847479282
0.0007435531683002417 0.0008527559372641169
0.0003603353726802405 0.0004726779837201269
-0.0003077619767447576 -0.0004614848785249564
-0.0006613491734161416 -0.001079734642035519
-0.0003651071904340308 -0.0007348792409872305
0.0003860823538618109 0.0004201617104725344
0.001049812773458109 0.001600579328919741
0.001162151335291625 0.00209617562429046
0.0006426238215525302 0.001844166767048222
-0.0002138050589077674 0.001414676053852945
-0.0009701148752500258 0.001547291267828533
-0.00129164176805077 0.002719018889710827
-0.001063769786270992 0.005051187411858781
-0.0003838237301742924 0.008468980181520348
0.0005088352668106576 0.01285287953531144
0.001320989695101905 0.01806752856482253
0.001798811211920464 0.02395551022275253
0.001810206843723847 0.03038940892588899
0.001386012767103098 0.03733345863806806
0.0006974382302039714 0.04480562101713473
-2.329704465535155e-05 0.05274303692926036
-0.0005832649379786838 0.06090551454413932
-0.0009019175994159112 0.06892212604959561
-0.001019089750125083 0.07642488041696741
-0.001035091646178504 0.08312035737670553
-0.001026624661400625 0.08873912986733734
-0.001002862262818947 0.09296109954013064
-0.0009306138439282789 0.09544733249618911
-0.0007905622740280853 0.09597873448034866
-0.0005979492968467669 0.09456915284927053
-0.0003676623944771888 0.09144149316540194
-7.404576258649161e-05 0.08689744067144119
0.000337078177561185 0.08120525131963381
0.000895239097647547 0.07458061705922223
0.00157923653457522 0.06722421150410846
0.002352737527378017 0.05934474764387825
0.003209567250626551 0.05115863430833102
0.00415353252657379 0.04290967409624041
0.00512071592993541 0.03491478808448309
0.005941858453373966 0.02756957514002861
0.006415115560355579 0.02125351076421107
0.006433349040459255 0.01617400875160168
0.006037822290052708 0.01227105190064314
0.005349862043348011 0.009269027746673049
0.004472750037887876 0.006842263110842271
0.003481716915340746 0.004778218863539068
0.002493779777766431 0.003044427346641113
0.001691383034670466 0.001742774082681765
0.001223453760383097 0.0009887617897034859
0.001072722536708892 0.000773734720219726
0.001049274018903147 0.0008876972727529929
0.0009431292327466151 0.0009829874263846258
0.0006873266982826852 0.0007825630380956766
0.0003693865647907798 0.0002933121493150731
0.0001039012828860772 -0.0001823177201870922
-7.102988350119594e-05 -0.0003025930934730632
-0.0001678023254958774 -1.100452392262744e-05
-0.0001706987091032389 0.0003869546151978539
-4.699363280445828e-05 0.0005018449314739879
0.0001515167329175557 0.0002376161419302133
0.000255032505060714 -0.0001177309191239831
0.0001150615061902133 -0.0001951928376479786
-0.0002066360922262549 6.827354933863147e-05
-0.0004379180634791198 0.0003684143099875558
-0.0003438524846357634 0.0003620678450399385
1.609599501290885e-05 2.804101628326204e-05
0.0003173160691213914 -0.0003261372588447466
0.0002920189572885549 -0.0004020321923837028
1.505294313063343e-05 -0.0002090359125848297
-0.0001666911871575375 -6.859018614809715e-06
-7.543406538025932e-06 9.545982863403782e-06
0.0003555240856840386 -9.341518879644983e-05
0.0005292527369232978 -0.0001155405017116289
0.0002817552327857451 1.314250119232606e-05
-0.0001891695609283277 0.0001606583821773014
-0.0004348894264438437 0.0001797073339466019
-0.0002108068701128848 9.465237728266515e-05
-0.0003011495573425509 4.678133075370307e-05
0.0003113822680942986 -8.07573136209912e-05
0.0007073431906961149 8.350699690532105e-05
0.0004748041769111849 0.0003245293270708446
-0.0002125956877495101 0.0002905377378327614
-0.0007410489915117697 -5.363015166467353e-05
-0.0006415955650797896 -0.0003433270642318648
-3.979080441328966e-05 -0.0002357614398626951
0.0004786255045507718 0.0001531808824209283
0.0004512834060425746 0.0003434090722687832
-1.379450999798099e-05 4.856542954798017e-05
-0.0003723461061658715 -0.0004446800950895576
-0.0002139759634125981 -0.0005533064766445734
0.0003146596567696381 -5.93543011908558e-05
0.0006595796868974915 0.0005895904231660321
0.0004240099972888313 0.0007166727290329309
-0.0002236959486842186 0.0001441273915421831
-0.0007016503625222524 -0.0005796610280313951
-0.0005660844190863215 -0.0007220843087183644
7.808756505637516e-05 -0.0001187256671296881
0.0006856525146459237 0.0006472238000050833
0.0007651897727655731 0.00081644401479459
0.0002864537772956295 0.0001859961594134136
-0.0003386911964452237 -0.0007132827355719458
-0.00062438763229899 -0.001116330187835348
-0.0003747526397801328 -0.0006728271051439764
0.0002277092536486129 0.0003424164559312011
0.0007994717603415051 0.001350161612154535
0.00100549289339189 0.001934474672071975
0.0007178264395547138 0.002059553986517088
4.734604127341635e-05 0.001978678201379429
-0.0007172540100840858 0.002046172793393715
-0.001232563208281445 0.002606029002822966
-0.001253710354555434 0.00394377747253316
-0.0007514152453000673 0.006220065969846751
8.100601325389301e-05 0.009400191105514488
0.000939649318037343 0.01327348927659878
0.001563103811568499 0.01758702964638667
0.001828889350153223 0.02218523891468948
0.001757727828173917 0.02702805134543513
0.001460299383524991 0.03208812357967931
0.001074111420263647 0.03725179473699408
0.0007106154857273878 0.04232536846979047
0.0004199295134781113 0.04711519791056439
0.0001903824990546317 0.05147081396890928
-8.846057827804509e-06 0.05524299082183821
-0.0001742465194298339 0.05822601335760662
-0.000257662887174476 0.06017840279045863
-0.0002119697224506021 0.06092136343429867
-3.964119789260167e-05 0.06041781900111405
0.0002155864372845439 0.05875320990836862
0.0005243284023291443 0.05604784321625403
0.0009037405061506269 0.05240011796081696
0.001384226252525665 0.04791358079116566
0.001953579030019303 0.04276097071925015
0.00255127184892357 0.03720392144552061
0.003117665471024463 0.03154856808932286
0.003626623419673874 0.0260887545403112
0.004052145242655071 0.02108177985174869
0.00431694823453517 0.01673721402935834
0.004311465088006236 0.01317417123504099
0.003988834752089568 0.010358732350099
0.003433565803025927 0.008097971628367243
0.002813991351872909 0.006142810166525244
0.002260208210487664 0.004346155914767633
0.00179956141659699 0.002750205775111341
0.001411370473196215 0.001525849371201043
0.001113847541498565 0.0008134323656656142
0.0009583819806930356 0.00059142728879265
0.0009337590945274453 0.0006627550807287163
0.0009152716216364387 0.0007531883670952095
0.0007540149234049888 0.0006537708729043774
0.0004271596524738429 0.0003322586647894568
7.713792891565126e-05 -4.793010317073397e-05
-0.000117312469946217 -0.0002359816325093718
-0.0001032079352692665 -9.068076538995307e-05
2.275623608424395e-05 0.0002733076141375044
0.0001350064444016544 0.0005442982116779449
0.0001885977894428253 0.0004760622841845231
0.000199047585618753 0.0001314121066925649
0.0001553967490351844 -0.0001542814908551415
1.451053292190508e-05 -9.848065317021191e-05
-0.00020068985764079 0.0002256110167055572
-0.0003464870888013887 0.0004429322839734111
-0.0002702166149144875 0.000264167155743328
3.409717696869153e-06 -0.0001939409523614416
0.0002426024651602443 -0.0005157460713794192
0.0002228414152252705 -0.0004239877337724341
-1.95357827502966e-05 -7.152818401820842e-05
-0.000192044756068743 0.0001406561803506799
-4.951401211308557e-05 1.559773679676027e-05
0.0003110694199546306 -0.0002328753751201292
0.0005074167936736558 -0.0002522526145686962
0.0002652707087000665 2.339997288808351e-05
-0.00025180036656854 0.0003000778612695856
-0.0005527548665633743 0.0002858977578425739
-0.0003011495573425509 4.678133075370307e-05
-0.0002847405765227178 -2.806910380197635e-05
0.0002593346137219212 -0.0002153878270630104
0.0006855120277226469 1.621915593726524e-05
0.0005468364754908446 0.0004205740327648196
-0.0001010468736727422 0.0004963590022244986
-0.0007105727674337097 7.799365874975499e-05
-0.0007431225921495025 -0.0004345539826540912
-0.000183852553479548 -0.0005026495941738431
0.0004396896214959553 -6.361995154026291e-05
0.0005630825488318322 0.0003771885994024574
0.0001229049671721783 0.0003048035792918601
-0.0003974420289306375 -0.0002162311728927445
-0.0004507068848167811 -0.0005923814719938593
4.232741518537643e-05 -0.0003493732261049583
0.0006252556469475064 0.000333309250077006
0.0007492346060840498 0.0007888961565198033
0.0002850347809326603 0.0005510649737267518
-0.0003743260186215713 -0.000169207012039485
-0.0006825715598480506 -0.000701827893984667
-0.000410428144603702 -0.000576668323687252
0.0001974670520798086 5.183584779070451e-05
0.0006639767073111318 0.0005937533754366823
0.0006603415713239023 0.0005764038773596029
0.0002137896121378426 1.760391021663724e-05
-0.0003615151814957766 -0.0006576182223416176
-0.000692983335513956 -0.0009795146755017692
-0.0005656766471851025 -0.0007254074709892232
-2.786739367207866e-05 2.701596527100061e-05
0.0006363166322385778 0.00100861992583392
0.001053239127882944 0.001897911981718159
0.0009679541360855216 0.00244779844578617
0.0003992715549697061 0.002604099482711118
-0.0003710230994195621 0.00256818436889476
-0.0009774605103395014 0.002725885283602131
-0.001184507643764298 0.003450553999426938
-0.0009771756165012533 0.004912336904186972
-0.0004926916019880071 0.007036321735049787
0.000104840668848413 0.009620753457990593
0.0006916598701088066 0.01248931932912532
0.001179915234580409 0.01554890447603706
0.001507532595922452 0.01874260450944708
0.00165877507761041 0.02198828592171356
0.001677394278776933 0.02517658191707963
0.001629971998085347 0.02821090457420461
0.001549029279319503 0.03102185913343663
0.001426071309076541 0.03353041109316973
0.001266334307866906 0.03560634429105865
0.00113204413496531 0.03708022454029903
0.001107960814272108 0.03780601564131431
0.001222228630019639 0.03771256591941617
0.001419680968617684 0.03679607450845834
0.001624628787758904 0.03507635423671727
0.001818218789143971 0.03258358837724257
0.002036598569902325 0.02940524936940976
0.002297376200130911 0.02574485503374239
0.002552642119161949 0.02191588153336142
0.002728448111518561 0.01825219324692851
0.002794445268218952 0.01499838337251013
0.002769238310760932 0.01225846873389943
0.002659532205638336 0.01001697582003178
0.002429053282954116 0.008183113861093605
0.002057772691032382 0.006619748586162342
0.001621721691668556 0.005177130964292164
0.001273794730171979 0.00376438648522549
0.001117811132886874 0.002427808686812405
0.00110973268528824 0.001347157072372609
0.001105263448606477 0.0007076311739486198
0.001005615707096932 0.0005318667254066835
0.0008357207267357709 0.0006236047268080579
0.0006724397637237571 0.0006889726533127256
0.0005258931406251141 0.0005380642306604627
0.0003325153011275126 0.0001975691678970306
7.038883145431949e-05 -0.0001450212574115633
-0.0001590442045130659 -0.0002971865618762544
-0.0002082643095262972 -0.0001903093787289709
-4.706948444879805e-05 8.838382382816637e-05
0.0001811961360423954 0.0003536027185172151
0.0002890115266606789 0.0004334279881090543
0.0002206567304046085 0.0002878870271618219
8.026233577527939e-05 5.759207461450086e-05
-6.883116477624044e-06 -3.21226206735441e-05
-2.574460240522898e-05 0.0001223755641049586
-4.586698703465977e-05 0.0003675705213157598
-9.412638856284577e-05 0.0004044751648501306
-0.0001069497639408108 9.108821317565181e-05
-2.996759439065072e-05 -0.0003653170652567464
7.323415335124521e-05 -0.0005718037791169253
7.035511528195685e-05 -0.0003466684553163785
-6.639289275724978e-05 6.869235608496941e-05
-0.000181481401340551 0.0002466139429609517
-8.830261827316359e-05 3.146169671333968e-05
0.000190898553864352 -0.0002878816300808822
0.0003874501957701402 -0.0003055006871265757
0.0002470718229196985 3.153253719234788e-05
-0.0001627411007129024 0.0003556487796310793
-0.0004539788703159517 0.0003082781114994869
-0.0002847405765227178 -2.806910380197635e-05
-0.000142079146256283 -6.963232295320021e-05
0.0001494753697588071 -0.0003128837347872778
0.0004693529318057821 -0.0001216275642597636
0.0004687613454567482 0.0003192310577613975
6.048994905932516e-05 0.0005057183711826783
-0.0004522876303781854 0.0001746664782537017
-0.0006351404242549397 -0.0003763509592154154
-0.0003344443584483856 -0.0005863792516882807
0.0001640009132334174 -0.0002337784961779881
0.0003978980243609194 0.0003180998695512345
0.0001661602824137655 0.0005046869083099162
-0.0002799427494213175 0.0001552020881336022
-0.0004741517631058338 -0.0003396177931167157
-0.0001717474023407794 -0.0004487908550833591
0.0004232914538621903 -4.72917799221918e-05
0.0008371089632506528 0.0004752379320349131
0.000730632960528758 0.0006167212394412123
0.0001695720386314631 0.0002376148762537647
-0.0004468159651920323 -0.0003433934471760233
-0.0007010672383096654 -0.0006632403598650982
-0.0004496604009643034 -0.0004983907249645525
0.0001058344104806577 2.730016966824091e-06
0.0005764538892419445 0.0004741117208396074
0.0006416867588709173 0.0005910256820388163
0.0002480932421311057 0.0002560478524757078
-0.0003551296221479198 -0.0003526172532918018
-0.0007670970700116902 -0.0008666559691562831
-0.0006930476592142717 -0.0009192530731907397
-0.000144781422451319 -0.0003633920556077841
0.0005653579339862105 0.0006217117746534262
0.001040762895212438 0.001636926183144008
0.001059260692148868 0.002326886981919065
0.0006734591684314287 0.002605992440870297
0.0001027446793649013 0.002679334308965748
-0.0004465357933053131 0.002869239289242108
-0.0008641725384762914 0.003411216983707239
-0.001094645737460306 0.004371075607834175
-0.001082989348204493 0.005696736769491559
-0.0008006225738543566 0.007307836562215287
-0.0003098982252208999 0.00913640000719072
0.0002407555696399072 0.01111513037758
0.0007129610544923261 0.01316177075301632
0.001064750993580133 0.0151886780613768
0.001331374472901344 0.01712206349509624
0.001535062680837988 0.01890294655967879
0.001645045314337372 0.02046731927708642
0.001637806123142433 0.02172934195330433
0.001569733939704704 0.02258883691190064
0.001551466478017872 0.02295849568430498
0.00163969430424677 0.02278591540775018
0.001775989823303268 0.0220530676509488
0.001852499463424369 0.02076500798222613
0.001829347817138983 0.01895829781263955
0.001764846630231188 0.01673941694143065
0.001729375326263996 0.01431694702961551
0.001717303931223851 0.01197137949007975
0.001665941466860491 0.009951083432637222
0.001546949239843802 0.008359430978460067
0.001403566114513744 0.007123608117038552
0.001286342010105811 0.006071021471449263
0.001182650659217203 0.00504636552871837
0.00104647703859782 0.003981082984922157
0.0008939754601865015 0.002894317814685003
0.0008250046267089404 0.001870783625709221
0.000913420603193591 0.00104471052796253
0.001086343271557802 0.0005579499645820765
0.001153591198045411 0.0004631362564784083
0.0009815559771941581 0.0006318119363577039
0.000626095457123871 0.0007847179517663533
0.0002734935249507083 0.0006744179197264698
5.69317535992262e-05 0.0002820615642913727
-4.30395803843797e-05 -0.0001638939666057554
-0.0001143020736327328 -0.0003848981953633612
-0.00017040657742216 -0.0002879761937765106
-0.0001376853547384964 -2.22367124708594e-05
1.459999708327089e-05 0.0001780886402787423
0.0001800193211468524 0.0001937095990718695
0.000199258640875315 8.228198154894495e-05
4.003677487313872e-05 -1.335958515044688e-05
-0.0001449860622841644 1.001860090798731e-05
-0.000168705256054928 0.0001568986061527535
-8.157950571302937e-06 0.00033957397556727
0.0001735919167122071 0.0004192081225874964
0.0002065484065782519 0.0002848844374746193
8.825552236793996e-05 -4.053080878410825e-05
-3.954950500362827e-05 -0.000360754852039742
-6.87995779680826e-05 -0.0004320186208677562
-3.779544865573049e-05 -0.0001934186274189717
-5.049920411796638e-05 0.0001314507523925803
-0.0001170772263422096 0.0002237210487057355
-0.0001272174335115788 -1.692495982828198e-07
6.058301433819777e-07 -0.0002758428244564689
0.0001803271108858171 -0.0002632680610855071
0.0002225877024656004 6.51014487019045e-05
5.547117185125189e-05 0.0003657905403956792
-0.0001527986386092527 0.0002987846656150938
-0.000142079146256283 -6.963232295320021e-05
6.987281625322183e-05 -3.323700916234758e-05
3.30916274560201e-05 -0.0003093745827390488
0.0001476081940485621 -0.0002618807465403787
0.0002600336644582172 5.968869728683711e-05
0.0001799942291603198 0.0003045416898571417
-0.0001037038134854676 0.000189384089106031
-0.0003851610825545752 -0.0001883917920730888
-0.0004306060561283388 -0.0004382897208294495
-0.0002085358536113838 -0.0002784193338488244
7.13070531045349e-05 0.0001723854622171061
0.0001542473513600442 0.0005113051496985552
-1.452674110850984e-05 0.0004435751173781164
-0.0002305382812756942 5.026305999328182e-05
-0.0002140780227252052 -0.0003098662291069621
0.0001282400993774573 -0.0003343037444942654
0.0005962498438652445 -2.434706281091705e-05
0.0008366499143599289 0.0003442569587174067
0.0006171887220766749 0.0004571150928029785
1.927265686959462e-05 0.0001982487673371904
-0.0005971994022808918 -0.0002678056605009797
-0.0008338221395665751 -0.0006030861975549239
-0.000531589768812394 -0.0005255893350128645
0.0001085075025707471 -2.580087345666948e-05
0.0006544273850181186 0.0005849135017445906
0.0007402348673721749 0.0008659082231154551
0.0003208009847586727 0.0005692301655025491
-0.0003061114302950261 -0.0001553806820788973
-0.0007253262003726279 -0.0008531802120997853
-0.0006948667260861777 -0.001088107884424535
-0.0002741741983027589 -0.00072973651652263
0.0002830293671971736 1.848040315382826e-05
0.0007361350984775218 0.0008290517679966306
0.0009716755375319492 0.001485790277877066
0.0009669121232858231 0.001963726475765786
0.0007138964507300334 0.00235429347807264
0.0002263058340719813 0.002761025261763138
-0.0003899155846195329 0.003257932949005417
-0.0009282291510575341 0.003898370051214065
-0.001195060037565662 0.004719255517568933
-0.001146092070745026 0.005725239150665401
-0.0008983136062481547 0.006879622545816516
-0.0006033333747397493 0.008118149553755437
-0.0003233114031463958 0.00936875598317115
-3.843766963780847e-05 0.01055765740577202
0.000250728860098053 0.01160735308683872
0.0004749810979049835 0.01244320476638941
0.0005703536035727769 0.01300838388529329
0.0005737082587220701 0.01327173563103239
0.0006018357170323863 0.01322213967434971
0.0007220266874020474 0.01285980314246067
0.0008676687256174531 0.01219502901986577
0.0009078880754025229 0.0112539134540776
0.00079475677559085 0.01008824575807066
0.0006157968136292555 0.008789813102809577
0.0004947922031273784 0.007497710132710763
0.0004666903302899791 0.006370401884018244
0.0004746526955227532 0.00551112736923311
0.0004757958951911837 0.00489152905634288
0.0005065807523113103 0.004352175268431191
0.0006218840411191179 0.00370777293917603
0.000796839505540363 0.002883010105059727
0.0009343801902002255 0.001964468450482214
0.0009792748815504826 0.001131387677663798
0.0009871895623816429 0.0005407817642623503
0.001042922812877342 0.0002625145945716087
0.001119459445533181 0.0002767740283852098
0.001065751127796314 0.0004810423706839335
0.0007673607871467613 0.000693103832621516
0.0003049654112813372 0.0007074705002551475
-8.432102859816028e-05 0.0004300727639741184
-0.0002185275118086897 -1.099226883099727e-05
-0.0001285574056764806 -0.0003278081919364763
5.265636289379285e-06 -0.0003091766888892736
5.193579827651248e-05 -2.354797434627544e-05
3.281018148170388e-05 0.0002313939927919342
3.008265506536683e-05 0.0002078426218387332
4.277358571136615e-05 -5.784121232518954e-05
-1.439401307765386e-05 -0.0002937990229290257
-0.0001687056569235963 -0.000267006669752203
-0.0002986597502024275 3.5555283673214e-06
-0.0002370575554467835 0.0002951764489971738
3.184780103917201e-05 0.000404490804151251
0.0003161038518088471 0.0003024479900647712
0.0003891996785650518 0.0001010359081745791
0.0002162623995062052 -7.268193351057588e-05
-1.507986329419611e-05 -0.0001490459969451057
-9.59005738941846e-05 -0.0001135750897202807
-9.025048100014241e-06 -1.907016624091571e-06
7.661043614786567e-05 9.276849152819981e-05
1.451259195426951e-05 6.609589527362598e-05
-0.0001470363269793844 -8.687643841538711e-05
-0.0002202100656514532 -0.0002195050197361168
-9.31273969131983e-05 -0.0001546136210596047
0.0001387304587886168 0.0001073046094799964
0.0002715411302556873 0.0003352565213655401
0.0002113492518279771 0.000282506270873349
6.987281625322183e-05 -3.323700916234758e-05
0.0002505249947784972 5.56808769961167e-05
-6.074169795825816e-05 -0.0001743772664039259
-0.0001752036415145279 -0.0002928346456143595
-2.234911530820769e-05 -0.0002019062267061973
0.0001909961554872709 4.438054518633201e-06
0.0001948461541275752 0.0001242417480321535
-7.044642695384855e-05 4.797952758389654e-05
-0.0003878705822402018 -0.0001284306082137264
-0.0004680069634931493 -0.0001935833209601573
-0.0002261604246258286 -2.600953654414177e-05
0.0001337178064459087 0.000279230246915324
0.0003085492232950193 0.0004775102420000116
0.0001799801990817541 0.0003784986448384851
-7.427711656367284e-05 1.946709203854499e-05
-0.0001468429155716976 -0.0003363246235330929
0.0001062104679144351 -0.0003921513849261207
0.0005123548813776037 -6.73008727276467e-05
0.0007121449059479944 0.0004002128401785959
0.0004651231306101273 0.0006148703527362342
-0.00012829189373888 0.0003515461994165043
-0.000680001080677363 -0.0002220784095333155
-0.0008041420066177005 -0.0006490570431982082
-0.0004103315687612141 -0.0005552269265619436
0.0002326719482303474 2.76024774039993e-05
0.0007040988322677739 0.0006789310133273918
0.0007320867680961887 0.0009303173373919678
0.0003514284339030139 0.0006202636732405023
-0.0001773042564612482 -3.35148912476865e-05
-0.0005774043902294163 -0.0006544891528477662
-0.0007047795424140436 -0.0009772044969877888
-0.0005496469892910864 -0.0009437182562285463
-0.0001646415744414154 -0.0006236187280897923
0.0003640065995762094 -0.0001093838523257352
0.0008879301890845765 0.0005105561791188121
0.001202724176435384 0.001137072321405093
0.001150025412088708 0.001681211611021049
0.0007426946644669356 0.002118037155088336
0.0001747245565886939 0.002503656100504347
-0.0003199248984979556 0.002924843271403216
-0.0006316460782845282 0.003433422186849131
-0.0008046855980053368 0.004028856376742512
-0.0009222501888240574 0.004684843416256393
-0.0009942479981555842 0.005367325822570419
-0.0009743169292608794 0.006022641419351542
-0.000863064927810228 0.006570375237745425
-0.000746522826481403 0.006932613257921377
-0.000707469473585517 0.007076929249510518
-0.0007199901850059403 0.007025521788739758
-0.0006717657745612484 0.006823231929394128
-0.0005028078448443982 0.006505230725208755
-0.0002955104648401381 0.006096337362757084
-0.0001976769936762979 0.005627177038543376
-0.00025942465343714 0.005136413124626259
-0.0003732558812062255 0.004658822893372686
-0.000386741286113648 0.004220787323426596
-0.0002531839197400335 0.003842221233235227
-4.733951392853011e-05 0.003519902618556885
0.0001546903358612554 0.003195193077055957
0.0003671378786062038 0.002758400154391821
0.0006414182996287234 0.002127231629828751
0.0009474787679654035 0.001347641954524915
0.00115906863611697 0.0006079746164648199
0.001178259265763958 0.0001246056823683277
0.001046914183685511 -9.15170183362217e-06
0.0008968714871931181 0.0001245680079256986
0.0007909156331200232 0.0003465772949241147
0.0006528223936796779 0.0004949434411756791
0.0003840113906646235 0.0004790243785946932
3.075893548599022e-05 0.0002815197731850873
-0.0002115383869070236 -3.043055963795266e-05
-0.0001853980256012086 -0.000294718009135772
5.421975618150857e-05 -0.0003250996585621697
0.0002797990233939536 -7.109516359848911e-05
0.000307400100498762 0.0002799453522156202
0.0001538536523436999 0.0004182795644099416
-2.452568500260052e-05 0.0001920043319676266
-0.0001183027958739981 -0.000219811333985776
-0.0001536272497701181 -0.000451659296125391
-0.000198997827721462 -0.0002991318302359435
-0.0002333073666336298 8.261999354425289e-05
-0.0001571729683905904 0.0003415441837604262
6.130365548989338e-05 0.000281339616714129
0.0002963102456335686 3.298304728479083e-05
0.0003648118255494852 -0.0001177974847680867
0.0002225057186627175 -3.563055101094143e-05
2.912484312357584e-05 0.0001562499350573457
-1.044078412462268e-05 0.0002455985378344231
0.0001307935646817587 0.0001555983774864414
0.0002609535225709513 -1.599109153041688e-05
0.0001697830929749279 -0.0001365487964817304
-0.0001326113254168428 -0.0001614297798596772
-0.0003948326454232872 -0.0001181047737879984
-0.0003579620702168294 -2.832311706500762e-05
-1.602265913323662e-05 9.999759856841362e-05
0.0003603296884122064 0.0002148865778004854
0.0004682041989813726 0.0002163946357979935
0.0002505249947784972 5.56808769961167e-05
0.0003310370863012674 0.0001218341977860655
-0.0001185990208579722 5.035279043149374e-05
-0.0004128597664561851 -0.0001522702182922551
-0.000302545685932308 -0.0003031021000042454
8.165013614139296e-05 -0.0002349242453824341
0.0003531279934720279 1.441025974789252e-05
0.0002366354559722863 0.0002197397376474535
-0.0001665364852127928 0.0001887533178787065
-0.0004691591864075638 -3.405770706762999e-05
-0.000361950152274498 -0.0001939788513874521
9.19030386422398e-05 -7.51297720069879e-05
0.0005086285807061344 0.0002640433978976963
0.0005324818276468262 0.0005129942595683935
0.0001566773405698606 0.0003960191586565175
-0.0002745767284476861 -3.785562407583849e-05
-0.0003755262467739414 -0.0004167049385408925
-5.468058440864964e-05 -0.0003710509736936417
0.0004156570699670469 0.0001082717837585589
0.0006394359561067871 0.0006289311460259673
0.0004239822606653735 0.0007325957645982414
-8.001381265463747e-05 0.000302092488665519
-0.0005176674059069044 -0.0003382902286814714
-0.0006057913511786739 -0.0007106566114110215
-0.0003173524294986727 -0.000575406464485167
0.0001434127609887259 -7.591974447140885e-05
0.0005106983667475683 0.0004420253176760306
0.0006161824345842468 0.0007103215293707778
0.0004384885175329532 0.0006631040736548876
6.347674365291656e-05 0.0003718806476102857
-0.0003672384828554141 -5.54089528455773e-05
-0.0006853944769628306 -0.0004955490331089257
-0.0007349367425128043 -0.0007948844556749213
-0.0004480466723971218 -0.000814983117136544
8.610858063164072e-05 -0.0005293153685746408
0.0006436160574754688 -5.864761735938156e-05
0.0009968451709718932 0.000416381602338986
0.001057286271183857 0.0007862846194991001
0.0009032118397638615 0.001059609290652679
0.0006719578028529388 0.00130009932611771
0.0004328792360756941 0.001547186933423795
0.0001687159540547172 0.001804661875359417
-0.000137136327329609 0.002076958428496403
-0.0004314188063582011 0.002377727317476564
-0.000631833934237469 0.002694212532088238
-0.0007237752038164212 0.002967642995865992
-0.000780994507674935 0.003132982133764649
-0.0008710723823509912 0.003177571422501843
-0.0009586049300189234 0.003147786059097429
-0.0009355925541749561 0.003098647506761909
-0.0007565687463511472 0.003051623266925877
-0.0005174858784892028 0.003005587132810318
-0.0003709789481022216 0.002968557002750219
-0.0003638845220301691 0.002954044695154065
-0.0003839523085559007 0.002945756104035999
-0.0002815832903945252 0.002887315957804182
-2.821972475560383e-05 0.00272089034206797
0.0002684123216866454 0.002428007659269224
0.0004988105983334302 0.002023246006654224
0.0006650184518632798 0.001523995109559155
0.0008365926799343338 0.0009589178045501598
0.001015334991620093 0.0004155649848194796
0.001092043890543546 4.533672402603486e-05
0.0009629013618394877 -2.955897509354934e-05
0.000667466515533616 0.0001623605832457226
0.0003727830784744886 0.0004273197443834835
0.0002110136447060846 0.0005387356741604049
0.0001587543963959022 0.0003997501526385538
9.99182904364854e-05 8.827053745533334e-05
-7.329782600259884e-06 -0.0002320428302278586
-6.684101683931515e-05 -0.0004226695229953003
3.288045930731961e-05 -0.0004133851157836026
0.0002552522941337081 -0.0002035743362212293
0.0004143424710571603 0.0001191201101566966
0.0003527183830437601 0.0003727873942549988
0.0001046803273173404 0.000372622023048637
-0.0001366163467314733 9.890210870328815e-05
-0.0002102084296509283 -0.0002307285027775552
-0.0001274689259512557 -0.000321940280271051
-2.138530437523254e-05 -8.765206942458057e-05
1.604026246503172e-05 0.000239573021609009
1.636908357504958e-05 0.0003239627605508134
5.81669992292251e-05 7.451522916743866e-05
0.0001449471863375715 -0.0002466662255158725
0.0001954956899124129 -0.0002903638365058956
0.0001565941332338441 1.249358348179008e-05
9.110397526060158e-05 0.0003758039083541645
0.0001173477366468067 0.0004550007407251606
0.0002547702306916949 0.0001934619369381382
0.000358225746477627 -0.0001452176777008914
0.0002441108336777846 -0.0002691272933850041
-9.966083512784357e-05 -0.0001413257290469195
-0.0004434298636193263 3.643796377981772e-05
-0.000490978369284953 7.989973885478023e-05
-0.0001585791326804101 9.824096706062676e-06
0.0003114216434687016 -2.243753527832059e-05
0.0005366750970051994 5.012821868379008e-05
0.0003310370863012674 0.0001218341977860655
0.0003152394818879551 0.0001132990839912528
-0.0001262132971378272 0.0002635045885566551
-0.0005091653773833769 0.0001044009354810511
-0.0005019067755747253 -0.0001971257323230349
-0.0001023299051677189 -0.0003125706676013138
0.0003469246482918625 -9.890178836770072e-05
0.0004636417878953659 0.0002417705438941841
0.0001751931075693685 0.0003609774372681666
-0.000216782083800414 0.0001240016814814013
-0.0003197404156196314 -0.0002362553986512853
-1.614029283367314e-05 -0.000337990230695812
0.0004283191530917061 -3.336365092487684e-05
0.0006073397414541909 0.000426381267764674
0.0003367143524327338 0.0006179888772813234
-0.0001888634040188399 0.0003516475604838254
-0.0005666758836653729 -0.0001406062679472276
-0.000514902498066896 -0.0004182071135141135
-7.798343314307142e-05 -0.0002384558303392339
0.0004349353195235887 0.0002330265355605098
0.0006915043245644906 0.0005901597046105999
0.0005540183881348774 0.0005455838939789689
0.0001329733829158236 0.0001397932642715571
-0.0003174704678435381 -0.0003503336746424169
-0.0005588324606622505 -0.0006537207522285398
-0.0004829049038474319 -0.000655760133595263
-0.0001427898948558309 -0.0003812906534892694
0.0002873573733494684 7.756657386722824e-05
0.0005952758024030236 0.000579574120547955
0.0006272378530120782 0.0009314556239644999
0.0003633767252237708 0.0009579157915156044
-6.829936126127592e-05 0.0006315804971983985
-0.0004588545441649278 0.0001275834377307411
-0.0006356023422141573 -0.0002877300251856145
-0.0005539909731592979 -0.0004481747457619445
-0.0002984172475641635 -0.0003791248110322631
2.893869296295472e-06 -0.0002162937637040356
0.000270470944120651 -6.109626538506229e-05
0.0004938511940182152 7.479437914108658e-05
0.0006780770267553325 0.0002128460925672897
0.0007927668496460417 0.0003452096303475655
0.0007900631448406535 0.0004485507671502
0.0006687025805390655 0.0005344648977289204
0.0004980787822098815 0.0006487954172838955
0.0003598874941238273 0.0008137633780082647
0.0002692611522975287 0.0009944584687892511
0.0001732170950958388 0.001140625226038514
3.664240577989948e-05 0.001250233484986202
-8.660461692409457e-05 0.001369622891291192
-9.459533848796273e-05 0.001530439832757117
4.416234922815854e-05 0.001708233725275992
0.0002339926419568984 0.001855143489517384
0.0003383539085168069 0.001955459358408636
0.0003239022644936186 0.002022509621972333
0.0002979977316553033 0.00204140711623594
0.0003885831768124835 0.001945255916040179
0.000597448213214908 0.001673983254785329
0.0007935511168321005 0.001252655723667704
0.0008534238989018459 0.00079226990982047
0.0007853798870115242 0.0004099325842606913
0.0006958886594958479 0.0001629641581452334
0.0006459009673121651 6.205652634129148e-05
0.0005758118978344876 0.000114607621033595
0.0003924071446717597 0.0003111809277911232
0.000111852329752503 0.0005634214447719554
-0.0001197598793444424 0.000699286876189494
-0.0001635805558104851 0.0005740510659316732
-2.974119058901491e-05 0.0002065660838231548
0.0001379407043056031 -0.000209654628000311
0.0002143867236410302 -0.0004506486938542454
0.0002070540268576902 -0.0004264527644383125
0.0002074959313474943 -0.0002166355950684291
0.0002512413404581842 2.592727744370045e-05
0.0002613724857709225 0.0001826054606737988
0.0001458697809021958 0.0002030186142660233
-6.829357935516676e-05 9.609299345930133e-05
-0.0002293059941578632 -6.4987276574848e-05
-0.0002023266117400403 -0.0001495298630715146
-8.748759935422317e-06 -5.202182037466513e-05
0.0001882520614452716 0.0001845158674847891
0.0002377643136396312 0.0003525108395661503
0.0001350728339886583 0.0002531105224275857
5.265334228851866e-06 -8.034848818728969e-05
-3.122229128330061e-05 -0.0003619379493372648
3.601636953483348e-05 -0.000310109862322783
0.0001294989693920648 5.629558165120532e-05
0.0001861946996748344 0.0004063974452538557
0.000213848238299603 0.0004137332939388405
0.000243047525292592 8.487212349410245e-05
0.0002474840483816429 -0.0002490641819576582
0.0001475952050622343 -0.0002756916875210061
-8.468235246699309e-05 -1.752863172917683e-05
-0.0003351117145091722 0.0002115836545929176
-0.0003997572246771043 0.0001539119384174884
-0.0001702482449872693 -0.0001194834181671392
0.0002194431157547242 -0.0002987419780791499
0.0004577373529667141 -0.0001797548499333456
0.0003152394818879551 0.0001132990839912528
0.0002476817644353416 4.709761616759751e-05
-7.526169659935168e-05 0.0003583225730577388
-0.0004449307308855802 0.0003242924074152366
-0.0005568044943001985 1.717158904044631e-05
-0.0002775210919973574 -0.0002336681835405164
0.0002104918163981309 -0.0001760301875812553
0.0005460298106173079 0.0001161560145128589
0.0004964540961172206 0.000325168591653687
0.00015411627003227 0.0002160296380397143
-0.0001577492078999235 -0.0001209983001949552
-0.000176683485120647 -0.0003527413460354008
7.819143313809795e-05 -0.0002272806786201837
0.0003428850115503984 0.0001790090747690575
0.0003483402762354167 0.0005283331792780272
4.398089665571114e-05 0.0005292937969297746
-0.0003703578830407327 0.0001882324092322448
-0.0006020205793192359 -0.0002184361785344545
-0.0004725084201653783 -0.0003949772503425802
-2.988096136922229e-05 -0.0002522148565509913
0.0004865343884046379 7.126588556148288e-05
0.0007887991486132992 0.0003533919250861015
0.0007041987572732717 0.0004336632059294406
0.0002734528260458757 0.0002629397815948789
-0.0002704892185924768 -0.0001053266353356227
-0.000634985649125974 -0.0005212013902266042
-0.0006350545665663944 -0.0007629447302891962
-0.000291410300404723 -0.0006389491247778144
0.0002000610823248408 -0.0001359090415909006
0.0005967602876945674 0.0005235970878122345
0.0007416819530780401 0.001009179215377336
0.0006177866714292111 0.001112687638867511
0.000312346471784038 0.0008780046919847422
-5.752922532365395e-05 0.0005192915031816437
-0.0003974867074181016 0.0002261278275966052
-0.0006445459857720641 5.00141479940844e-05
-0.000753653683647134 -4.938102340108248e-05
-0.0006959600313600143 -9.915324100732973e-05
-0.0004781963480622088 -8.440031046127316e-05
-0.0001593427484055051 -3.455210076251342e-06
0.0001662807310735508 9.605969552754334e-05
0.0004199428470476367 0.0001615675487759239
0.0005835424983910229 0.0001993754601483693
0.0006941947053810647 0.0002662226892869493
0.0007899880968998195 0.0003958626249138639
0.0008628148735211835 0.0005579615578174064
0.0008727087690409644 0.0007031714042177248
0.0008110133453880001 0.000830480155884454
0.0007369013059192318 0.0009819064858928635
0.0007323572571878306 0.001169119155619568
0.0008141997807662795 0.001332370347037862
0.0009037349154907966 0.001392408359827662
0.000902155522744192 0.001331233940500052
0.0007993067580229178 0.001195956695019914
0.0006928422741619742 0.00102172665643896
0.0006850780541795564 0.0007815195014863744
0.0007641843799163433 0.0004398527593134806
0.0008039720994449476 4.797636602030257e-05
0.0006905135275323546 -0.0002483822609792865
0.0004410625871161466 -0.0003181372090757389
0.0001857746228449307 -0.000156574982732531
3.464033972482695e-05 0.0001203616102951714
-2.088801311810102e-05 0.0003804690810680919
-6.573696498166846e-05 0.0005531454801463968
-0.0001362347823565947 0.0006118406740752942
-0.0001639845558286736 0.0005273553130008766
-5.693360699064394e-05 0.0002882748093427198
0.0001760049453777263 -2.890622284236799e-05
0.0004030345419334191 -0.0002560582817108773
0.0004808901495632678 -0.0002504881790548925
0.0003812556519603406 -3.111608714356674e-05
0.0002003803505486286 0.0002188033358550394
5.190378595792292e-05 0.0003032107997991033
-3.338014623181611e-05 0.0001743089095821019
-9.763009019690368e-05 -4.806925374397016e-05
-0.0001652198910782852 -0.0001967250224850122
-0.0001899463590297838 -0.0001848971339440093
-0.0001074900966520781 -3.817748676255482e-05
6.778292878142563e-05 0.0001518525759038101
0.0002204336323972178 0.0002798868044440964
0.0002272471040965052 0.0002637549037227174
7.924264584155057e-05 9.130335014622173e-05
-9.474264239262538e-05 -0.0001383269708950176
-0.0001368901568729932 -0.0002516146729411784
-2.896439404155625e-06 -0.0001385566846630329
0.0001979452169488587 0.0001196668108966754
0.0003035639755414396 0.000289178235592744
0.0002427385844853 0.0001959568540263164
8.418969160578964e-05 -8.521535004344527e-05
-4.810660226493526e-05 -0.0002797440391681463
-9.679978553839734e-05 -0.0001823216192197748
-0.0001012864607354072 0.0001196129664141993
-0.0001138605123898842 0.0003137221059468209
-0.0001112326115902575 0.0001739277847772379
-1.872704427761995e-05 -0.0001974243514254171
0.0001691804404485627 -0.000453623021187909
0.0003181401979353181 -0.000341034096409535
0.0002476817644353416 4.709761616759751e-05
0.0001529906365112759 -1.743873163597433e-05
1.293151593298376e-05 0.0002814701994449859
-0.0002489352934963333 0.0003581238905912838
-0.0004422870422101382 0.0001784841620203933
-0.0003578246112011144 -7.543799273956714e-05
1.938223356895428e-05 -0.000177229320792208
0.0004572334399484001 -5.96391008903945e-05
0.0006504495762068643 0.0001367966932928221
0.0004687314113127693 0.0002072507880258753
5.93240546046455e-05 7.681393628364676e-05
-0.0002779019742798857 -0.0001348985029670254
-0.0003262656339065301 -0.0002292693756325471
-0.0001050730240128374 -0.00010831706148897
0.0001657794192746448 0.000143739054113408
0.0002423795475327952 0.0003354344406980534
3.760023684121878e-05 0.0003186824046206103
-0.0003150467766573871 8.963343416372567e-05
-0.0005509666134590433 -0.0002182387270855317
-0.000457963567638042 -0.0004180260687500016
-3.32219525943041e-05 -0.0003706000288935053
0.0004975659851272317 -6.411639855320771e-05
0.0008222722026005378 0.000355618625285767
0.0007502799071745306 0.0006379476352529016
0.0003346506584501997 0.0005704241597189224
-0.0001786339449009058 0.0001389579332771015
-0.0005234272262848438 -0.0004260732879061817
-0.000567692883546915 -0.0007882978168781948
-0.000346071290628542 -0.0007404056745798094
1.460851729984239e-05 -0.0003434133862085227
0.0003833843219581881 0.0001472522314227948
0.0006592089254627227 0.0004913049845418668
0.000764335135256409 0.000614538042216868
0.0006492554516504 0.0005881161826038364
0.0003250898261468227 0.000505216815177654
-0.0001150073438582013 0.0004048091573153472
-0.0005262435103936062 0.0002990078302569269
-0.0007842522113439997 0.0002250586583835806
-0.000844632349277474 0.0002315586707990504
-0.0007460772279208887 0.00031786110387797
-0.0005633206697990793 0.0004202690002723304
-0.0003542703507649942 0.0004782783389360183
-0.0001405327938833313 0.0005024024098062748
7.476229634807981e-05 0.0005552329582118169
0.0002788290848799148 0.0006671934271406914
0.0004415008226078735 0.0007945124981534417
0.0005362245941293003 0.0008733364905422567
0.0005684352298505778 0.0008978120053316014
0.0005783336463366375 0.0009171291648319055
0.0006063470644786844 0.000953293383734721
0.0006497530417128989 0.0009496499419688816
0.0006578594023754431 0.0008252382426191336
0.0005815530855294224 0.0005726459021930482
0.0004336169873132708 0.000275595259311065
0.000292801436099704 2.16705391567753e-05
0.0002345321586088188 -0.0001790487989033979
0.0002516752066145239 -0.0003642739784059826
0.0002514277568479656 -0.0005188351428779709
0.0001430409748405751 -0.0005432445328482151
-6.612839594475462e-05 -0.000352199209190851
-0.0002652747707429684 2.68361134799654e-06
-0.000335088237775453 0.0003364826290533423
-0.0002490603281082692 0.0004728131114715706
-8.176367455884485e-05 0.0003788154724902825
7.582126457331747e-05 0.0001610797373468687
0.0001978406415852576 -4.871721779334627e-05
0.0003170663890175789 -0.0001799133465201492
0.0004481118008373086 -0.0002083491923225277
0.0005364816557590113 -0.0001102856640882724
0.0004980839788668494 0.000117937542006952
0.0003102084166137114 0.0003931819704672323
5.478603574104255e-05 0.0005474120072610105
-0.0001371257104050841 0.000449653141514476
-0.0001880264690043093 0.0001423384901045674
-0.000125025538789049 -0.0001643926453036723
-3.603759667733473e-05 -0.0002614199026110961
1.584973022759109e-05 -0.0001174151559614419
3.13954849002466e-05 0.0001067661583090905
3.80803400229092e-05 0.0002125274938228519
3.345238704304399e-05 0.000131000739682258
-1.575532972844492e-05 -4.514756431727916e-05
-0.0001133720237459341 -0.0001663734649085415
-0.0001885020406862732 -0.0001494958253776091
-0.0001386517944981116 -1.982233930937161e-05
6.072885170608822e-05 0.0001288635954992132
0.0002924497522924843 0.0001993361551872432
0.0003688631006363602 0.0001421813614481343
0.000196089005255852 -1.384376156255562e-05
-0.0001216717556825797 -0.0001647982269783817
-0.000353192797967779 -0.000190130995610745
-0.0003355115372925426 -5.052137945417352e-05
-0.0001111139576046499 0.000153894993374685
0.000126467852942994 0.000242269066920536
0.0002215415474969148 0.0001064063828682971
0.0001860321515373837 -0.00017314034362153
0.0001427191647616285 -0.0003721594955606934
0.0001570372716834065 -0.0003103408280343708
0.0001529906365112759 -1.743873163597433e-05
2.053988939186921e-05 -3.977218216027552e-05
8.360019472301707e-05 6.546097909066072e-05
2.797925379878771e-07 0.0001697388914364837
-0.0001927527776757837 0.000185470861150009
-0.0002934465777858463 7.76985508110157e-05
-0.000133539117415577 -8.179419213464592e-05
0.0002385680219342397 -0.0001599329157599346
0.0005695062722158965 -7.96123781347318e-05
0.00060020372884045 9.842849843390897e-05
0.000278510945816281 0.0002143426097836742
-0.0001920195411958485 0.0001450047718461516
-0.0005010817074262808 -8.032155222450105e-05
-0.0004577337773454314 -0.000290654462882328
-0.0001250143083160199 -0.0003086930217451738
0.0002302018337932234 -0.0001008964528821869
0.0003328010397219856 0.0001832570239192667
0.0001005508567735711 0.0003200854253228035
-0.0002944041364072181 0.000187747011050188
-0.0005508062304756491 -0.000126863529739164
-0.0004584815485401078 -0.0003785723063191662
-4.68338517056527e-05 -0.0003427957806203267
0.0004476473427361398 7.664126879360417e-06
0.0007563463082064317 0.000465830939561604
0.0007481062674050052 0.000730215821112021
0.0004715861665375799 0.0006184277126787694
7.528982233618954e-05 0.0001894937084251033
-0.0002931246512765202 -0.0003161890954740678
-0.0005275880815697505 -0.0006580081937665488
-0.000556942241385804 -0.0007421056765447895
-0.0003520626336144436 -0.0006284627091727548
3.708754004530466e-05 -0.0004302977655235745
0.0004673373963047722 -0.0002229709619625371
0.0007606957923124772 -3.475716046052487e-05
0.0008071823234690087 0.0001150281433404712
0.000625500960246076 0.0002057826985429918
0.0003288400048468759 0.0002464407104864271
3.374720806885959e-05 0.0002886306459356873
-0.0002029367359941457 0.0003814642096033898
-0.0003770074507116111 0.0005121712910136207
-0.0004938774235671363 0.0006114811091029348
-0.0005477140288729154 0.0006303336786584708
-0.0005372948137263677 0.0006006290063814011
-0.0004845580086260455 0.0006016543825908861
-0.0004249058148789768 0.0006655982589825892
-0.0003794614568319331 0.0007347478368110931
-0.0003424726955771364 0.0007252540748371151
-0.0002968622952132231 0.0006224092862515913
-0.0002383110591573407 0.0004912909686715784
-0.000183084534719607 0.0003902828172080657
-0.0001565772667183058 0.0002972548948138222
-0.0001767462320838245 0.0001442417371342218
-0.0002428498934752465 -8.034902734426598e-05
-0.000330620751724196 -0.0002918778840678674
-0.0003970410151354422 -0.0003875752509385096
-0.0004017593513242614 -0.0003503933518611081
-0.0003390764698085238 -0.0002517162892156265
-0.0002524047852240698 -0.0001524173500852702
-0.0002053194879956726 -3.222842650747405e-05
-0.0002226941970348108 0.0001560916204831359
-0.0002556309055186827 0.000373152685778064
-0.0002137224034287003 0.0004736160644271282
-4.553974808866636e-05 0.0003315019662874168
0.0002057764149640745 -1.668752058115325e-05
0.0004284300259611599 -0.0003737045320746187
0.000528644773118326 -0.0005364900332787049
0.0004971040379934593 -0.0004474921165333304
0.0003954707898791016 -0.0002003941728533882
0.0002853663351334916 7.358837493884504e-05
0.0001784872041161318 0.0002962057962304119
5.736950575473923e-05 0.0004309523074354923
-6.582045242425963e-05 0.0004371553001522483
-0.000129532764276728 0.0002907154492556933
-7.552446325991469e-05 5.668103989848068e-05
7.794238787365821e-05 -0.0001058415636175667
0.0002263994887377014 -6.610837241802598e-05
0.0002558958191708424 0.0001346710089626527
0.0001371461927073234 0.0002885786539646664
-5.448514890072171e-05 0.0002055231228904326
-0.0002099727440059244 -9.341694277565643e-05
-0.0002725264799444166 -0.0003760214579973486
-0.0002537126456084505 -0.0004062265365836196
-0.000180429489449358 -0.0001598936786521659
-5.378115806163715e-05 0.0001596107479641914
0.0001205708132127627 0.0003127195821355459
0.0002726512046513566 0.0002289364245593566
0.0002786113597873603 3.694593489012109e-05
7.069535233729266e-05 -8.323763680184748e-05
-0.0002548450714763305 -6.286693134669094e-05
-0.0004686542102838794 2.745024429828179e-05
-0.0003886086908597461 7.953875154365245e-05
-5.222075379736472e-05 5.395676932674867e-05
0.000297162406373929 -9.496871533743732e-06
0.0004169167208928558 -5.88729600398935e-05
0.0002737813769435272 -8.268652543629253e-05
5.236057278409488e-05 -9.509731711925887e-05
-4.124237379696606e-05 -9.08279900614917e-05
2.053988939186921e-05 -3.977218216027552e-05
-0.0001494408122720807 -2.649051730758836e-05
8.290392317876542e-05 -0.0001810500620897886
0.000198435555068075 -0.0001291670345093362
9.807693021877726e-05 5.973724345735439e-05
-9.880637037491952e-05 0.0001708136563148163
-0.0001708654080822177 7.551744674062242e-05
-2.410392594683458e-06 -0.0001291988401399978
0.0003056220117207693 -0.0002182144213334065
0.0005129819429649059 -7.335381727861889e-05
0.0004337331581253606 0.0001824108769114586
8.653764253684642e-05 0.0002900462432792227
-0.0003126526493818991 0.0001011573124478912
-0.0005048865890290131 -0.0002690556590699167
-0.000373287625397299 -0.000527860930173155
-2.51366468856177e-05 -0.0004520937457731836
0.0002869429930550472 -7.601473048092105e-05
0.0003462880336477631 0.0003379873279516525
0.0001224941657224568 0.0005092774415917719
-0.0002178821000626318 0.0003479483636128406
-0.000439183561727797 1.995559221448677e-06
-0.0003966950760149977 -0.0002724588381101754
-0.0001110490078028872 -0.0002984414259859444
0.0002747636109740946 -8.214538610197521e-05
0.00059222912557981 0.0002213768363007434
0.0007182274294127941 0.0004289011106371805
0.0005992431611327747 0.000437923512213489
0.0002595041620264973 0.0002591350211446567
-0.0001905530587944978 -2.238610234371509e-05
-0.0005740442325004071 -0.0003069781413159324
-0.000722867926402488 -0.0005184024628574163
-0.0005746530017432131 -0.0006150940957306024
-0.0002113975025680491 -0.000592832759086064
0.0002020677883694206 -0.0004856542712138322
0.0005286662227182794 -0.0003512401649864987
0.0007220195203710874 -0.0002342369124662428
0.0008003926421402268 -0.0001336891265820778
0.0007837577599368689 -1.349644618394345e-05
0.0006716673261118915 0.0001437302394846176
0.000474477393490322 0.0002944083146030052
0.0002399591524869385 0.0003597175591227147
2.802130144468294e-05 0.0003048232577871349
-0.0001401356746445087 0.0001872120855716982
-0.0002927320554306931 0.0001102105240827388
-0.0004593511351163161 0.0001203922433017253
-0.000620385138758587 0.000159107298222732
-0.0007175639020072409 0.0001270268314367137
-0.0007169247312928327 -5.489350956322368e-06
-0.0006513511493413858 -0.000165314876945475
-0.0005923446866755589 -0.0002575462251721872
-0.0005828296880515083 -0.0002647423782888405
-0.0006054792859709957 -0.000247660788867478
-0.0006151985600067535 -0.0002503788583316413
-0.0005891877185526011 -0.0002304220256946698
-0.0005352347635276421 -0.0001051482947262583
-0.0004593772652541095 0.0001384036724481059
-0.0003471830438240157 0.0004053573151213671
-0.0001901787505706586 0.0005774786846045222
-2.114526048665735e-05 0.0006210903493924137
9.974999065147417e-05 0.0005898078913015375
0.0001468444068985397 0.0005252562174289921
0.0001679301783282794 0.0003897261277681608
0.0002412027264791143 0.000127384804107876
0.0003827526119705074 -0.0002154745060395314
0.0005052242169956555 -0.0004703482635909187
0.0004860773880556715 -0.0004791799928259215
0.0002877207654730601 -0.0002489668494112485
8.12963056342504e-06 4.214917644981889e-05
-0.0001946533290171014 0.0001999480625811544
-0.0002319291403806718 0.0001694786022075217
-0.0001408288575420364 4.078713521487856e-05
-2.037858572033249e-05 -7.037898008361425e-05
7.354384254437548e-05 -0.000116162077893396
0.0001591308834409513 -9.785126724322241e-05
0.0002621019884369938 -5.384625774882342e-06
0.0003424588375283976 0.0001707307351977721
0.0003119929701040086 0.00036352182140373
0.0001317965218950632 0.0004183445689697377
-0.0001201642896687706 0.0002187683745531696
-0.0002962127861893537 -0.0001600484799667351
-0.0003015145826515831 -0.0004597558358985337
-0.0001686852062982554 -0.0004489893123746831
-1.257835717255641e-05 -0.0001447509615876522
7.794653962327929e-05 0.0001899400976771912
9.446915072550066e-05 0.0002901314095947117
6.692202835069253e-05 0.0001364067621590379
-8.340282455420506e-07 -4.629517350454667e-05
-0.000124580566128141 -3.559287804207174e-05
-0.0002707946576755412 0.0001546217456368576
-0.0003296008693320797 0.0002964127306586841
-0.0001985087514471138 0.0001976505290139956
9.159024931982307e-05 -8.666454401896435e-05
0.0003546262003805351 -0.0003032496165300256
0.0003893610011642773 -0.000256534351249477
0.0001645377693514019 -5.027034605624575e-06
-0.000136220660599658 0.000201934765140223
-0.0002697127464937079 0.0001766026056383742
-0.0001494408122720807 -2.649051730758836e-05
-0.00029954878919679 -8.997218999773286e-06
3.558001841420302e-06 -0.0003273573112314618
0.0002618730968034214 -0.0003508909857622935
0.0003086925751138183 -9.109151473991165e-05
0.0001450981696594442 0.0001774473090198431
-6.775811202752526e-05 0.0001978028577721008
-0.0001392036123019402 -2.457174633423359e-05
4.226403249391107e-06 -0.0002457764881440161
0.0002648606734866105 -0.0002362221311374437
0.0004456421421489749 -5.435780802315974e-06
0.0003919698893431928 0.000214357807243815
0.0001049706214023526 0.0001957070747637002
-0.0002509611626685138 -7.111041508180831e-05
-0.0004538208548045132 -0.0003723462975111665
-0.0003733646733669314 -0.0004586762742417925
-6.097417808312156e-05 -0.0002453500493134
0.0002841737834202265 0.0001392984786505773
0.0004478831446874231 0.0004664217722976906
0.0003370839851526991 0.0005627455456902661
2.810487399022638e-05 0.0003951907179108975
-0.0002928390845510797 5.897688205087106e-05
-0.0004433714921308308 -0.0002862445011525375
-0.0003396692347526859 -0.0004868059731536337
-3.028525229674238e-05 -0.0004550836787037689
0.0003333481362326535 -0.0002086130708201566
0.0005714367093321536 0.0001340755398915228
0.0005656516740752477 0.0004132734016783646
0.0003211072222525751 0.0005154083445540279
-4.06994402526498e-05 0.0004294650623536383
-0.0003596119804312616 0.0002335047816821267
-0.0005299759696911895 2.796921845160502e-05
-0.0005377640863570856 -0.0001280918522082202
-0.0004227986402541335 -0.0002326486963964725
-0.000220009925334197 -0.0003083664513576518
5.356023972726768e-05 -0.0003600960760314589
0.0003628953177906275 -0.0003625471740883595
0.0006320341413855691 -0.0002895004807259508
0.0007810416709462 -0.0001579594566883378
0.0007904754816064067 -4.15069122197234e-05
0.0007155301082023115 -2.710577369048405e-05
0.0006239479139045696 -0.0001419492148408271
0.0005243455019966957 -0.0003178197103857268
0.0003704410384302298 -0.0004395358492194203
0.000140275046013331 -0.0004448009333034893
-0.0001038485730623215 -0.0003803629341617866
-0.0002540712357657946 -0.0003511304496195315
-0.0002602901173551128 -0.0004075883640826746
-0.0001831358948432165 -0.0004889555004784796
-0.0001326246506757597 -0.0004857029501721979
-0.0001569051865392454 -0.0003543029803593866
-0.0002026916729597051 -0.0001563628102221723
-0.0001867865702443802 1.982939747261028e-05
-9.179592240932059e-05 0.000159450411176191
2.371282810749814e-05 0.000321030304523938
0.0001046380374189507 0.0005360807085619261
0.0001654566342956468 0.000734326629599293
0.0002599772596105049 0.0007945990425732863
0.0003935973135292336 0.0006698567732271423
0.000492286482679395 0.0004408142212086894
0.0004769040958298476 0.0002346598020320923
0.0003602039890229705 0.0001063300333540769
0.0002457638451422144 2.161228697236609e-05
0.0002164217382563235 -4.963245971158928e-05
0.0002337801125852296 -6.291253094704163e-05
0.0001709820912799379 4.472891547451059e-05
-4.275496836883184e-05 0.0002357123632878963
-0.0003186252105686353 0.0003508866290891467
-0.0004663591222489395 0.0002427070351179906
-0.0003663401361538082 -6.924605956737105e-05
-8.404420901073378e-05 -0.000395025483591016
0.0001886816280600304 -0.0005357074223360833
0.0003034481249844421 -0.0004420342203181601
0.000265072487532503 -0.0002156418031963337
0.0001827958121731901 1.795183644325852e-05
0.0001347883875764381 0.0002038387097714298
9.966640754006035e-05 0.0003299107104344265
1.951193567794246e-05 0.0003569270317220709
-9.455467215133118e-05 0.0002340987294522338
-0.0001479988871408607 -5.513810506337865e-06
-6.352152653357416e-05 -0.0002106107392646722
0.0001161191802484625 -0.000227092408035078
0.0002443863612332451 -6.088876975788314e-05
0.0001991009758368291 0.0001062795635586646
-6.232718438162869e-06 9.850189094144838e-05
-0.0002379135215908532 -5.715757892379392e-05
-0.0003604987266275415 -0.0001449123520639997
-0.0003348662587970673 5.31865270027226e-06
-0.0002108678954984808 0.0003067170165343795
-5.144046804691356e-05 0.0004694019422946144
0.0001116720109471325 0.000287880825526744
0.0002503306592650966 -0.0001280486268608418
0.0003015536849028346 -0.0004294711851456716
0.0001959109121522181 -0.0003534871616078941
-5.800369414198367e-05 2.073445844673129e-05
-0.0003301873925458559 0.0003422658377308603
-0.0004402536988575061 0.0003197660059875298
-0.00029954878919679 -8.997218999773286e-06
-0.0003355175465020287 -9.90742215775126e-06
-0.0001024809949083642 -0.0002988498551938402
0.0001716373733282127 -0.0003624318846761511
0.0003451126217684713 -0.0001669795102580651
0.0003210019296262386 9.288127238350016e-05
0.0001234367259816053 0.0001840280198959404
-0.00010191187651149 4.288632434011125e-05
-0.0001771707857520978 -0.0001862635983011289
-2.022785613731731e-05 -0.0002985510930495851
0.0002786847586203637 -0.0002093376184670456
0.0005002317753046585 -7.532320451473701e-06
0.0004467971864672396 0.0001426111514062282
9.971426125866306e-05 0.0001405813699384684
-0.0003411010432770275 9.709404941835273e-06
-0.0005814433014500893 -0.0001442606621497447
-0.0004397858260291574 -0.0002122298245237259
1.686084512052072e-05 -0.0001361168888902655
0.000512368634415011 6.987967007506046e-05
0.0007461043931928143 0.0003156570066190845
0.0005855919993234525 0.0004581419825112283
0.0001349449483726423 0.0003722389166231294
-0.0003513356251950317 4.71552704813465e-05
-0.0006313797296728124 -0.0003706457938717126
-0.0006029227847926958 -0.0006501319751181026
-0.0003275134602457156 -0.0006276561131912373
3.798897698643717e-05 -0.0003173810758320672
0.0003406474611594732 0.0001128040369865603
0.0004964469982148993 0.0004719379201551274
0.0004934600848934244 0.0006639755542757961
0.0003548699766445767 0.0007028733904569843
0.0001095516873716845 0.0006436369891526688
-0.0002010602508189298 0.0005183172389266367
-0.0004994263624205481 0.0003345747065345873
-0.0006793766760135139 0.0001142641075261128
-0.0006630223563346531 -8.711547970977567e-05
-0.0004630030809090351 -0.0002059514072862835
-0.0001817307639725285 -0.000215467539807363
6.646771590291631e-05 -0.0001494498741379081
0.0002409362100547304 -8.603768034713306e-05
0.0003814918250607622 -0.0001005248107097814
0.000530480516204351 -0.0002134553933392251
0.0006598657030015533 -0.0003688835384432805
0.0006920562673850976 -0.0004687785623912139
0.0005966209604579755 -0.0004498804674644109
0.0004503752816281408 -0.0003408041051606358
0.0003801948854263927 -0.0002375435354173593
0.0004395870862642432 -0.0002087484170712325
0.0005532546512462593 -0.0002232281626039407
0.0005965728789518623 -0.0001823359635416858
0.0005278945289826094 -3.040613928057767e-05
0.000429491564570634 0.0001766774133922546
0.0004128016518648407 0.0003253443386173405
0.0004952393089324293 0.0003621486611854712
0.0005863003695633977 0.0003390427692033768
0.0005942871783761202 0.0003329974046686468
0.0005270194930604367 0.0003391701420065098
0.0004699011731336545 0.0002732197367416413
0.0004707371296825228 8.727350835212545e-05
0.0004719107149800355 -0.0001396464534251332
0.0003756243514300126 -0.0002539001611108118
0.0001692323584996885 -0.0001719375985421422
-3.918698524382874e-05 4.428285362619574e-05
-0.0001263374267134417 0.0002612182974183444
-8.711803602165014e-05 0.0004013794325376114
-4.21720800893309e-05 0.0004748146708930996
-0.0001017027393845797 0.0004959481950799555
-0.0002316474417406466 0.0004160038785268972
-0.0002750466265947281 0.0001772831581333352
-0.000117170852239359 -0.0001720828986862643
0.0001760171949634127 -0.0004608294604029217
0.000396140041550182 -0.0005272175762915548
0.0003765208746876487 -0.0003691022023161031
0.0001409625070447939 -0.0001429144316167182
-0.0001261951848233261 -8.103953432132766e-06
-0.0002497356718784866 1.354155787175957e-05
-0.0002001802766903629 1.803298783965436e-05
-7.406893309095624e-05 8.142844907959986e-05
3.548996114359477e-05 0.0001733245545936558
0.0001258466968941458 0.0002114264144471314
0.0002418440956788833 0.000170269926307852
0.0003691735017545622 0.0001021248363563096
0.0004017906136361938 5.366917255616757e-05
0.0002353419541927438 9.885164937877696e-07
-0.0001063625397974693 -0.0001009793147242992
-0.0004499462985560602 -0.0002163931950589008
-0.0005918251930750381 -0.0002214189247555468
-0.0004535287453501628 -3.410330564131785e-05
-0.0001344617628011896 0.000255205544677452
0.0001752218852385851 0.0004211542243434979
0.0003321176256791188 0.0003050776582913572
0.0003096291555347452 -1.436391345258364e-05
0.000165888376247814 -0.0002694504820422366
-2.829998312831239e-05 -0.0002437370417734569
-0.0002239530144314513 2.34581138222918e-05
-0.0003773256662302751 0.0002708269231017018
-0.0004308357710239763 0.0002587108068797199
-0.0003355175465020287 -9.90742215775126e-06
-0.0002058635800843439 -3.395510362411064e-05
-0.0001582632423701898 -0.0001297032436578664
-1.145538718564396e-05 -0.0001775435782994096
0.0001946516340381452 -0.0001441812889619566
0.000332128984520909 -5.612799702706991e-05
0.0002850271996079791 1.786202668080897e-05
6.543915777410451e-05 1.587813690601346e-05
-0.0001649529495571006 -7.221947455912924e-05
-0.0002080444939568227 -0.0001935311923956664
1.946939238747921e-06 -0.0002609550719881062
0.0003184198615554318 -0.000206361629210015
0.0004771882791371863 -3.041028955877162e-05
0.0003067217478669121 0.000180915505284209
-0.0001156132092029614 0.0002940647289461485
-0.0004999421229567786 0.00021331687799838
-0.0005553619500695687 -3.498768102870839e-05
-0.0002103191454154378 -0.0002913849969319553
0.0003330855509306293 -0.0003607220569918431
0.0007469986016479709 -0.0001633636685732933
0.0008021729340762189 0.0001825097942262443
0.0004971399813834323 0.0004340110285499809
1.723767059333435e-05 0.0004075626642964913
-0.0004115791669677621 0.0001209170582219701
-0.0006479232168923759 -0.0002301798068139116
-0.0006640096172234475 -0.0004338579783284218
-0.0004991040588762661 -0.0004117723419317009
-0.0002083627001693301 -0.000232764540334938
0.0001468809114351525 -1.015199576453414e-05
0.0004805193317687561 0.0001936928794096068
0.000680684056979263 0.0003696325343386111
0.000652678967058359 0.0005044493907773543
0.0003828072607233184 0.000555722427337523
-3.230974052796509e-05 0.0004921162273126029
-0.000428944090058885 0.0003425926799024671
-0.0006715234877735054 0.0001881360697239008
-0.0007286578477171057 0.0001014367363611164
-0.0006670454124933005 9.788230091075479e-05
-0.0005705986418530215 0.0001398916782720148
-0.0004627168753810565 0.0001755983531230507
-0.000307119193467776 0.0001704604917712893
-8.102053040537487e-05 0.0001189573573294803
0.0001654038628769189 4.76716383884714e-05
0.000337872296808857 8.26024724574129e-06
0.0003913128664149444 4.554448633726559e-05
0.0003838969835666401 0.0001529095855773487
0.0004220913795518309 0.0002638415598780701
0.0005466297407205104 0.0003077466332481946
0.0006827891615868381 0.0002825845451987773
0.00071588551029508 0.0002588828233125612
0.000615700318405381 0.0002965883161045543
0.0004741601213736601 0.0003635111327757216
0.0004114694269261771 0.0003568885593341588
0.0004507285180321936 0.0002146812207988478
0.0004977263419163984 -9.286950975495591e-06
0.0004470262315129163 -0.0001984681364729794
0.00029568047251149 -0.0002958937669910029
0.0001393432457159514 -0.0003492791716806615
5.970090767153931e-05 -0.00042338742076558
3.467856069314728e-05 -0.0004890668463010645
-2.535355410303788e-05 -0.000433880170508899
-0.0001584321040777032 -0.0001941937388019596
-0.0002889545309303515 0.0001442255441579302
-0.0002992349235106236 0.0004018146656879569
-0.0001585148049139777 0.0004620519410924304
3.540579816321502e-05 0.0003588936321849849
0.0001524119469578068 0.0002100935242288852
0.0001613333193940761 9.072868945985415e-05
0.0001518382677439418 -4.451631660319591e-06
0.0002206414136311069 -8.909441766312286e-05
0.0003453652732837252 -0.0001238732143742708
0.00038737710207487 -6.126194896593275e-05
0.0002299753917155986 6.138740656776021e-05
-8.679480148159532e-05 0.0001183739636616995
-0.0003753671092884484 1.67201254177967e-05
-0.0004512662958239771 -0.0001857718700862288
-0.0002823443244022751 -0.0003105704810391779
1.070186706702819e-06 -0.0002227568826729074
0.0002325811145888244 3.685203624804096e-05
0.0003409382386801139 0.0002873170247448294
0.0003642871689047801 0.0003687953416981483
0.0003558266558437009 0.0002644758036560633
0.0002996519609257318 7.80571223147758e-05
0.0001339200589140133 -8.011602961694636e-05
-0.0001462115880772429 -0.0001692051866354316
-0.0004263200948589143 -0.0001996020300228192
-0.0005346097088675265 -0.00017794794917893
-0.0003832205042191952 -9.575779887417971e-05
-5.699737012435182e-05 3.408000507607592e-05
0.0002393105898678913 0.0001557818238911455
0.0003338708765485499 0.0002052128079345197
0.0002083941096236709 0.0001673806505112757
-1.201120400454902e-05 9.160971457662526e-05
-0.0001779410295135688 4.471498573426354e-05
-0.0002305124113049246 4.928489121895593e-05
-0.0002160465065197745 6.792674477556429e-05
-0.0002050873745603569 4.556595240921007e-05
-0.0002058635800843439 -3.395510362411064e-05
3.679110079509299e-05 -7.46551865488204e-05
-0.0001145240065334626 5.933282762643354e-05
-0.0001727785342017415 6.274670963177948e-05
-5.429535863226582e-05 -7.009481745601543e-05
0.0001618605170764204 -0.0002021204393117947
0.0002940676131806233 -0.0001967336590727774
0.0002167470200430898 -5.757145287053147e-05
-2.113864148718868e-05 7.360676190269581e-05
-0.0002274592263370026 5.763379062101472e-05
-0.0002284827930621196 -0.0001007359124096924
-2.22272977291284e-05 -0.0002477515066450391
0.0002140283672898356 -0.0002191987817204559
0.0002737031907983196 2.756338566536802e-06
9.891879475415057e-05 0.0002567624911908852
-0.0001693976930243719 0.0003276957195065328
-0.0003106269419709821 0.0001276798083037636
-0.0002040820468567117 -0.0002198971207969399
8.593781128777334e-05 -0.0004675733818946986
0.0003794048850695233 -0.0004334289098037263
0.0005244138157925318 -0.000136983279628634
0.000485156911194753 0.0002283233739845133
0.0003179627302429411 0.0004530167677813906
9.129482875009223e-05 0.0004568572557557385
-0.000157768427112178 0.0003042537039722323
-0.0003998411437276752 0.0001052118357627667
-0.000573172639616024 -8.007601832536122e-05
-0.000592035003668476 -0.0002442396582964113
-0.0004085517896555996 -0.0003724022793809325
-6.966546000015871e-05 -0.0004151207874770433
0.0002903891946118516 -0.0003353017434949422
0.000524327840021208 -0.0001666357881133745
0.0005571402513798112 -8.840220340226066e-07
0.0004193554683134249 9.174038786139976e-05
0.0002087226422320258 0.0001208143069109913
1.56174730462165e-05 0.0001483884030706809
-0.0001289728414505368 0.000213124442582917
-0.0002470135847858214 0.0002951521768986065
-0.0003630396224850746 0.0003533816239195425
-0.0004616993793845633 0.0003779130115652744
-0.0004961170198315391 0.0003919392529935632
-0.0004388986079583921 0.0004121393542539891
-0.0003210657359530194 0.0004293951249011765
-0.0002121579000487779 0.0004344601291690189
-0.000155990503753079 0.0004436684776295258
-0.0001293116576319442 0.0004787709355345445
-7.282172458730623e-05 0.0005252453811574661
3.352504729258872e-05 0.0005337348044937478
0.0001337434019055404 0.0004752946322850609
0.0001453731070568574 0.0003811884392930393
4.867894490560782e-05 0.0003064872496419164
-8.186375537821001e-05 0.0002549007374092775
-0.0001452255866346038 0.0001637100463605658
-0.0001144710468213577 -1.881643627163255e-05
-6.345397921586638e-05 -0.0002514857936459543
-8.839843325300233e-05 -0.0004202129888679504
-0.0002060510500354224 -0.0004476647888921344
-0.0003360734454859631 -0.0003664121097497997
-0.0003845247574982184 -0.0002679431838274125
-0.0003368669193918908 -0.0001908836242745754
-0.000261498932747057 -8.892815194120196e-05
-0.0002247974615798516 7.913110101066164e-05
-0.0002145653458068896 0.0002514729464543866
-0.00015630183187421 0.0002910919108405278
-2.69010488734059e-06 0.0001248809020289364
0.0002029548337656099 -0.0001595567267174459
0.000358403878630175 -0.0003732849666754497
0.0003948987079661662 -0.0003828987037454886
0.0003324496197433917 -0.0002040267368404673
0.0002434973908464688 4.732051077510314e-05
0.0001700163402715413 0.0002659061157731364
8.706889806944817e-05 0.0004050598724274162
-4.764583282371679e-05 0.000440328609567862
-0.0002147324601865506 0.0003385782131615065
-0.0003169116423608756 9.872506372288724e-05
-0.0002550262495482839 -0.0001873585585566119
-2.776316721325271e-05 -0.0003572482724485041
0.0002451098026353873 -0.0002987235932627257
0.0004069874014023028 -5.834991011662811e-05
0.0003837705648287975 0.0001815395844174544
0.0002307051288313374 0.0002500743869185471
6.795051824615668e-05 0.000125689995698768
-2.819885576126277e-05 -6.074750108920424e-05
-7.333588963836364e-05 -0.0001530225687074036
-0.0001235705017658603 -0.0001049060467870552
-0.0001889910002558636 -4.973140631270494e-06
-0.0002101365989774569 2.066427020889339e-05
-0.0001258610581403016 -6.67168713309501e-05
4.013667003115853e-05 -0.000177518671913172
0.0001730096388629792 -0.0001726835809327727
0.0001606287580585807 4.718659040793544e-06
2.129771627741232e-06 0.0002608252097528229
-0.0001778971043281126 0.0004136262001871557
-0.0002326110988868185 0.0003431567956527163
-0.0001230021686424969 0.0001001433695970757
4.597914764385423e-05 -0.0001306585894532503
0.0001200007884324723 -0.0001884972483153687
3.679110079509299e-05 -7.46551865488204e-05
0.000258666945730264 -0.0001122598390807749
1.858282262776646e-05 0.000153207314857495
-0.000203736137317611 0.0002051862617528147
-0.0002494801641475215 -4.060829571238457e-06
-0.0001007462002847141 -0.0002596475347604699
0.000107249372145117 -0.0003022208907169351
0.0001977444731765647 -7.880316668963596e-05
9.515731727287225e-05 0.0002136581009210262
-0.0001185958372330182 0.0003191757377384538
-0.0002769565954237544 0.0001543045594680525
-0.0002640858530133959 -0.000131957652764154
-9.769583593307422e-05 -0.0003047576890417311
0.0001022332036773977 -0.0002457920774837339
0.0002175751557449103 -3.41765772326809e-05
0.0002119688204731155 0.0001427827101226739
0.0001280635813861632 0.0001505808453908821
2.942289263337883e-05 1.635727849468341e-06
-4.277599245310238e-05 -0.0001783742567569573
-6.552208416212029e-05 -0.0002616946620392598
-1.476105153247853e-05 -0.0002059178757611946
0.0001221665701998064 -5.590283458087891e-05
0.0003068585780280704 0.0001173497430626575
0.0004377622460153303 0.0002682631158777746
0.0004036591855355509 0.0003732393069428681
0.0001699311743994574 0.0003978623828575251
-0.0001802630886459915 0.0002956205907321088
-0.0004928900963271865 5.630091563593371e-05
-0.0006403100530194489 -0.0002499386219199307
-0.0005885215921125757 -0.0004983115973769206
-0.000389555536543539 -0.0005972433534894718
-0.0001245987390478971 -0.0005537065531089908
0.0001439807175403439 -0.0004470671766612786
0.0003811241707472561 -0.0003413576585328742
0.0005632210637139921 -0.0002342320303376139
0.0006676685015076505 -9.447233379810417e-05
0.0006779170738256174 6.790038774557295e-05
0.0005931622317260112 0.0001926631995846367
0.0004317390892539257 0.0002354856508865748
0.000227739079938994 0.0002247767871106196
2.328812093195285e-05 0.0002330973325555536
-0.0001442539933011435 0.0002934397614283066
-0.0002572794634172841 0.0003618409224609967
-0.0003233688685846696 0.0003722768082564461
-0.0003623313749570824 0.0003160510873626848
-0.0003850472469501652 0.0002489608674212967
-0.0003874680257000345 0.0002212601494166281
-0.0003682678241995875 0.0002206908265826954
-0.0003480534096170498 0.0001975442302459882
-0.0003602650535738757 0.0001333943873755804
-0.0004154637440488278 6.187592047248428e-05
-0.0004783055200609563 1.794731353738952e-05
-0.0004916750840530902 -1.067971643074128e-05
-0.0004323367977131188 -5.965342869295108e-05
-0.0003410089417025415 -0.0001215744631904411
-0.0002886950303409641 -0.0001305213598426303
-0.0003067341645830126 -2.983736077144787e-05
-0.0003507203934764505 0.0001544664674320791
-0.0003385974747647296 0.0003272262376960438
-0.0002286229019581847 0.0004125119498958411
-6.102513521911171e-05 0.000411689727995868
7.761570991291972e-05 0.0003645632370398519
0.0001318819473190793 0.0002711048279498373
0.0001215738355653092 8.358875712751772e-05
0.0001119791311808254 -0.0002101345158707697
0.0001427525456260487 -0.0005135184055908204
0.0001860280848966462 -0.0006615414178715421
0.0001733384964439951 -0.0005513544150662109
6.391728307164439e-05 -0.0002340725523284299
-0.0001108457449650374 0.0001241634796845985
-0.0002668552080599327 0.0003683097551961648
-0.0003297247308766034 0.0004451456504979117
-0.0002818310258936773 0.000392068010115454
-0.0001562295343264589 0.0002695232136955638
5.036023243636665e-06 0.0001214135288116042
0.000177927261506101 -1.384476366116899e-05
0.0003418121056475485 -8.988439873095008e-05
0.0004500150350748061 -7.820163126008861e-05
0.0004356073739646579 -8.979735358829703e-06
0.0002651938747090815 3.324350399229657e-05
-7.580452030850111e-06 -2.26545716229429e-05
-0.000252561033474652 -0.0001587898524952496
-0.0003457503018896231 -0.0002637577650714967
-0.000257907784185354 -0.0002207269170154726
-6.942424871959904e-05 -2.148003731208959e-05
0.0001010022100942669 0.0001983097693121242
0.0001849401853617336 0.0002532593987246786
0.0001899388950837719 7.057477521537935e-05
0.0001523520569195479 -0.0002189864688325244
8.260448404191991e-05 -0.0003632485427842475
-3.196433860907418e-05 -0.0002001608941970936
-0.0001748043109350701 0.0001798330586825486
-0.0002700036448740253 0.0004841358638665947
-0.0002272574126289157 0.0004625088152007455
-3.146465121760616e-05 0.0001339864284688165
0.0002129907304132158 -0.0002220569663210254
0.0003420954050912756 -0.0003165094343061355
0.000258666945730264 -0.0001122598390807749
0.000337687519891666 -0.0001095813301679393
0.0001768191900192175 0.0001306328550843822
-6.985972036104182e-05 0.0001977326465512329
-0.0002625030633758448 3.3415011119715e-05
-0.0002999260719711222 -0.0001803726467444293
-0.0001883968316809691 -0.0002103629262080523
-3.236667125139994e-05 -6.596235212816696e-07
4.520443554375506e-05 0.0002816391319565186
-7.796846021963836e-06 0.0004085777510411269
-0.0001389976564909941 0.0002874915176465738
-0.0002336976835882402 1.347311099777171e-05
-0.0001965777855822135 -0.0002367495249748911
-1.430014689771727e-05 -0.0003428370994551984
0.0002366479827320836 -0.0002931339663949009
0.0004319932723505903 -0.0001456493595357015
0.0004631828041521859 2.926970289765474e-05
0.0002942382684382208 0.0001712831603492884
-9.684531100495358e-06 0.0002283350850164869
-0.0003007094386999434 0.0001671080181583187
-0.0004192270341923878 1.483616595117899e-06
-0.0002886068055991971 -0.0001924471367872545
2.822389650971062e-05 -0.0003048586484553378
0.0003608107246321891 -0.0002570447223877053
0.0005377026347128284 -5.928576601408081e-05
0.0004883087286675735 0.0001850987024068849
0.000263056859642436 0.0003412658116007302
-3.069124565887833e-05 0.0003305025127215045
-0.000305737527378797 0.000177622029296529
-0.0005165670024120739 -2.048813346651346e-05
-0.0006286690872639272 -0.0001760008077832658
-0.0005967458645418783 -0.0002658647714068303
-0.0003919933482610033 -0.0003148621997392829
-4.85202686137235e-05 -0.0003375317064192682
0.0003333572651244759 -0.0003140770380484977
0.0006436687463792473 -0.0002298106597519579
0.000827087066451054 -0.000123336319500081
0.0008934191022087803 -6.999074877939037e-05
0.0008736134209318948 -0.0001051259222681289
0.0007788843898816244 -0.0001756055255755699
0.0006084074146419957 -0.0001882111997568075
0.0003866568654510081 -0.000112301514469928
0.0001744402793096448 -2.150217281323369e-05
3.148882180954763e-05 -2.002877409639036e-05
-3.03632705725725e-05 -0.0001302189913750424
-5.069411544685313e-05 -0.0002656831477494115
-7.703711563093919e-05 -0.0003194215785667262
-0.0001224824081707063 -0.0002677735248704723
-0.0001663977900917939 -0.0001785018556987189
-0.0001877542680186868 -0.0001251795812402876
-0.000186440027332864 -0.0001124233834532186
-0.0001705923990472041 -9.050044395767279e-05
-0.0001347304842936414 -2.544975651393208e-05
-6.431842723323786e-05 6.721857276391303e-05
3.54652886717049e-05 0.0001579150926905737
0.000126503794459042 0.0002485987012371764
0.0001671146493657508 0.0003631403286314718
0.0001591606621201448 0.0004964125286287961
0.0001579551745434535 0.000593550183924631
0.000222195278388061 0.0005924406412077533
0.0003464174081863372 0.0004810678766170066
0.0004464749220371358 0.0003028974018640721
0.0004233694426723554 0.0001096073997212254
0.0002525549282132071 -7.595296033173718e-05
1.342543563037253e-05 -0.0002433948496009458
-0.0001750013650205279 -0.0003566729295345334
-0.0002561379318273934 -0.0003579295216340674
-0.0002786366842107332 -0.0002241162953671407
-0.0003360467597210515 -1.478043342559932e-05
-0.0004596825860668235 0.000152397699001238
-0.0005707306362675093 0.0001876118007480696
-0.0005435855741152663 9.890668649119835e-05
-0.0003237414816087382 -1.842825040688202e-05
1.227162686305262e-05 -6.147701475902501e-05
0.0003122453905092084 2.915892615167199e-06
0.0004640892705200447 0.0001237959551247927
0.0004619690628057922 0.0002150412331308813
0.0003700437128461497 0.0002181863046948789
0.0002383570524548867 0.000130279618827175
6.796234217977155e-05 -1.193465388111381e-05
-0.0001428275634652725 -0.0001619942052190263
-0.0003367936518451829 -0.0002760739162436507
-0.0004067541904162914 -0.0003083007661721086
-0.0002814323761405281 -0.0002194237136230413
-4.025957537216041e-06 -1.658254579375019e-05
0.0002814120524171152 0.0002089061769412553
0.0004301182493839526 0.0003088081522654917
0.0003931168910601738 0.0001866243949052766
0.0002287717975788478 -9.335379071244407e-05
3.504205919043711e-05 -0.0003184793378458545
-0.000121676870957 -0.0002915928372318414
-0.0002198617328220704 -1.682000212732741e-05
-0.000249518034976247 0.0002792713721877167
-0.000190318961922102 0.0003402452928669785
-3.470961047451038e-05 0.0001184235057845936
0.0001718283417964351 -0.0001758902900653571
0.0003288423950498638 -0.0002746932668054709
0.000337687519891666 -0.0001095813301679393
0.0002479212013674976 -3.364517402371848e-05
0.0002750365828192035 6.675690153968994e-05
0.0001533717256075699 0.0001072122360589765
-7.969445101944111e-05 5.928549740592128e-05
-0.0003089365123628136 1.527982469227726e-06
-0.0004132394743317677 2.427375981722077e-05
-0.000347808445999843 0.0001276221429925713
-0.0001740679374945612 0.0002256674232701812
-1.218374289137008e-05 0.0002393079476867776
4.913999901547831e-05 0.0001643489906014449
1.670920770732595e-05 4.819050096920382e-05
-1.848250469930855e-05 -7.413473314774795e-05
4.082530119436388e-05 -0.0001948269129950381
0.0002130285917737107 -0.0002889619619585811
0.0004103319382553761 -0.0002886229607840333
0.0004926240915669807 -0.0001342660319813476
0.0003673491527733964 0.0001401969803665372
6.448873737420469e-05 0.000389603385002467
-0.0002711780533679036 0.0004474459730808395
-0.0004708074806343269 0.0002521644501573171
-0.0004510584961894552 -0.000101344021328791
-0.000258950667781819 -0.0004262732934142747
-1.859007023527292e-05 -0.0005650401872196261
0.0001697820694521976 -0.0004730844579495139
0.0002865419110921227 -0.0002189917568366029
0.000359761303084282 7.662161615636548e-05
0.0003904358269079147 0.0003099773315248864
0.0003276085180575158 0.0004311189173870111
0.0001283397784982784 0.0004410276334785109
-0.0001627361072013718 0.0003664276136885544
-0.0004114937491589736 0.0002385062320542529
-0.0004887816754654021 8.970300856730083e-05
-0.0003729958732004679 -4.186549894924115e-05
-0.0001571423474607354 -0.0001226546552547341
4.499485012744555e-05 -0.0001507540235442381
0.0001935935476563033 -0.0001686731366443108
0.0003231615418750855 -0.0002309559393681899
0.0004620139569862153 -0.0003443528822038507
0.0005733375764738278 -0.0004443411470272575
0.0005893965177455421 -0.0004492713252441672
0.0004977618158684554 -0.0003497353834149502
0.0003752834261829245 -0.0002371534813540549
0.0003241309176423603 -0.0002264880503725327
0.0003759421708378356 -0.0003415661127874404
0.0004668636858839385 -0.0004822823236267135
0.0005080463042779503 -0.0005144695730081838
0.0004735983915005612 -0.0003942544208750998
0.0004151190624772014 -0.0002013566854076237
0.0003973512627427501 -5.303877121985471e-05
0.0004328222274749429 5.514555122438129e-06
0.0004839199674627249 2.323273880523251e-05
0.0005178546506793409 6.935828095295488e-05
0.0005427391635960724 0.0001555182794857623
0.0005838659197966148 0.0002347917497660925
0.0006357936948575986 0.0002629724369832102
0.0006556681574882677 0.0002427118516800453
0.0006118469669229829 0.0002050683221664802
0.0005306355480161618 0.0001626600211115419
0.0004780877886331361 9.6768357797789e-05
0.0004850749867832896 -7.946083489718404e-06
0.0004949409483187554 -0.0001267478343433016
0.0004012614739492582 -0.000201950087680348
0.0001523116962444627 -0.0001874911013656823
-0.0001790297518874501 -8.494652821417997e-05
-0.0004391546841660984 6.068158810677382e-05
-0.0005211674286289531 0.000192917900890914
-0.0004561471679220469 0.0002693039590434673
-0.000375163102740176 0.000265141746964169
-0.0003742786871597427 0.0001702811528975807
-0.0004158557860478394 -1.953994076692886e-06
-0.0003691409585875456 -0.0001989375069191646
-0.0001543451836292173 -0.0003333207700905247
0.0001544669383218465 -0.0003254826302660132
0.0003764286407521593 -0.0001630630622363141
0.0003802139197388321 7.316565521550206e-05
0.0001976258369001924 0.0002525560514497154
-1.512226379552878e-05 0.00028449355330375
-0.0001246270487712637 0.0001823597165561701
-0.0001267648550625351 4.255752648347149e-05
-0.0001130195879569962 -4.398308052639125e-05
-0.0001458261440528874 -6.286314730772884e-05
-0.0001816590466163642 -6.165073355643462e-05
-0.0001214055078100271 -7.355548753069483e-05
7.082625009311934e-05 -7.241840596784897e-05
0.0003088872066432559 -1.518366304371792e-05
0.0004475741679564898 7.989042240586058e-05
0.0004039328868011567 0.0001237143965840829
0.0002202379373399321 4.523253495497344e-05
1.695916564828185e-05 -0.0001151072138675533
-0.0001090536319865809 -0.0002239344309989663
-0.0001446630589774183 -0.000183145031297223
-0.0001360606796683697 -3.404768134994696e-05
-0.0001208568197701673 8.165139783657e-05
-8.941252347419672e-05 6.793609029016729e-05
-8.435703680175232e-06 -3.035500345139461e-05
0.0001236413752760909 -8.624016278240397e-05
0.0002479212013674976 -3.364517402371848e-05
6.98306775676374e-05 0.0001010376572890143
0.0002517922842473718 4.804524328146349e-05
0.0003136813455650015 3.677330670306471e-05
0.0001724968856704007 8.84031982349498e-05
-0.000123639487382817 0.0001806335133324749
-0.0004142954268625776 0.0002458102820987426
-0.0005314382504792487 0.0002121254607124067
-0.0004137800357252209 7.397291293065244e-05
-0.0001436733669411663 -7.972486898772928e-05
0.0001201978644518369 -0.0001320848822338064
0.0002584181282109137 -5.23448235866915e-05
0.0002633073992025823 6.137017517089502e-05
0.0002171429806824882 7.168200708374601e-05
0.0002044434419699298 -5.591743762385557e-05
0.00023726880906725 -0.0002063132468021811
0.00025441126052913 -0.0002196866852858265
0.000187839001645687 -4.640923273212786e-05
3.192277670157532e-05 0.0002018811913851497
-0.0001482044586374564 0.0003497965080105307
-0.0002746745327714179 0.0003015141700654223
-0.00032319338023108 9.734059725965552e-05
-0.0003303918586616813 -0.0001450331163554984
-0.0003335599624204999 -0.0003227558639207618
-0.0003072778389676982 -0.0003882767811830593
-0.0001732978288200053 -0.000334037733093966
0.0001114586630815551 -0.0001740033492513538
0.0004729837113538682 4.98711216669987e-05
0.0007389235582230319 0.0002623788859861345
0.0007602854407066107 0.000383534967251337
0.0005303226497194161 0.0003777654825108006
0.0001866978431646729 0.0002772040806768336
-0.000106711016408596 0.0001542095892986158
-0.0002831630992551328 6.73943230940433e-05
-0.0003853223572652076 2.621529341407778e-05
-0.0004702499256439222 -3.518728199116128e-06
-0.0005228301848275519 -6.470968996004902e-05
-0.000475207447994041 -0.0001707211747560416
-0.0003037865065266047 -0.0002870047147986869
-8.441522019582479e-05 -0.0003474084179871859
6.64721559269942e-05 -0.0003029530044044954
0.0001055838429276621 -0.000171842994625672
0.0001061497938893222 -4.241766798753011e-05
0.0001803198470760023 -9.381063221466305e-06
0.0003616304534843681 -8.848241580017859e-05
0.0005709084202780773 -0.0001912921909487842
0.0006974025251845297 -0.000196575376429404
0.0007052420018673627 -5.98864878683858e-05
0.0006555970256491102 0.0001433092469600063
0.0006317141325895334 0.0002854166744414256
0.0006555029638496984 0.0002992054026486148
0.0006822379184081854 0.0002245147468186844
0.0006663039812840757 0.000149146233868366
0.0006153852983778353 0.0001132360095033618
0.0005732811197790514 7.762942902382498e-05
0.0005587623715442718 -1.890561484042893e-05
0.0005375370827415568 -0.0001839400154398973
0.0004627462038949479 -0.0003594481139422721
0.0003370428146055973 -0.0004793186312911277
0.0002207567100339286 -0.0005268826159210406
0.0001693190378133328 -0.0005304533916602771
0.0001654471680634709 -0.0005096180364355628
0.0001258073659973658 -0.000440128642029734
-1.302860927238558e-05 -0.0002813750523479475
-0.0002132727098338259 -3.761787909587147e-05
-0.0003497989576693862 0.000216174366180448
-0.0003187462338821515 0.0003777128065332311
-0.0001396533372347226 0.0003917308287657729
5.400063921049441e-05 0.0002849637886116662
0.0001347055419134286 0.0001323489125467254
9.619577642626975e-05 -5.783613587179117e-06
4.706973888431359e-05 -0.0001120724420359939
8.621055319709153e-05 -0.0001878650143125765
0.0001873059793105582 -0.0002195360638818984
0.0002160807496407774 -0.0001848629994263222
6.948892285387936e-05 -9.24076666304686e-05
-0.0002031593951340678 3.731493177687278e-06
-0.0004248062961913374 4.880251986191668e-05
-0.0004431451712813791 5.00755404466078e-05
-0.0002633382060538757 7.744342474852853e-05
-3.326924192625709e-05 0.0001820616241442438
9.837467629790052e-05 0.0003144116319412069
0.000108360569103913 0.0003448823842751281
9.19104771256102e-05 0.0001885589723250327
0.0001440414840331286 -8.7624088329226e-05
0.0002571625902033198 -0.0002989188273863147
0.0003337815841478293 -0.0003023221338467762
0.0002904227230198537 -0.0001288156634179747
0.0001424952030567907 4.624442786247134e-05
-1.054125266184584e-05 6.710528169515635e-05
-7.735796585641149e-05 -6.607878041759101e-05
-5.208943583288046e-05 -0.0002155908962428885
-7.812034161294794e-06 -0.0002452993469520892
-1.927040854002823e-05 -0.0001356164756907374
-8.885699368764511e-05 2.426103866057238e-05
-0.0001414427136320002 0.000131592881594153
-9.211930149386326e-05 0.0001475553151117348
6.98306775676374e-05 0.0001010376572890143
-7.296063670328113e-05 0.0002179009260600627
0.0001088407404406105 8.578160174485076e-05
0.0002815592130779973 2.998146729732092e-05
0.000304998638584292 0.0001071480336303435
0.0001225585144449632 0.0002511481598150458
-0.000183163565800801 0.0003177121816222768
-0.0004354794004140164 0.0002010631182022065
-0.0004814573524395325 -6.360716519061816e-05
-0.0002945461808636296 -0.0003065971257504716
1.458568956697604e-05 -0.000353105108849376
0.0002814058725661751 -0.0001732399540264326
0.000395086596725249 8.581542912292553e-05
0.0003503664086233702 0.0002237345833403742
0.0002187054165764321 0.0001555733520310655
7.987340794778131e-05 -3.143958534695604e-05
-2.448974243277755e-05 -0.0001762899116934156
-8.897367338219304e-05 -0.0001881446952219596
-0.0001179799905895648 -9.569309300930865e-05
-0.0001147456714971863 2.181096176817808e-05
-9.631979579757473e-05 0.0001207173162140283
-0.0001051603801494774 0.0002005157305219735
-0.0001842147488947197 0.0002503735726519598
-0.0003239947885407499 0.0002273496367230988
-0.0004350387738776488 0.0001065557875610822
-0.0003925534885408617 -6.231123733371215e-05
-0.0001350804040774499 -0.0001777286526191763
0.0002648966665424053 -0.00017946547314793
0.0006314914944578724 -0.0001106137137933402
0.0008032719429858199 -7.350467670306006e-05
0.0007397940234538627 -0.0001225733543803212
0.0005247455791024815 -0.0002089738226430503
0.0002721826670359468 -0.0002344521514649114
3.458398392062739e-05 -0.0001536187280200476
-0.000199540256521748 -1.764702787322023e-05
-0.0004332476959568178 7.801142581530365e-05
-0.00061046995474086 8.041687310705364e-05
-0.0006539415698687549 1.659555284213742e-05
-0.0005515324697614839 -4.005852143728775e-05
-0.0003884154797451481 -2.998940027344822e-05
-0.0002780220946203649 5.653563377855923e-05
-0.0002577053340554915 0.0001812128985841763
-0.0002584841117178298 0.0002834009670057183
-0.0001819787947791797 0.0003156371228655884
-4.773474129379457e-06 0.0002766750698827003
0.0001962868026907729 0.000220053008629537
0.0003186666950250882 0.0002189968433786559
0.0003269062555017223 0.0003036499230572832
0.0002709617784500939 0.0004249316825112716
0.0002221579115884257 0.0004879786325738854
0.0002023576364343133 0.0004327884184730195
0.000178140722264582 0.000285787945565759
0.000114615372081406 0.0001291842984790543
2.196945216180031e-05 1.869942081367588e-05
-5.56293331987855e-05 -6.451032987172594e-05
-9.09661078207565e-05 -0.0001784844644945178
-0.0001042281001854809 -0.0003429194167773734
-0.0001384752272688509 -0.000505838649118706
-0.0002073853620281433 -0.000590720831816952
-0.0002730884996142311 -0.0005712824528156084
-0.0002802672725809669 -0.0004921857617857905
-0.0002127532012694307 -0.0004159663775719886
-0.000112779783170807 -0.0003586129512803027
-3.907412036872866e-05 -0.0002863832119293615
-3.854267560372305e-06 -0.0001742271610288836
4.435920259490338e-05 -5.391273635119228e-05
0.0001672420334266541 9.693193277477561e-06
0.0003612718785014147 -7.404448907891178e-06
0.0005394007214875449 -4.857269158211385e-05
0.000597610244674718 -2.438496245243894e-05
0.0005070413009784692 9.405394128820521e-05
0.0003393486611043742 0.0002340816839415488
0.0001955647829268901 0.0002813092466832099
0.0001084380883301622 0.0001838169411821521
1.999058489393698e-05 -3.031290586252543e-06
-0.0001396566769987495 -0.0001712650808712154
-0.0003541325352278731 -0.0002497077016675641
-0.0005103641694804516 -0.0002343207805613365
-0.0004942126569807582 -0.00014380335382069
-0.0002993205191577015 2.372155168648122e-05
-3.999931604889597e-05 0.0002638739929616346
0.0001448134693492352 0.0005004780142981758
0.0002019374145716625 0.0005840087015164268
0.0001855081632665342 0.0003999287170012762
0.0001803126341589042 -1.193614079031721e-06
0.0002123156207768433 -0.0003963712470912195
0.0002336052745149192 -0.0005466682389089522
0.0001860517093286629 -0.0003904753443820818
7.129914117560225e-05 -9.36756716759356e-05
-4.288252792026521e-05 9.524096402297527e-05
-8.202948793158425e-05 5.348416320462385e-05
-3.150808580738176e-05 -0.0001305578960610428
4.959867806447116e-05 -0.0002578241755290945
7.763508039159076e-05 -0.0001980347835036622
1.531569382136061e-05 1.265465126365105e-05
-9.218195547286926e-05 0.0002223064139798984
-0.0001464094924759297 0.0002964746053405053
-7.296063670328113e-05 0.0002179009260600627
-9.706238648070909e-05 0.0002292633693907001
-7.740473974290439e-05 0.0001150238948819824
5.43079636515324e-05 5.078212290215675e-05
0.000205649729358316 9.107300186579306e-05
0.0002500335740569443 0.0001857416790980426
0.0001270180517633196 0.0002212419191363718
-0.0001022282397348604 0.0001193087365780078
-0.0002933564183722456 -8.715762885492321e-05
-0.0003220639539124887 -0.0002693180766497183
-0.0001703734431515881 -0.000303495210993381
6.765663055684696e-05 -0.0001736408625123356
0.0002563752619548806 1.74469012476419e-05
0.000305014449210849 0.0001384740745118833
0.0002098312723905616 0.0001343675846978188
3.616577355067792e-05 4.768634271816514e-05
-0.0001310481221201984 -4.933480768516351e-05
-0.0002297191831213115 -0.0001243327462053801
-0.0002380844700783089 -0.0001789550547673547
-0.0001727480931272729 -0.0001923208528982996
-7.800161303574466e-05 -0.0001065802411189336
-8.427805216893223e-06 0.0001062145565136216
-3.094923908635102e-06 0.0003704980323793129
-6.0059151640344e-05 0.0005316029914173013
-0.0001315298396759562 0.0004792696475495067
-0.0001525266421609232 0.0002487472301057878
-8.788049270925796e-05 -1.3208072352864e-05
4.008515114383709e-05 -0.0001876701391638867
0.0001696278531346637 -0.0002811468304999674
0.0002488530839098116 -0.0003799102744119683
0.0002704078532223679 -0.000519803769987777
0.0002600426414087581 -0.0006233259557610625
0.0002360684413635819 -0.0005763241870818616
0.000187948150291972 -0.000357531690514706
9.930878915598557e-05 -7.653248697240166e-05
-1.316874802106936e-05 0.000120269404993868
-9.648076270342872e-05 0.0001739370692305808
-0.0001070287828622895 0.0001430398620804576
-5.968628733328696e-05 0.0001247904076380659
-2.310535190565245e-05 0.0001624932930671631
-5.819608908678184e-05 0.0002284739214380766
-0.0001591672511178937 0.000276165358288389
-0.0002575733462217345 0.0002888613075802937
-0.000286173521557152 0.0002796917716787905
-0.0002391245503649138 0.0002646249995797717
-0.000171710841886383 0.0002509051563535118
-0.0001461739656334673 0.000245613099567136
-0.0001809244378706985 0.0002565516783139777
-0.0002485365537892416 0.0002754391789348117
-0.0003136978017843933 0.0002701183983408624
-0.0003663693865926419 0.0002096811463154966
-0.0004200247632897085 0.0001021327386717774
-0.0004854474932355416 -2.010539340974899e-06
-0.0005519371703013574 -5.356914928312141e-05
-0.0005939065224793884 -5.194159537348762e-05
-0.000593435437809041 -4.163684792531153e-05
-0.0005563296933218197 -5.919181360891269e-05
-0.0005074682370133291 -8.984173409239289e-05
-0.0004689582203618873 -8.483938453274379e-05
-0.0004383227205459996 -2.19769310219929e-05
-0.0003858273028032286 5.856177062067809e-05
-0.0002771510482435412 8.47952921475827e-05
-0.0001055304116917936 1.821342595139878e-05
9.569840850355985e-05 -0.0001154638571830577
0.0002756610798448707 -0.0002584888354676304
0.0004050557430099718 -0.0003735135295916919
0.0004925793759949964 -0.0004543679275434171
0.000559886134578698 -0.000488422238953921
0.0006019771611926069 -0.0004282007132160117
0.0005805003840296415 -0.00022494847987633
0.0004640732275851066 9.796450940507861e-05
0.0002747501950949322 0.0004148858587855297
8.611722068871233e-05 0.0005648452577906208
-3.286941313334614e-05 0.0004711127727680401
-7.400648204181889e-05 0.0002046604026886277
-8.809307651859559e-05 -7.174627969837476e-05
-0.00012730823581879 -0.0002274854560963616
-0.0001919476778227456 -0.0002402355823653982
-0.0002346563482856866 -0.0001641078467346608
-0.0002125495093166057 -4.522295253197858e-05
-0.0001295937894790572 0.0001114048815866632
-2.834393137767713e-05 0.0002919333362612171
5.261526840983819e-05 0.0004175610942788381
0.0001068430176112938 0.0003753085720628355
0.0001485413163229657 0.000127490414914623
0.0001820725393960259 -0.0002142285445858745
0.0001896738718976781 -0.0004480376888705053
0.0001495486227603686 -0.0004398435360405419
6.351012897040332e-05 -0.0002355284020807506
-3.351247388120646e-05 -1.779146097996295e-05
-9.081684295816744e-05 5.430913092331236e-05
-7.37268484895959e-05 -2.575974390617879e-05
1.039612276559093e-05 -0.0001274789322421547
0.000109172063834556 -0.0001159123403360658
0.0001530235601940798 2.788055965217072e-05
0.0001035907483893256 0.0002016941633748401
-9.12846436649999e-06 0.0002817388195022456
-9.706238648070909e-05 0.0002292633693907001
-7.980521948452795e-06 0.0001160797945221166
-0.0001937149875611161 7.349766788133641e-05
-0.0002228211550004885 4.348174539880956e-05
-6.460135375035309e-05 4.303405492864648e-05
0.0001700597973508455 5.680807457181903e-05
0.000311481096693555 5.670729128388682e-05
0.0002595994285335068 3.083241028132856e-05
5.400376252214874e-05 -6.094881804647884e-06
-0.0001647448241007211 -2.966934281576688e-05
-0.0002627064481426762 -3.277299177873739e-05
-0.0002015717185966883 -3.376155843745587e-05
-4.857606462933805e-05 -5.345430906021964e-05
8.550143096064866e-05 -8.286954908947846e-05
0.0001240105192740935 -8.180131666129958e-05
6.301786860272383e-05 -2.187209256056169e-05
-4.490455584218097e-05 6.59627628900614e-05
-0.000137067946912334 0.0001004693961103629
-0.0001786397516410346 2.635866689482862e-05
-0.0001692311606728819 -0.0001120942829413985
-0.0001235063196297142 -0.0001876187023148877
-5.016537273962652e-05 -0.0001009436196981955
4.967979700866327e-05 0.0001162665579319793
0.0001649239984414576 0.0003168811656279585
0.0002585726281074089 0.0003667343517247234
0.0002761183560206937 0.0002591016821726042
0.0001802372452889764 9.909716105867982e-05
-1.258428315881034e-05 -1.868526707741037e-05
-0.0002264519367885358 -0.0001004965705521875
-0.000364191897060999 -0.0002135184000560433
-0.0003663261843004033 -0.0003699371339630391
-0.0002468370317483059 -0.0004784768235152078
-7.634962517516429e-05 -0.0004285550325000808
7.430856919577114e-05 -0.0002161006159533321
0.0001827075683064693 3.279476368448265e-05
0.0002745258378862739 0.0001721398856891572
0.0003782632922219633 0.0001638389201637937
0.0004815188732390726 9.067882097453904e-05
0.0005334001066988519 5.190531043168634e-05
0.0004909461857001138 6.291055664593598e-05
0.0003624303546310645 6.247492386105054e-05
0.0002037707915970056 2.533936958291315e-06
7.272573977960161e-05 -9.095404805464736e-05
-1.248352253524858e-05 -0.0001505085646326615
-7.215288139719454e-05 -0.0001446634749863502
-0.0001309653999073523 -0.000107824900091702
-0.0001920385947220122 -9.534532081962391e-05
-0.0002437070093058642 -0.0001240487036846401
-0.000282314073031338 -0.0001653552344564377
-0.0003188220760174388 -0.0001877169065690258
-0.0003626293239291344 -0.0001893582416539922
-0.0004066218415457238 -0.0001844032194718955
-0.000433816335142865 -0.0001688492205035179
-0.0004353883755296134 -0.0001159778816044029
-0.0004150402360674964 -9.170209173631573e-06
-0.0003757045534048462 0.0001298018811651399
-0.000311606089185724 0.0002545682127183185
-0.0002219657872368524 0.0003361648503404181
-0.0001284398370548801 0.0003847156565165381
-6.463705470656989e-05 0.0004256578934213641
-3.858899753612725e-05 0.0004581958272947079
-1.112446279840993e-05 0.0004441945295787486
7.342441149398101e-05 0.0003416336716716595
0.0002258094066349343 0.0001481088979633149
0.0003853710522666909 -8.930198689935655e-05
0.0004653614583179471 -0.0003039575838119321
0.0004298195183760436 -0.0004456857810979533
0.0003227823190660178 -0.0004907138290228641
0.0002188867308831629 -0.0004300466789553393
0.0001495280660584577 -0.0002664410878573248
8.501865075754059e-05 -3.267946964018915e-05
-1.031307652751869e-05 0.0001952416511883451
-0.0001155460986750453 0.0003255065615874396
-0.0001575076116643094 0.0003128332836603664
-8.250376557661388e-05 0.0002003859709582756
7.860828729485294e-05 8.97032789414201e-05
0.0002210875549794032 5.406279357309961e-05
0.0002458262630206326 7.540162258701316e-05
0.0001353652282350915 7.166418810585278e-05
-3.786649317677814e-05 -7.827992166522727e-06
-0.0001704721798128607 -0.0001170568290735722
-0.0001994427898436008 -0.0001520484627832445
-0.0001323351704077492 -6.030738380257597e-05
-2.495746739197321e-05 9.197398782690369e-05
6.521387488526624e-05 0.0001704770000657073
0.000112526861697804 9.634541714065358e-05
0.000124200171939718 -7.919006506886102e-05
0.0001164503617356944 -0.0002225510806703487
9.166512810468707e-05 -0.0002380952215879566
4.041215164128223e-05 -0.000142771297960975
-3.243219504122272e-05 -3.084772768791241e-05
-8.720865109720513e-05 2.305368408838262e-05
-6.747135378166616e-05 2.226835036239151e-05
4.648494440627967e-05 2.082729897009735e-05
0.0001967869383384525 5.462184227878507e-05
0.0002719318227199474 0.0001067554352384108
0.0001929139835230072 0.000134063442819986
-7.980521948452795e-06 0.0001160797945221166
0.0001089900096845661 -4.623689691405178e-05
-0.000167444434819151 -2.855821470101442e-05
-0.0003540215389719323 -2.242378745342933e-06
-0.0003062483944695849 2.029499035755409e-06
-4.25709848409463e-05 -2.207276170888941e-05
0.0002680169042440471 -4.319638560518087e-05
0.0004294941348797125 -1.682514652768378e-05
0.0003531130893941201 6.848693510936808e-05
0.0001040580975145257 0.0001663765871522677
-0.0001609335145282559 0.0001983532458629017
-0.0003052269267265816 0.0001149484825748209
-0.0002895260566079358 -5.55321660410914e-05
-0.0001706240232462183 -0.0002125577132658335
-4.007248475450504e-05 -0.0002463512174357
4.143851952938475e-05 -0.0001181430902557563
6.729143098475674e-05 0.0001010960587809191
6.08759164731523e-05 0.000269930320593214
3.866081377271494e-05 0.0002743343214419376
1.656484085660222e-08 0.0001126231417615386
-4.909831728792549e-05 -0.0001037985418189064
-7.147805943214702e-05 -0.0002389380601590436
-1.275939032524309e-05 -0.0002347918336986607
0.0001445958465815351 -0.0001379619696925615
0.0003359098541794974 -3.393529835020373e-05
0.0004335125116186948 3.62238084039917e-05
0.0003341072781656536 9.090460007314126e-05
4.871594744104879e-05 0.0001514335252799647
-0.0002868658697674199 0.000193562964052106
-0.000501347714418836 0.0001724339441569059
-0.0005080262921985591 9.107067367540696e-05
-0.0003548804632946903 2.113353017326448e-05
-0.0001647255928133292 3.642851959092965e-05
-2.492997205592923e-05 0.0001275431811050652
7.078704042651555e-05 0.0001993431754698569
0.0001816260436990897 0.0001644465544579645
0.0003321406967197849 3.389719434878169e-05
0.0004727322780054669 -9.639214329890426e-05
0.0005275973940304963 -0.0001499735426139246
0.0004752544643461839 -0.0001491646895683828
0.0003734498851581567 -0.0001818271451992583
0.0003021320693319189 -0.0002951576693326128
0.0002870772272130938 -0.0004367713012560029
0.0002857113480229132 -0.0005077758043896664
0.000246213918618414 -0.0004669569441421279
0.0001705973759303524 -0.0003719006218156876
0.0001116605657530799 -0.0003168196755992714
0.0001112979713965515 -0.0003392029220731294
0.0001536525946019505 -0.000393554403072447
0.0001860678048768204 -0.0004099893627203197
0.0001801182736630059 -0.0003652711251512208
0.0001599855116790916 -0.0002914206287451427
0.0001678229462179529 -0.00022444466458707
0.0002122942430253339 -0.0001600742315802904
0.0002638563633604139 -6.673513520541231e-05
0.0002986662442677713 6.439866376444403e-05
0.0003301981035303511 0.0001941385994456281
0.0003837522848676196 0.000266490254387392
0.000445582438149 0.0002637552353043272
0.000458351922387545 0.0002258780405691493
0.0003821093861438245 0.0002119621227220077
0.0002540149532504837 0.0002425462263035289
0.000168128909790332 0.0002812895244393296
0.0001829777725952789 0.0002741336430479775
0.000253498772499905 0.0002052020655221644
0.0002678116420946242 0.0001122158163786043
0.0001580132719239373 4.683634438615587e-05
-2.972224356199157e-05 2.262549646256579e-05
-0.000180316196364698 5.188868830966001e-06
-0.000222039374563356 -4.667874124412936e-05
-0.000187040363205859 -0.000133759065831145
-0.0001597456991741849 -0.0002116659811788176
-0.0001743035163395399 -0.0002289198965201901
-0.0001742784401203814 -0.0001645220832615965
-7.751762774631074e-05 -3.157652189216348e-05
0.0001236180099811522 0.0001401149416971128
0.000332061209605098 0.0003083803224944325
0.0004183371822382233 0.0004077416779296063
0.0003271505628756864 0.0003610912966085574
0.0001215297333621916 0.0001370801726967565
-6.977092183598328e-05 -0.0001884382088467262
-0.000150378321368941 -0.000444253766656616
-0.0001174237688204106 -0.0004722302064675814
-4.334192287384838e-05 -0.000253815680146721
-3.597406169072523e-06 6.250701532412132e-05
-1.452990800746298e-05 0.0002699957080090904
-3.096336589428326e-05 0.0002593304707304196
-1.029553901892555e-06 8.746265138307471e-05
7.354226434613067e-05 -9.069502423773176e-05
0.0001301763672181865 -0.000153479077545414
0.0001039759066946502 -8.979443264537047e-05
8.348180929017849e-07 2.53465001242738e-05
-8.927861056450829e-05 0.0001087481259836153
-6.494933729979365e-05 0.0001238020600849142
8.567489300590565e-05 8.256622511172511e-05
0.0002520800961778311 1.963940233149221e-05
0.0002809533309960354 -3.047954342394555e-05
0.0001089900096845661 -4.623689691405178e-05
0.0001464213480825051 -0.0001505911732557064
-2.885543777396394e-05 -0.0001194427361577247
-0.0002434637265143649 -4.777423481371038e-05
-0.000331475486167899 6.458617576792153e-06
-0.000207343092326421 1.026430558454435e-05
6.927978994175353e-05 -1.422499575697863e-05
0.000335752338036232 -1.271105857356487e-05
0.0004377871219949298 4.418921906007973e-05
0.0003265252583410222 0.0001260955983424124
7.761420626914936e-05 0.0001658249908933885
-0.0001704827972021809 0.0001184552980219768
-0.0003071197355061939 1.968212838130675e-06
-0.0003048145112446247 -0.000113350800277481
-0.0002088365136744056 -0.0001528760296177273
-8.299844396356001e-05 -8.487079481642225e-05
3.606038068073368e-05 6.040612570314429e-05
0.000140130919243054 0.0002049952662420651
0.000218411138068678 0.0002627314647564948
0.000240048379807938 0.000187448331181136
0.0001792747007224219 4.177177668818103e-06
5.922268362532224e-05 -0.0002008851594472299
-4.155854726189102e-05 -0.0003308037849294797
-4.520185504947286e-05 -0.0003343053675326512
5.059288815591165e-05 -0.0002267020952099439
0.0001566263274940517 -6.551516514176419e-05
0.0001653561808567288 9.053048309813325e-05
5.303116044673103e-05 0.000205468178175022
-8.915222122947753e-05 0.0002674215389636816
-0.0001337803658758357 0.0002838212108430501
-3.625712412615857e-05 0.0002780549721041838
0.0001211129975795533 0.0002766727775676497
0.0002053547281466842 0.0002836618041342916
0.0001554876017107027 0.000266075192082876
3.110997847830629e-05 0.0001793056632698579
-5.740208423059091e-05 1.982418286323346e-05
-6.028521077648634e-05 -0.0001496292548354343
-2.532472439240084e-05 -0.000242431356921604
-2.76725689471117e-05 -0.0002275047372801743
-7.556179680466603e-05 -0.0001649857757047815
-9.792296842843941e-05 -0.0001526890982236138
-2.642484457205084e-05 -0.0002303437339013521
0.0001215543538836686 -0.0003384565422001853
0.0002535835157019637 -0.0003764056161069724
0.0002963858032870341 -0.0003020114128098771
0.0002703019839069721 -0.000171837229928781
0.0002630062380263462 -8.393553447610036e-05
0.0003334563441828751 -8.49680382338161e-05
0.0004524697764559566 -0.0001356357951544648
0.0005416391855766842 -0.0001626120615678301
0.0005609333892507768 -0.0001357975020806835
0.0005448848507640574 -9.028378097204442e-05
0.0005523720312823241 -7.729997524357319e-05
0.0005959990000649894 -0.0001040492133746899
0.0006353240201905282 -0.0001295290838946625
0.0006357328965856808 -0.0001187708192342248
0.0006137262944580888 -9.248150602469748e-05
0.0006085776462179697 -0.0001122930184260055
0.0006159444163990292 -0.0002108301965763908
0.0005727567680582782 -0.0003389235702427571
0.0004247313236322747 -0.0003915980590282971
0.0002039360576747324 -0.0002962838264047361
2.007598615478643e-05 -7.934698554802619e-05
-3.876057994377461e-05 0.0001565605268432404
5.863016266767096e-06 0.0003227690051111387
4.369498872388653e-05 0.000410082597096984
-1.158733845432136e-05 0.0004629286074087058
-0.0001353942770135261 0.0004956301793433529
-0.000221506680145346 0.0004511405614114899
-0.000194201323233631 0.0002584298151378874
-8.416799820962991e-05 -6.736355984807465e-05
7.729648542864696e-06 -0.0003941891717715404
1.475988746684071e-05 -0.0005570237017553798
-3.379651691199244e-05 -0.0004813236075427584
-5.163792527313593e-05 -0.0002293527528548924
1.274850942488107e-05 6.45869750674343e-05
0.0001268508949010551 0.0002919500508504259
0.000210496142750745 0.0004060635881684361
0.0002132750278266274 0.0003903964907925052
0.0001555363305949855 0.0002333036170563064
9.983069412766135e-05 -4.122844369549997e-05
8.743061641373965e-05 -0.0003308029770834008
0.0001010103272529432 -0.0004820956671780123
8.473559510397777e-05 -0.000397175828361682
1.558815549408024e-06 -0.0001248672565578819
-0.0001224507357110658 0.0001622489112996974
-0.0002065992861454416 0.0002970829463837867
-0.0001759140788145887 0.00023958190224286
-2.886610120958187e-05 8.615137791022512e-05
0.0001456814948978789 -2.729999632794456e-05
0.0002267704201170201 -3.129848171703974e-05
0.0001566500694496176 4.695664280677552e-05
-5.628469099069404e-06 0.0001296704394842992
-0.0001256727939269228 0.0001521553331254714
-0.0001041303863209124 9.661546973114459e-05
3.578258178648577e-05 -8.512056482625959e-06
0.0001627008619636881 -0.0001081850338518103
0.0001464213480825051 -0.0001505911732557064
4.971243020306503e-05 -0.0001493253198761467
0.0001032149718996909 -0.0001372496637379306
2.514405413489381e-05 -5.350782572703119e-05
-0.0001123361217978519 5.149198966198848e-05
-0.0001833377259062241 0.0001123299296679063
-0.0001058162140024313 9.816256838463992e-05
9.356641916314147e-05 2.940147519933193e-05
0.0002956106788691048 -4.738927158745128e-05
0.000372853511434165 -9.340713558972019e-05
0.0002778198256243682 -9.020386301229574e-05
6.927654502874033e-05 -3.636094426885269e-05
-0.0001390591679180922 5.065049144026579e-05
-0.000260219893871257 0.0001294571615319371
-0.0002778243574702944 0.0001504046961203462
-0.0002239602635409272 9.527102360925679e-05
-0.0001270318422028998 3.376275595527811e-06
9.795630182427116e-06 -5.524138822178984e-05
0.0001790865859526977 -4.455521122728256e-05
0.0003306821942382672 5.119849930835105e-07
0.0003819441372775616 1.041204819409595e-05
0.0002816692677247764 -4.207606198161109e-05
6.701911833452049e-05 -0.0001062561919689928
-0.0001507508886707872 -0.000101480562662895
-0.0002669178082771794 -1.797893359261728e-06
-0.0002552072542977794 0.000130475757736216
-0.0001628838773700619 0.0001979889911614067
-4.158496588370144e-05 0.0001559931938590022
0.0001056224116430572 5.01737079881734e-05
0.0003015159599223187 -2.73632287495038e-05
0.0005257582115916603 -1.882897263691129e-05
0.0006868332500076685 5.390154817419003e-05
0.0006807529113128702 0.0001124821623317089
0.0004843733097086886 8.791879337465897e-05
0.000185432951229984 -2.477571718834981e-05
-8.716856217460459e-05 -0.0001613039441233005
-0.0002646604450840843 -0.0002328898641556818
-0.000369953062098382 -0.0001890305490474147
-0.0004546035459007387 -5.425642851512345e-05
-0.0005188522024848948 8.905055672564477e-05
-0.0005072698605269205 0.0001617281644672775
-0.0003833821223402508 0.000146900372373608
-0.0001939992775347756 9.884364847454442e-05
-4.314404774025915e-05 9.331274213035582e-05
2.823042327006947e-06 0.0001618787166606569
-2.251980121364831e-05 0.0002676333441510059
-2.44995667149329e-05 0.0003418852443549112
5.379056812186671e-05 0.0003454751543281052
0.0001777299969815745 0.0002973662632420131
0.0002655684845554212 0.0002469176975035377
0.0002762926053589804 0.000221204178663806
0.0002439098166665589 0.0002012315756422139
0.000227924120089951 0.0001494437273082337
0.0002449803064502807 5.707967686687972e-05
0.0002609592989675079 -4.179203843586123e-05
0.000244777796567411 -0.0001081387262328934
0.0002109978468163797 -0.0001480754610771797
0.0001961460063098322 -0.0002151622678168068
0.0001995224274822579 -0.0003506354502570936
0.000167584895205016 -0.0005182606387723215
5.122887251700567e-05 -0.0006096046656017906
-0.0001250001113028099 -0.0005309527234728678
-0.000265374778602302 -0.0002936232321609715
-0.0002849497039877259 -1.32708508961758e-05
-0.0001888533643506271 0.0001891264755066312
-6.531272742410247e-05 0.0002864965799144858
8.327861883096108e-07 0.0003412627845058954
4.64393067896075e-06 0.0004042153588234187
1.207946994242611e-05 0.0004340081146549078
8.145594557059548e-05 0.0003365683363696118
0.0001995847390363274 8.793650516993032e-05
0.0002933962948165305 -0.0001995250887266031
0.0002968842978281058 -0.0003552185307638528
0.0002040136091913127 -0.00030211623619027
6.456886182916333e-05 -0.0001240770093396899
-5.884755397431407e-05 2.316240661185961e-05
-0.0001262832822359545 6.150310357656284e-05
-0.0001258121404608624 4.296109661485696e-05
-6.28266909575973e-05 5.970452407253684e-05
4.516895406150207e-05 0.0001233136535776587
0.0001662565105531314 0.000150629770491635
0.0002572070059588316 6.572207441995919e-05
0.0002781733973893547 -0.0001028379472532277
0.0002108040034340714 -0.000238202624606139
6.899599633983499e-05 -0.0002434734674333695
-0.000100983270609047 -0.0001249100362983474
-0.000231178396446871 2.806382973173974e-05
-0.0002566441642407386 0.0001299262541434726
-0.0001523847257349974 0.0001595381165253405
3.729844598876651e-05 0.0001488017532351605
0.0002079477012569013 0.0001346051621278865
0.0002534467401487622 0.0001298450850267761
0.0001409081660259201 0.0001272558293857817
-5.744294661670543e-05 0.0001125301945421656
-0.0002097879200823042 7.12374140235581e-05
-0.0002197042525160313 -2.35298577055164e-06
-9.754298333598861e-05 -9.040798199468741e-05
4.971243020306503e-05 -0.0001493253198761467
